PuzzleId,FEN,Moves,Rating,RatingDeviation,Popularity,NbPlays,Themes,GameUrl,OpeningTags,principal_variation,sparring_full_pv_probs,sparring_full_model_moves,sparring_wdl,branch_1,branch_2,branch_1_probs,branch_2_probs,full_model_moves,full_pv_probs,corrupted_fen
05FjS,8/r3k1p1/4p3/ppQb2N1/2pP2pP/2P5/PP1q1rP1/1K2R2R b - - 8 29,e7f6 e1e6 d5e6 g5e4,2349,81,91,3352,crushing middlegame sacrifice short,https://lichess.org/O5HI5aWc/black#57,,"['e1e6', 'd5e6', 'g5e4']","[0.01995059661567211, 0.7093202471733093, 0.4886840581893921]","['g5h7', 'd5e6', 'g5e4']","[0.006108925677835941, 0.9903343319892883, 0.0035567539744079113]","['e1e6', 'd5e6', 'g5e4']","['c5f8', 'f6g6', 'f8e8']","[0.5464942455291748, 0.9044261574745178, 0.8126875758171082]","[0.3530701994895935, 0.9885769486427307, 0.7359455823898315]","['e1e6', 'd5e6', 'g5e4']","[0.5464942455291748, 0.9044261574745178, 0.8126875758171082]",8/r5p1/4pk2/ppQb4/2pP2pP/2P5/PP1q1rP1/1K2R1NR w - - 9 30
08BnT,r1bqr3/2p2k1p/ppP1p3/4Qp2/1P1P4/P6P/6P1/R4RK1 b - - 3 25,d8d5 f1f5 e6f5 e5d5,1692,75,97,9431,crushing deflection middlegame short,https://lichess.org/yKG3t6VW/black#49,,"['f1f5', 'e6f5', 'e5d5']","[0.021053554490208626, 0.5711629390716553, 0.6991804838180542]","['e5c7', 'e6f5', 'e5d5']","[0.002352808602154255, 0.9912301301956177, 0.006417023483663797]","['f1f5', 'e6f5', 'e5d5']","['e5c7', 'e8e7', 'c7b6']","[0.5728954672813416, 0.8765695691108704, 0.9236931204795837]","[0.3421112895011902, 0.7138509154319763, 0.8737810850143433]","['f1f5', 'e6f5', 'e5d5']","[0.5728954672813416, 0.8765695691108704, 0.9236931204795837]",r3r3/2p2k1p/ppP1p3/3qQp2/1P1P4/P6P/b5P1/R4RK1 w - - 4 26
09WQ2,2R5/5pk1/8/1pp3p1/3pQ2b/1P1P2qP/1BP2rB1/6KR w - - 3 29,c8c5 f2f1 g1f1 g3f2,1958,83,87,121,attraction mate mateIn2 middlegame pin sacrifice short,https://lichess.org/JWrw0RWl#56,,"['f2f1', 'g1f1', 'g3f2']","[0.015873856842517853, 1.0, 0.40372392535209656]","['g7h6', 'g1f1', 'g3f2']","[0.006394948344677687, 0.9716702699661255, 0.021934861317276955]","['f2f1', 'g1f1', 'g3f2']","['f2g2', 'e4g2', 'g3e3']","[0.481805682182312, 1.0, 0.9152517318725586]","[0.445944219827652, 0.9935239553451538, 0.8980711698532104]","['f2f1', 'g1f1', 'g3f2']","[0.481805682182312, 1.0, 0.9152517318725586]",8/5pk1/8/1pR3p1/3pQ2b/1P1P2qP/1BP2rB1/4K2R b - - 0 29
0hgJT,8/b7/P4k2/1N2p3/8/3r3P/R4p1K/8 w - - 0 50,h2g2 d3g3 g2g3 f2f1q,1699,75,81,63,advancedPawn crushing deflection endgame master promotion short,https://lichess.org/XxLEUNXS#98,,"['d3g3', 'g2g3', 'f2f1q']","[0.07357572019100189, 0.8615356683731079, 0.5593894720077515]","['d3d1', 'g2g3', 'f2f1q']","[0.014359734021127224, 0.9778732061386108, 0.007767041679471731]","['d3g3', 'g2g3', 'f2f1q']","['d3d1', 'a2f2', 'a7f2']","[0.3749047517776489, 0.9617508053779602, 0.9642916917800903]","[0.3736875057220459, 0.9487216472625732, 0.9846161007881165]","['d3g3', 'g2g3', 'f2f1q']","[0.3749047517776489, 0.9617508053779602, 0.9642916917800903]",8/b7/P4k2/1N2p3/8/R2r3P/5pK1/8 b - - 1 50
0i1wa,8/p7/1p3Q2/q1rp4/1Rk5/2P1p3/2K5/8 b - - 7 47,a5b4 f6f1 e3e2 f1e2,2160,84,84,95,endgame mate mateIn2 short,https://lichess.org/DFWU3hdQ/black#93,,"['f6f1', 'e3e2', 'f1e2']","[0.044448960572481155, 1.0, 0.25001826882362366]","['c3b4', 'e3e2', 'f1f4']","[0.002942552324384451, 0.9911822080612183, 0.005875220987945795]","['f6d4', 'c4b5', 'd4b4']","['f6f1', 'e3e2', 'f1e2']","[0.515216052532196, 1.0, 0.9499163627624512]","[0.3734119236469269, 1.0, 0.8744698166847229]","['f6d4', 'c4b5', 'd4b4']","[0.3734119236469269, 1.0, 0.8744698166847229]",8/p7/1p1K1Q2/2rp4/1qk5/2P1p3/8/8 w - - 0 48
0r3GQ,6k1/p1qn2pp/2p5/Np4B1/1P1PQ3/2PB2rb/P4P2/R4RK1 w - - 2 24,g1h2 g3g2 h2h3 c7h2,2001,75,95,8474,doubleCheck fork mate mateIn2 middlegame sacrifice short,https://lichess.org/vkKxijfH#46,,"['g3g2', 'h2h3', 'c7h2']","[0.022520948201417923, 0.5998198390007019, 0.2602497935295105]","['h3f5', 'h2h3', 'c7h2']","[0.0062455469742417336, 0.9622871279716492, 0.03146728500723839]","['g3g2', 'h2h3', 'c7h2']","['g3g5', 'f2f4', 'd7f6']","[0.5512388944625854, 0.8842640519142151, 0.9235498309135437]","[0.3437834084033966, 0.8014407157897949, 0.7242242097854614]","['g3g2', 'h2h3', 'c7h2']","[0.5512388944625854, 0.8842640519142151, 0.9235498309135437]",6k1/p1qn2pp/2p5/Np4B1/1P1PQR2/2PB2rb/P4P1K/5R2 b - - 3 24
0uAkj,3q1rk1/p1p2ppp/8/4P3/Q2b1B2/2N4P/P1r2PP1/3R2K1 b - - 1 18,d4f2 g1f1 d8h4 a4c2,2048,78,92,6437,advantage defensiveMove middlegame short,https://lichess.org/TqpnAkUm/black#35,Scotch_Game Scotch_Game_Scotch_Gambit,"['g1f1', 'd8h4', 'a4c2']","[0.1465279459953308, 0.08237626403570175, 0.28401222825050354]","['g1h2', 'c2c3', 'a4c2']","[0.0006134504219517112, 0.9980096220970154, 0.001377008156850934]","['g1f1', 'd8h4', 'a4c2']","['g1h1', 'c2c3', 'd1d8']","[0.5148255825042725, 0.7363388538360596, 0.9160007834434509]","[0.33481118083000183, 0.7582377195358276, 0.9097540974617004]","['g1f1', 'd8h4', 'a4c2']","[0.5148255825042725, 0.7363388538360596, 0.9160007834434509]",3q1rk1/p1p2ppp/4N3/4P3/Q4B2/7P/P1r2bP1/3R2K1 w - - 0 19
0wSGo,6k1/1Q2pq1p/p5p1/4B3/P7/7P/2Pr2PK/8 b - - 0 31,d2c2 b7b8 f7f8 b8b3,1304,75,91,1040,crushing endgame short,https://lichess.org/hjnATzQT/black#61,,"['b7b8', 'f7f8', 'b8b3']","[0.4060099422931671, 0.9915366172790527, 0.9524512887001038]","['b7a8', 'f7f8', 'b8b3']","[0.0031623642425984144, 0.9882309436798096, 0.00860670953989029]","['b7b8', 'f7f8', 'b8b3']","['b7a8', 'f7f8', 'a8d5']","[0.5434697866439819, 0.8153239488601685, 0.9268794059753418]","[0.3660319149494171, 0.9891225695610046, 0.9394844770431519]","['b7b8', 'f7f8', 'b8b3']","[0.5434697866439819, 0.8153239488601685, 0.9268794059753418]",6k1/1Q2pq1p/p3p1p1/4B3/P7/7P/2r3PK/8 w - - 0 32
125Zx,r2qr1k1/p4ppp/2Q5/8/6n1/2N5/PP3PPK/R1BR4 w - - 0 18,h2g1 d8d1 c3d1 e8e1,717,77,99,1419,mate mateIn2 middlegame sacrifice short,https://lichess.org/GhImyUaN#34,Elephant_Gambit Elephant_Gambit_Paulsen_Countergambit,"['d8d1', 'c3d1', 'e8e1']","[0.0014305077493190765, 1.0, 0.2543632686138153]","['d8h4', 'c3d1', 'e8e1']","[0.006866309326142073, 0.9612799882888794, 0.031853631138801575]","['d8d1', 'c3d1', 'e8e1']","['d8h4', 'c1e3', 'h4h2']","[0.4911378026008606, 1.0, 0.824036717414856]","[0.4118536710739136, 0.7317200899124146, 0.8356274962425232]","['d8d1', 'c3d1', 'e8e1']","[0.4911378026008606, 1.0, 0.824036717414856]",r2qr1k1/p4ppp/8/8/6n1/2N5/PP3PP1/R1BR1QK1 b - - 1 18
12Uzd,2r2b1r/p4kpp/1qp1Rnb1/8/2Q3P1/2N4P/PP1P1P2/R1B3K1 b - - 2 17,b6b4 e6e7 f7e7 c4b4,1965,77,94,12362,attraction crushing doubleCheck interference middlegame short,https://lichess.org/bErwLwAj/black#33,Caro-Kann_Defense Caro-Kann_Defense_Accelerated_Panov_Attack,"['e6e7', 'f7e7', 'c4b4']","[0.012848029844462872, 1.0, 0.5392000079154968]","['e6c6', 'f7e7', 'c4b4']","[0.004368269816040993, 0.9884462356567383, 0.007185505237430334]","['e6f6', 'f7f6', 'g4g5']","['e6e7', 'f7e7', 'c4b4']","[0.5291149020195007, 0.9706235527992249, 0.7376832365989685]","[0.3198028802871704, 1.0, 0.9156503677368164]","['e6f6', 'f7f6', 'g4g5']","[0.3198028802871704, 1.0, 0.9156503677368164]",2r2b1r/p4kpp/2p1Rnb1/8/2Q3P1/2Nq3P/PP1P1P2/R1B3K1 w - - 3 18
17R9B,8/2Q3pk/8/3q4/N7/1P1p2P1/P1P1rR2/5K2 w - - 0 42,f2e2 d5f3 f1g1 d3e2,2149,76,86,225,advancedPawn crushing endgame short,https://lichess.org/XttoMeNO#82,,"['d5f3', 'f1g1', 'd3e2']","[0.201674684882164, 0.08503763377666473, 0.732255756855011]","['d3e2', 'e2f2', 'd3e2']","[0.004065349698066711, 0.9750174880027771, 0.02091716043651104]","['d5f3', 'f1g1', 'd3e2']","['d5h1', 'f1f2', 'h1h2']","[0.4966791570186615, 0.9897634983062744, 0.9273460507392883]","[0.35479649901390076, 1.0, 0.7973101735115051]","['d5f3', 'f1g1', 'd3e2']","[0.4966791570186615, 0.9897634983062744, 0.9273460507392883]",8/2Q3pk/8/3q4/N7/1P4P1/P1P1R3/5K2 b - - 0 42
19nMg,8/5p2/2R1P3/1p4kp/6P1/1r6/5K2/8 b - - 0 48,h5g4 e6e7 g4g3 f2e2,1978,80,83,99,advancedPawn crushing defensiveMove endgame rookEndgame short,https://lichess.org/MVyhCZ8P/black#95,,"['e6e7', 'g4g3', 'f2e2']","[0.17288878560066223, 0.20017500221729279, 0.24973393976688385]","['e6f7', 'b3b2', 'f2g2']","[0.002018092665821314, 0.9927874207496643, 0.005194518715143204]","['e6e7', 'g4g3', 'f2e2']","['c6c5', 'g5f6', 'e6f7']","[0.3690735101699829, 0.7122648358345032, 0.9549674391746521]","[0.30868202447891235, 0.870509922504425, 0.7125499844551086]","['e6e7', 'g4g3', 'f2e2']","[0.3690735101699829, 0.7122648358345032, 0.9549674391746521]",8/5p2/2R1P3/1p4k1/6p1/1r1p4/5K2/8 w - - 0 49
1EJqL,rn2k2r/pp2bppp/2p2q2/3p4/6b1/1B1P1N2/PPP1Q1PP/RNB2K1R w kq - 5 11,c1g5 f6g5 f3g5 g4e2,2133,82,91,1455,advantage opening short,https://lichess.org/mLZSCsMx#20,Russian_Game Russian_Game_Italian_Variation,"['f6g5', 'f3g5', 'g4e2']","[0.7709869742393494, 0.780764639377594, 0.848493218421936]","['f6g5', 'f3g5', 'g4e2']","[0.019026082009077072, 0.9172574877738953, 0.06371637433767319]","['f6g5', 'f3g5', 'g4e2']","['g4f3', 'e2e7', 'f6e7']","[0.5561668872833252, 0.7818217873573303, 0.9351630210876465]","[0.38452327251434326, 0.904456615447998, 0.7113732099533081]","['f6g5', 'f3g5', 'g4e2']","[0.5561668872833252, 0.7818217873573303, 0.9351630210876465]",rn2k2r/pp2bppp/2p2q2/3p2B1/Q5b1/1B1P1N2/PPP3PP/RN3K1R b kq - 6 11
1GmSl,r2qkbnr/ppp2ppp/2np4/6B1/2B1P3/2N2Q1P/PP3PP1/R3K2R b KQkq - 0 9,c6e5 c4f7 e5f7 g5d8,1547,75,92,670,attackingF2F7 crushing middlegame short,https://lichess.org/TrmzzInW/black#17,Danish_Gambit Danish_Gambit_Other_variations,"['c4f7', 'e5f7', 'g5d8']","[0.4291815757751465, 0.5386362671852112, 0.9846838116645813]","['c4f7', 'e5f7', 'g5d8']","[0.27974870800971985, 0.5421024560928345, 0.1781488060951233]","['c4f7', 'e5f7', 'g5d8']","['f3g3', 'f7f6', 'c4g8']","[0.5181899666786194, 0.8481454253196716, 0.9146689176559448]","[0.31813573837280273, 0.7056318521499634, 0.8727567791938782]","['c4f7', 'e5f7', 'g5d8']","[0.5181899666786194, 0.8481454253196716, 0.9146689176559448]",r2qkbnr/ppp2ppp/3p4/4n3/2B1P3/1BN2Q1P/PP3PP1/R3K2R w KQkq - 1 10
1ITwL,6k1/2B2rpp/p4b2/2pB2n1/1p3R1P/8/P1P3P1/3n3K b - - 0 29,d1e3 d5f7 g5f7 f4e4,1801,109,-20,14,advantage middlegame short,https://lichess.org/uqulUZE7/black#57,,"['d5f7', 'g5f7', 'f4e4']","[0.08618535846471786, 0.6281176805496216, 0.09601861983537674]","['h4g5', 'g5f7', 'c7b6']","[0.003178817220032215, 0.9899215698242188, 0.006899646017700434]","['d5b3', 'c5c4', 'f4c4']","['d5f7', 'g5f7', 'f4e4']","[0.5415582656860352, 0.7586246132850647, 0.7030356526374817]","[0.3607940077781677, 0.8949165940284729, 0.9314396381378174]","['d5b3', 'c5c4', 'f4c4']","[0.3607940077781677, 0.8949165940284729, 0.9314396381378174]",6k1/2Bn1rpp/p4b2/2pB4/1p3R1P/4n3/P1P3P1/7K w - - 1 30
1MXpu,r2r2k1/ppq2pbp/2p2np1/8/P3pN2/1P2P3/1BPR1PPP/1R1Q2K1 b - - 1 18,f6g4 d2d8 a8d8 d1g4,1581,74,93,1828,advantage middlegame short,https://lichess.org/Pc6X5wuo/black#35,Englund_Gambit_Complex Englund_Gambit_Complex_Englund_Gambit,"['d2d8', 'a8d8', 'd1g4']","[0.07867524772882462, 0.7723313570022583, 0.6860274076461792]","['b2g7', 'a8d8', 'd1g4']","[0.00949460081756115, 0.9793339371681213, 0.011171434074640274]","['d2d8', 'a8d8', 'd1g4']","['b2g7', 'd8d2', 'd1d2']","[0.4595901668071747, 0.903711199760437, 0.9081928730010986]","[0.4106284976005554, 0.8245298266410828, 0.8873833417892456]","['d2d8', 'a8d8', 'd1g4']","[0.4595901668071747, 0.903711199760437, 0.9081928730010986]",r2r2k1/ppq2pbp/2p3p1/8/P3p1n1/1P2PN2/1BPR1PPP/1R1Q2K1 w - - 2 19
1NXq4,r4rk1/pppq1ppp/8/2b4b/2Pn1B2/3B3P/PP1QN1P1/R3R2K b - - 2 18,d4e2 d3h7 g8h7 d2d7,1552,75,30,201,advantage discoveredAttack kingsideAttack middlegame short,https://lichess.org/zovhYlxY/black#35,Center_Game Center_Game_Normal_Variation,"['d3h7', 'g8h7', 'd2d7']","[0.036009397357702255, 0.8921208381652832, 0.4878571331501007]","['e1e2', 'g8h7', 'd2d7']","[0.009447564370930195, 0.9349589943885803, 0.05559343099594116]","['d3e2', 'd7d2', 'f4d2']","['d3h7', 'g8h7', 'd2d7']","[0.3375260531902313, 0.910866916179657, 0.9181291460990906]","[0.31558558344841003, 0.9003853797912598, 0.9199860692024231]","['d3e2', 'd7d2', 'f4d2']","[0.31558558344841003, 0.9003853797912598, 0.9199860692024231]",r4rk1/pppq1ppp/8/2b5/2P2Bb1/3B3P/PP1Qn1P1/R3R2K w - - 0 19
1RsNk,3r4/pb2r1bk/1pq3Np/2p2QpP/P7/2P2P2/1P1B2P1/3R2K1 b - - 0 28,c6d7 g6f8 h7g8 f8d7,1671,78,95,15267,advantage doubleCheck fork middlegame short,https://lichess.org/Z9u6f2Ip/black#55,,"['g6f8', 'h7g8', 'f8d7']","[0.11804873496294022, 0.8415157198905945, 0.7976247668266296]","['f5c2', 'h7g8', 'f8d7']","[0.013387101702392101, 0.9326459169387817, 0.0539669506251812]","['g6e7', 'd7f5', 'e7f5']","['g6f8', 'h7g8', 'f8d7']","[0.6053014993667603, 0.9135579466819763, 0.9430578351020813]","[0.33291903138160706, 0.909858226776123, 0.9158163070678711]","['g6e7', 'd7f5', 'e7f5']","[0.33291903138160706, 0.909858226776123, 0.9158163070678711]",3r4/pb1qr1bk/1p2p1Np/2p2QpP/P7/2P2P2/1P1B2P1/3R2K1 w - - 1 29
1VY6P,r4r1k/1b4pp/pp6/2p1qn2/P2p4/2PBPRP1/1P4P1/R2Q1NK1 w - - 0 23,e3d4 b7f3 d4e5 f3d1,1718,76,93,4802,advantage master middlegame short,https://lichess.org/xMQW3kAS#44,,"['b7f3', 'd4e5', 'f3d1']","[0.43464723229408264, 0.4731796979904175, 0.8806421756744385]","['b7f3', 'd4e5', 'f3d1']","[0.0026292097754776478, 0.9916371703147888, 0.005733550526201725]","['c5d4', 'f3f5', 'f8f5']","['b7f3', 'd4e5', 'f3d1']","[0.435553640127182, 0.842891275882721, 0.9082649350166321]","[0.35969048738479614, 0.8727011680603027, 0.9260305762290955]","['c5d4', 'f3f5', 'f8f5']","[0.35969048738479614, 0.8727011680603027, 0.9260305762290955]",r6k/1b4pp/pp5r/2p1qn2/P2P4/2PB1RP1/1P4P1/R2Q1NK1 b - - 0 23
1b82B,r2q1rk1/ppp2ppp/8/8/2Q1p3/PPn5/2P2PPP/R1B2RK1 b - - 1 15,d8f6 c1d2 c3d5 c4d5,2113,76,91,898,crushing master middlegame short,https://lichess.org/UjJb4uUM/black#29,Elephant_Gambit Elephant_Gambit_Paulsen_Countergambit,"['c1d2', 'c3d5', 'c4d5']","[0.3307289779186249, 0.13462865352630615, 0.21083606779575348]","['c1b2', 'b7b5', 'a1e1']","[0.006455948110669851, 0.9856442213058472, 0.007899826392531395]","['c1d2', 'c3d5', 'c4d5']","['c1b2', 'c3e2', 'c4e2']","[0.5272796154022217, 0.8857033252716064, 0.9130833148956299]","[0.36862993240356445, 0.9126764535903931, 0.962482213973999]","['c1d2', 'c3d5', 'c4d5']","[0.5272796154022217, 0.8857033252716064, 0.9130833148956299]",r5k1/ppp2ppp/5qr1/8/2Q1p3/PPn5/2P2PPP/R1B2RK1 w - - 2 16
1bnKr,r1b1k1nr/pppp1ppp/8/8/2Bnq3/2B5/PP2NPPP/R2QK2R b KQkq - 1 10,e4g2 d1d4 g2h1 e1d2,2308,83,87,101,advantage opening sacrifice short,https://lichess.org/WalejiE3/black#19,Danish_Gambit Danish_Gambit_Other_variations,"['d1d4', 'g2h1', 'e1d2']","[0.261945515871048, 0.7763754725456238, 0.9201313257217407]","['h1g1', 'g2h1', 'e1d2']","[0.03726258501410484, 0.9404597878456116, 0.022277554497122765]","['d1d4', 'g2h1', 'e1d2']","['e2g3', 'd4f3', 'e1e2']","[0.5401535034179688, 0.8611034750938416, 0.9930945634841919]","[0.3717972934246063, 0.7032374739646912, 0.9904146194458008]","['d1d4', 'g2h1', 'e1d2']","[0.5401535034179688, 0.8611034750938416, 0.9930945634841919]",r1b1k2r/pppp1ppp/8/6n1/2Bn4/2B5/PP2NPqP/R2QK2R w KQkq - 0 11
1rJqi,2rr2k1/p7/4ppQp/3q4/1b1p1P1P/6P1/1P6/3RR1K1 b - - 1 31,g8h8 g6h6 h8g8 h6g6,2104,75,91,694,crushing middlegame short,https://lichess.org/6elHDNkp/black#61,,"['g6h6', 'h8g8', 'h6g6']","[0.3905724883079529, 1.0, 0.7139402031898499]","['g6h6', 'h8g8', 'h6g6']","[0.0012117393780499697, 0.9952774047851562, 0.0035108814481645823]","['g6h6', 'h8g8', 'h6g6']","['g6f6', 'h8h7', 'f6f7']","[0.5278119444847107, 1.0, 0.9395197033882141]","[0.40200820565223694, 0.7269281148910522, 0.7945757508277893]","['g6h6', 'h8g8', 'h6g6']","[0.5278119444847107, 1.0, 0.9395197033882141]",3r3k/p7/4ppQp/3q4/1b1p1PrP/6P1/1P6/3RR1K1 w - - 2 32
1zJDp,2k2r1r/2p5/5pp1/2pppn2/Q7/4PqB1/PP3P1P/1K1R2R1 b - - 1 27,f5g3 a4a8 c8d7 d1d5,1962,76,95,12191,advantage middlegame queensideAttack short,https://lichess.org/GA8Jc3Qv/black#53,,"['a4a8', 'c8d7', 'd1d5']","[0.10777401924133301, 1.0, 0.04258124157786369]","['g1g3', 'c8d7', 'a8a4']","[0.012248664163053036, 0.9820663928985596, 0.0056848968379199505]","['g1g3', 'f3e4', 'a4e4']","['a4a8', 'c8d7', 'd1d5']","[0.3392634689807892, 0.9276943802833557, 0.9773395657539368]","[0.30147477984428406, 1.0, 0.7932175397872925]","['g1g3', 'f3e4', 'a4e4']","[0.30147477984428406, 1.0, 0.7932175397872925]",2k2r1r/2p5/5pp1/2ppp3/Q7/4Pqn1/PPR2P1P/1K4R1 w - - 0 28
26Er4,r2q1rk1/pppbbppp/2n5/8/2BP4/1QP2N1P/P2B1PP1/R4RK1 w - - 5 15,b3b7 a8b8 b7a6 b8b6,1972,74,82,119,advantage middlegame short,https://lichess.org/a1zfybej#28,French_Defense French_Defense_Exchange_Variation,"['a8b8', 'b7a6', 'b8b6']","[0.17035800218582153, 0.9408586025238037, 0.24497513473033905]","['c6a5', 'b7a6', 'e7d6']","[0.026165295392274857, 0.8454325795173645, 0.12840214371681213]","['c6a5', 'b7a6', 'a5c4']","['a8b8', 'b7a6', 'b8b6']","[0.4845424294471741, 0.8330860733985901, 0.9007715582847595]","[0.45694032311439514, 0.8339824080467224, 0.9180530905723572]","['c6a5', 'b7a6', 'a5c4']","[0.45694032311439514, 0.8339824080467224, 0.9180530905723572]",r2q1rk1/pQpbbppp/2n5/5N2/2BP4/2P4P/P2B1PP1/R4RK1 b - - 0 15
26m0r,1k1r1b1r/ppp2ppp/8/3q4/3Np1n1/2P1B3/PP3PPP/3RQRK1 b - - 4 15,d5h5 d4c6 b7c6 d1d8,1128,76,91,1438,crushing discoveredAttack middlegame queensideAttack short,https://lichess.org/W4K79tU6/black#29,Kings_Knight_Opening Kings_Knight_Opening_Normal_Variation,"['d4c6', 'b7c6', 'd1d8']","[0.013182401657104492, 0.8224489092826843, 0.4162638485431671]","['e3f4', 'b7c6', 'd1d8']","[0.029484370723366737, 0.8143251538276672, 0.1561904400587082]","['d4c6', 'b7c6', 'd1d8']","['h2h3', 'f8d6', 'e1e2']","[0.4328438937664032, 0.9536585807800293, 0.911855936050415]","[0.4229724407196045, 0.7428911328315735, 0.7568399906158447]","['d4c6', 'b7c6', 'd1d8']","[0.4328438937664032, 0.9536585807800293, 0.911855936050415]",1k1rb2r/ppp2ppp/8/7q/3Np1n1/2P1B3/PP3PPP/3RQRK1 w - - 5 16
2GS8v,5r2/pp6/8/3p1B2/5PRk/1P6/r6P/7K b - - 4 37,h4h3 g4g3 h3h4 g3h3,2141,78,91,266,doubleCheck endgame mate mateIn2 short,https://lichess.org/SekJQiyY/black#73,,"['g4g3', 'h3h4', 'g3h3']","[0.40070268511772156, 1.0, 0.36927586793899536]","['g4g3', 'h3h4', 'g3g4']","[0.004328309092670679, 0.9925251007080078, 0.003146618837490678]","['g4g2', 'f8f5', 'g2a2']","['g4g3', 'h3h4', 'g3h3']","[0.408149391412735, 0.9792913794517517, 0.9573294520378113]","[0.3645540177822113, 1.0, 0.9272587895393372]","['g4g2', 'f8f5', 'g2a2']","[0.3645540177822113, 1.0, 0.9272587895393372]",5r2/pp6/8/3p4/B4PR1/1P5k/r6P/7K w - - 5 38
2JetC,r5k1/5p1p/6p1/1B3q2/P2R1n1P/2B2P2/KP3P2/4R3 b - - 0 33,f5b5 d4d8 a8d8 a4b5,1915,75,78,75,advantage endgame short,https://lichess.org/aDeJsYC1/black#65,,"['d4d8', 'a8d8', 'a4b5']","[0.003927054349333048, 0.9542078375816345, 0.8660981059074402]","['d4f4', 'a8d8', 'a4b5']","[0.004065464250743389, 0.9922393560409546, 0.0036951007787138224]","['d4d8', 'a8d8', 'a4b5']","['d4f4', 'a8a4', 'f4a4']","[0.5213490724563599, 0.9653069376945496, 0.9355279803276062]","[0.37743544578552246, 0.9058992266654968, 0.9847314357757568]","['d4d8', 'a8d8', 'a4b5']","[0.5213490724563599, 0.9653069376945496, 0.9355279803276062]",r5k1/5p1p/2p3p1/1q6/P2R1n1P/2B2P2/KP3P2/4R3 w - - 0 34
2RGCG,2br2k1/5ppp/p2b2q1/1p1B1n2/4Q3/BP4N1/P1r2PPP/4RRK1 b - - 15 25,f5g3 e4e8 d6f8 e8d8,1961,75,95,2064,crushing middlegame pin short,https://lichess.org/DC8BrvZJ/black#49,,"['e4e8', 'd6f8', 'e8d8']","[0.05614698678255081, 0.20696088671684265, 0.438803106546402]","['e4h4', 'd8e8', 'e8d8']","[0.002959814388304949, 0.9877101182937622, 0.00933007150888443]","['e4e8', 'd6f8', 'e8d8']","['f2g3', 'g6e4', 'd5e4']","[0.421903133392334, 0.7953401207923889, 0.8850233554840088]","[0.33292070031166077, 0.7122260332107544, 0.8220060467720032]","['e4e8', 'd6f8', 'e8d8']","[0.421903133392334, 0.7953401207923889, 0.8850233554840088]",2br2k1/5ppp/p2b2q1/1p4B1/4Q3/BP4n1/P1r2PPP/4RRK1 w - - 0 26
2YYhU,r4r1k/3p1pp1/p1n1pN1p/4P3/1p1q1P1Q/7R/2P3PP/5R1K b - - 3 24,c6e5 h4g5 e5g4 f6g4,2532,78,94,733,crushing middlegame pin short,https://lichess.org/YpXKWnZP/black#47,,"['h4g5', 'e5g4', 'f6g4']","[0.04285339638590813, 0.03420761600136757, 0.4782446324825287]","['c2c3', 'e5g6', 'f6g4']","[0.004082795698195696, 0.9904990792274475, 0.005418120883405209]","['h4g5', 'e5g4', 'f6g4']","['f4e5', 'd4h4', 'h3h4']","[0.5257988572120667, 0.9023754000663757, 0.8931123614311218]","[0.3470340371131897, 0.9204574227333069, 0.9304717183113098]","['h4g5', 'e5g4', 'f6g4']","[0.5257988572120667, 0.9023754000663757, 0.8931123614311218]",r4r1k/1R1p1pp1/p3pN1p/4n3/1p1q1P1Q/7R/2P3PP/7K w - - 0 25
2ci7x,3r3k/R6p/1n3pnB/1p1rpN2/1P6/8/6PP/5RK1 b - - 3 36,d5d1 h6g7 h8g8 f5h6,1296,299,-100,3,mate mateIn2 middlegame short,https://lichess.org/PbESyNDq/black#71,,"['h6g7', 'h8g8', 'f5h6']","[0.20403704047203064, 1.0, 0.21599237620830536]","['h2h4', 'h8g8', 'g7f6']","[0.21596474945545197, 0.7502508759498596, 0.033784423023462296]","['a7b7', 'd1f1', 'g1f1']","['h6g7', 'h8g8', 'f5h6']","[0.32100027799606323, 0.8018189072608948, 1.0]","[0.30571243166923523, 1.0, 0.8472267985343933]","['a7b7', 'd1f1', 'g1f1']","[0.30571243166923523, 1.0, 0.8472267985343933]",3r3k/R3N2p/1n3pnB/1p2p3/1P6/8/6PP/3r1RK1 w - - 4 37
2dtzs,4q1k1/R4p1p/R1r1pnp1/1r1p4/1b1P2PP/8/1B2QP2/7K w - - 0 29,e2b5 c6c1 b2c1 e8b5,944,90,93,449,crushing discoveredAttack middlegame short,https://lichess.org/Hj9yB6Do#56,,"['c6c1', 'b2c1', 'e8b5']","[0.033876433968544006, 0.34324195981025696, 0.714399516582489]","['c6a6', 'h1g2', 'e8b5']","[0.003911664243787527, 0.9860697984695435, 0.010018588043749332]","['c6a6', 'b5a6', 'g8g7']","['c6c1', 'b2c1', 'e8b5']","[0.46902674436569214, 0.7133023738861084, 0.7159600257873535]","[0.4260234832763672, 0.8646944165229797, 0.941575288772583]","['c6a6', 'b5a6', 'g8g7']","[0.4260234832763672, 0.8646944165229797, 0.941575288772583]",4q3/R4p1p/R1r1pnp1/1Q1p4/1b1P2PP/8/1B1k1P2/7K b - - 0 29
2lt5d,5rk1/p3r1pp/1p6/4q3/2P1p3/1P1p2P1/P4PQP/3RR1K1 w - - 0 28,d1d3 e4d3 e1e5 e7e5,1193,80,80,63,crushing endgame short,https://lichess.org/l7ShQw42#54,,"['e4d3', 'e1e5', 'e7e5']","[0.14237716794013977, 0.6585363745689392, 0.7923088669776917]","['e5a5', 'e1e5', 'e7e5']","[0.004576654639095068, 0.9835757613182068, 0.01184756774455309]","['e4d3', 'e1e5', 'e7e5']","['e5b2', 'd3e3', 'b2a2']","[0.3950020372867584, 0.9204942584037781, 0.9330634474754333]","[0.330570250749588, 0.7066055536270142, 0.8723383545875549]","['e4d3', 'e1e5', 'e7e5']","[0.3950020372867584, 0.9204942584037781, 0.9330634474754333]",5rk1/p3r1pp/1p2P3/4q3/2P1p3/1P1R2P1/P4PQP/4R1K1 b - - 0 28
2sjk9,1Q6/6pk/p2p3p/1ppNp1nb/4P1q1/PB1P4/KPP5/8 b - - 0 41,g4d7 d5f6 h7g6 f6d7,1176,74,88,154,crushing endgame short,https://lichess.org/d5HUb4Yv/black#81,,"['d5f6', 'h7g6', 'f6d7']","[0.053823232650756836, 0.5397987961769104, 0.8170452117919922]","['d5b6', 'h7g6', 'f6d7']","[0.00809530820697546, 0.9723114371299744, 0.019593311473727226]","['d5b6', 'd7e8', 'b8d6']","['d5f6', 'h7g6', 'f6d7']","[0.48479366302490234, 0.7681322693824768, 0.9087539911270142]","[0.3182714581489563, 0.9948219060897827, 0.9404788613319397]","['d5b6', 'd7e8', 'b8d6']","[0.3182714581489563, 0.9948219060897827, 0.9404788613319397]",1Q6/3q2pk/p2pn2p/1ppNp2b/4P3/PB1P4/KPP5/8 w - - 1 42
2vNDY,8/7p/pp6/4k3/1PP1p1p1/1P2K1P1/7P/8 w - - 0 37,c4c5 b6c5 b4c5 a6a5,2256,77,90,812,crushing defensiveMove endgame master pawnEndgame short,https://lichess.org/BPjBhP2f#72,,"['b6c5', 'b4c5', 'a6a5']","[0.3565704822540283, 0.9491687417030334, 0.33145076036453247]","['b6c5', 'b4c5', 'e5d5']","[0.008619718253612518, 0.9765735864639282, 0.014806696213781834]","['b6c5', 'b4c5', 'a6a5']","['e5d5', 'c5b6', 'd5c6']","[0.5999732613563538, 0.9367542266845703, 0.7778729200363159]","[0.3001731038093567, 0.7882944941520691, 0.970183789730072]","['b6c5', 'b4c5', 'a6a5']","[0.5999732613563538, 0.9367542266845703, 0.7778729200363159]",8/7p/1p6/2P1k3/1P2p1p1/1P2K1P1/7P/8 b - - 0 37
369is,r1b1r1k1/ppqn1pp1/2p4p/3p4/3P2nB/2NBP1K1/PP2NPP1/2RQ1R2 w - - 3 14,g3g4 d7f6 g4f3 c8g4,1343,75,97,4096,doubleCheck mate mateIn2 middlegame short,https://lichess.org/fBIzgWtG#26,Queens_Gambit_Declined Queens_Gambit_Declined_Exchange_Variation,"['d7f6', 'g4f3', 'c8g4']","[0.15772905945777893, 1.0, 0.2127343863248825]","['d7f6', 'g4f3', 'c8g4']","[0.013100787065923214, 0.932803213596344, 0.054095976054668427]","['d7f6', 'g4f3', 'c8g4']","['d7e5', 'g4g3', 'e5d3']","[0.45656508207321167, 1.0, 0.8422553539276123]","[0.4467300772666931, 0.9643258452415466, 0.9261998534202576]","['d7f6', 'g4f3', 'c8g4']","[0.45656508207321167, 1.0, 0.8422553539276123]",r1b1r1k1/ppqn1pp1/2p4p/3p1R2/3P2KB/2NBP3/PP2NPP1/2RQ4 b - - 0 14
39TvU,r7/ppqbR1rB/2pn1k1p/3p4/3P1Pp1/P1P3P1/2Q4P/4R2K b - - 11 28,d7f5 c2f5 d6f5 e1e6,2029,76,93,4230,mate mateIn2 middlegame sacrifice short,https://lichess.org/xk8Af0mn/black#55,,"['c2f5', 'd6f5', 'e1e6']","[0.05796493589878082, 1.0, 0.21770568192005157]","['h7f5', 'd6f5', 'e7e6']","[0.004235879983752966, 0.9906678795814514, 0.005096190609037876]","['c2f5', 'd6f5', 'e1e6']","['e7c7', 'f5c2', 'c7g7']","[0.4150716960430145, 1.0, 0.9188863635063171]","[0.3773292601108551, 0.7694689631462097, 0.9254505038261414]","['c2f5', 'd6f5', 'e1e6']","[0.4150716960430145, 1.0, 0.9188863635063171]",r7/ppq1RprB/2pn1k1p/3p1b2/3P1Pp1/P1P3P1/2Q4P/4R2K w - - 12 29
3H4bp,r3rk2/1p2pp2/p3b3/4P2Q/1n1q4/N5P1/PP4BP/5R1K b - - 1 30,d4g4 f1f7 e6f7 h5g4,2340,81,93,7274,advantage deflection middlegame short,https://lichess.org/Nq9NzECG/black#59,,"['f1f7', 'e6f7', 'h5g4']","[0.002940605627372861, 0.08251962810754776, 0.23998945951461792]","['h5h8', 'f8g8', 'h5h6']","[0.001760185114108026, 0.9929424524307251, 0.005297394935041666]","['h5h8', 'g4g8', 'h8h6']","['f1f7', 'e6f7', 'h5g4']","[0.4125969409942627, 1.0, 0.9323304891586304]","[0.35765883326530457, 0.9948598146438599, 0.940960705280304]","['h5h8', 'g4g8', 'h8h6']","[0.35765883326530457, 0.9948598146438599, 0.940960705280304]",r4k2/1p2pp2/p3b3/4P1rQ/1n4q1/N5P1/PP4BP/5R1K w - - 2 31
3JrDW,5r1k/6pp/Br6/pp1Q1p2/3Pq3/P3P3/1P5P/2K1R1R1 w - - 0 26,a6b7 f8c8 b7c8 e4d5,1999,76,88,738,advantage deflection middlegame short,https://lichess.org/98P22l8t#50,,"['f8c8', 'b7c8', 'e4d5']","[0.031569939106702805, 0.22612996399402618, 0.1789560765028]","['e4d3', 'c1d2', 'b6c6']","[0.0026196823455393314, 0.9903687834739685, 0.007011550012975931]","['f8c8', 'b7c8', 'e4d5']","['b6b7', 'd5e4', 'f5e4']","[0.4926217794418335, 0.7129876017570496, 0.9238059520721436]","[0.34790968894958496, 0.9267840385437012, 0.9452105164527893]","['f8c8', 'b7c8', 'e4d5']","[0.4926217794418335, 0.7129876017570496, 0.9238059520721436]",5r2/1B4pp/1r6/pp1Q1p2/3Pq3/P3P3/1P5P/k1K1R1R1 b - - 1 26
3RPpF,r7/2qnNkb1/p4pB1/1p6/1BpP1R2/8/Pr4P1/6K1 b - - 3 30,f7e6 d4d5 e6e5 f4e4,2194,75,87,791,mate mateIn2 middlegame short,https://lichess.org/N8GqNU6L/black#59,,"['d4d5', 'e6e5', 'f4e4']","[0.1517769992351532, 1.0, 0.11546266078948975]","['f4e4', 'e6e5', 'f4f5']","[0.00572647200897336, 0.9748050570487976, 0.019468482583761215]","['d4d5', 'e6e5', 'f4e4']","['g6f5', 'e6f7', 'f5g6']","[0.5111452341079712, 1.0, 0.7931137681007385]","[0.3448905944824219, 1.0, 0.8130578398704529]","['d4d5', 'e6e5', 'f4e4']","[0.5111452341079712, 1.0, 0.7931137681007385]",r7/2qnN1b1/p3kpB1/1p5r/1BpP1R2/8/P5P1/6K1 w - - 4 31
3SuZT,2k5/1ppb4/p7/2p2P1p/2nbR2P/5PB1/P1P3P1/1K6 w - - 2 29,f5f6 c4d2 b1c1 d2e4,914,76,99,1213,crushing endgame fork master short,https://lichess.org/DzqTaptQ#56,,"['c4d2', 'b1c1', 'd2e4']","[0.2888006269931793, 1.0, 0.6821773648262024]","['d4f6', 'b1c1', 'd2e4']","[0.0039009894244372845, 0.9922736287117004, 0.0038253236562013626]","['c4a3', 'b1c1', 'd4f6']","['c4d2', 'b1c1', 'd2e4']","[0.4312368929386139, 1.0, 0.9372832179069519]","[0.41380420327186584, 1.0, 0.9349980354309082]","['c4a3', 'b1c1', 'd4f6']","[0.41380420327186584, 1.0, 0.9349980354309082]",2k4B/1ppb4/p4P2/2p4p/2nbR2P/5P2/P1P3P1/1K6 b - - 0 29
3WzcL,6rk/p5r1/5Q2/3p4/1P1P4/K7/P1P3n1/8 b - - 0 35,g2e3 f6h6 g7h7 h6e3,1141,77,92,975,crushing endgame fork short,https://lichess.org/nRQuvant/black#69,,"['f6h6', 'g7h7', 'h6e3']","[0.18093529343605042, 1.0, 0.13758023083209991]","['a3a4', 'g7h7', 'h6f6']","[0.003349768230691552, 0.9914005398750305, 0.005249654874205589]","['f6h4', 'g7h7', 'h4f6']","['f6h6', 'g7h7', 'h6e3']","[0.45116984844207764, 1.0, 0.952150285243988]","[0.41149818897247314, 1.0, 0.9301638007164001]","['f6h4', 'g7h7', 'h4f6']","[0.41149818897247314, 1.0, 0.9301638007164001]",4n1rk/p5r1/5Q2/3p4/1P1P4/K7/P1P5/8 w - - 1 36
3XZr3,8/6p1/2kp3p/K1p5/P7/2P2P2/5P1P/8 w - - 1 37,a5a6 c5c4 a6a5 c6c5,2335,93,84,35,crushing defensiveMove endgame pawnEndgame quietMove short,https://lichess.org/8Mmn09p8#72,,"['c5c4', 'a6a5', 'c6c5']","[0.03126301243901253, 0.2859489619731903, 0.5495551228523254]","['d6d5', 'f3f4', 'c6c5']","[0.04120618849992752, 0.944929301738739, 0.013864489272236824]","['d6d5', 'a6a5', 'g7g5']","['c5c4', 'a6a5', 'c6c5']","[0.43045365810394287, 0.9230761528015137, 0.7242686748504639]","[0.300281822681427, 0.703834056854248, 0.9341203570365906]","['d6d5', 'a6a5', 'g7g5']","[0.300281822681427, 0.703834056854248, 0.9341203570365906]",8/6p1/2kp3p/2p5/P7/2P2PK1/5P1P/8 b - - 2 37
3ebbA,2R2nk1/p4pp1/7p/8/7P/3Q2PK/Pq6/8 b - - 2 37,b2a2 c8f8 g8f8 d3d8,1052,79,93,1700,attraction endgame mate mateIn2 sacrifice short,https://lichess.org/YslrtN9u/black#73,,"['c8f8', 'g8f8', 'd3d8']","[0.004713444504886866, 1.0, 0.7485800981521606]","['d3d6', 'g8f8', 'd3d8']","[0.16306057572364807, 0.8031699657440186, 0.033769503235816956]","['c8f8', 'g8f8', 'd3d8']","['d3d6', 'a2e6', 'd6e6']","[0.4513341784477234, 1.0, 0.9117094874382019]","[0.3933747112751007, 0.8867725133895874, 0.9896723031997681]","['c8f8', 'g8f8', 'd3d8']","[0.4513341784477234, 1.0, 0.9117094874382019]",2R2nk1/p2p1pp1/7p/8/7P/3Q2PK/q7/8 w - - 0 38
3fv3v,r6k/4R3/p5pB/3pn3/8/2b2rP1/P1n2PK1/7R b - - 4 28,f3f5 h6g7 h8g8 h1h8,1226,75,67,302,doubleCheck mate mateIn2 middlegame short,https://lichess.org/ao9hoREC/black#55,,"['h6g7', 'h8g8', 'h1h8']","[0.2350412756204605, 1.0, 0.41579073667526245]","['h6g7', 'h8g8', 'h1h8']","[0.00673139002174139, 0.9793325662612915, 0.013936029747128487]","['h6d2', 'h8g8', 'd2c3']","['h6g7', 'h8g8', 'h1h8']","[0.4427364468574524, 0.930419385433197, 0.8870800733566284]","[0.4135904908180237, 1.0, 0.925342857837677]","['h6d2', 'h8g8', 'd2c3']","[0.4135904908180237, 1.0, 0.925342857837677]",r6k/4R2n/p5pB/3p1r2/8/2b3P1/P1n2PK1/7R w - - 5 29
3mLih,3Q4/p4ppk/2N1r3/6rp/1P2p2q/7P/P5P1/2R2RK1 w - - 2 32,f1f5 g5g2 g1g2 e6g6,2356,97,90,1181,attraction crushing middlegame sacrifice short,https://lichess.org/MEcrM7n2#62,,"['g5g2', 'g1g2', 'e6g6']","[0.032271627336740494, 0.7729446887969971, 0.4428814947605133]","['g5f5', 'g1g2', 'e6g6']","[0.0027438101824373007, 0.9955427050590515, 0.0017134509980678558]","['e6c6', 'd8g5', 'h4g5']","['g5g2', 'g1g2', 'e6g6']","[0.5575438737869263, 0.7567914128303528, 0.9383856058120728]","[0.30185580253601074, 0.9773067831993103, 0.9368382692337036]","['e6c6', 'd8g5', 'h4g5']","[0.30185580253601074, 0.9773067831993103, 0.9368382692337036]",3Q4/p4ppk/2N1r3/5Rrp/KP2p2q/7P/P5P1/2R5 b - - 3 32
3pqiX,2r1r2k/5Qpp/3p4/1bn2P2/p2q2P1/P2P4/1P2B3/1K1R3R b - - 4 29,c5d3 h1h7 h8h7 d1h1,1609,73,95,18605,attraction mate mateIn2 middlegame sacrifice short,https://lichess.org/gKUlqX7P/black#57,,"['h1h7', 'h8h7', 'd1h1']","[0.34694424271583557, 1.0, 0.6335663199424744]","['h1h7', 'h8h7', 'd1h1']","[0.010196613147854805, 0.9666797518730164, 0.023123662918806076]","['h1h7', 'h8h7', 'd1h1']","['e2d3', 'b5d3', 'b1a1']","[0.4951418936252594, 1.0, 0.8931626677513123]","[0.3160244822502136, 0.8047935366630554, 0.9167937636375427]","['h1h7', 'h8h7', 'd1h1']","[0.4951418936252594, 1.0, 0.8931626677513123]",2r1r2k/5Qpp/3p4/1b3P2/p3q1P1/P2n4/1P2B3/1K1R3R w - - 0 30
3r1R7,5qk1/5ppp/8/p7/P1r4P/2BR1PQ1/6PK/1r6 b - - 0 36,f8b8 d3d8 b8d8 g3g7,1665,76,97,18003,endgame mate mateIn2 sacrifice short,https://lichess.org/xAw85Wpv/black#71,,"['d3d8', 'b8d8', 'g3g7']","[0.006094362121075392, 1.0, 0.8111202716827393]","['c3e5', 'b8d8', 'g3g7']","[0.007479827851057053, 0.9867315888404846, 0.005788604263216257]","['d3d8', 'b8d8', 'g3g7']","['c3e5', 'c4h4', 'g3h4']","[0.3810350298881531, 1.0, 0.9577240347862244]","[0.36736541986465454, 0.852622926235199, 0.9897626638412476]","['d3d8', 'b8d8', 'g3g7']","[0.3810350298881531, 1.0, 0.9577240347862244]",1q6/5ppp/8/p7/P1r4P/2BR1PQ1/6PK/1r3k2 w - - 1 37
3tP2s,4r1k1/1b1Q4/1N2p1pp/p3qn2/1p6/8/PP3PP1/1BR3K1 b - - 1 32,f5d6 b1g6 e5g7 d7g7,2269,86,86,199,advantage middlegame short,https://lichess.org/qhMtArjg/black#63,,"['b1g6', 'e5g7', 'd7g7']","[0.20974628627300262, 0.007855391129851341, 0.32016316056251526]","['c1d1', 'e5g5', 'd7g7']","[0.022035934031009674, 0.9673386812210083, 0.010625388473272324]","['b1g6', 'e5g7', 'd7g7']","['c1c7', 'e5e1', 'g1h2']","[0.45160284638404846, 0.7370249032974243, 0.7692738771438599]","[0.4006650149822235, 0.8416967988014221, 1.0]","['b1g6', 'e5g7', 'd7g7']","[0.45160284638404846, 0.7370249032974243, 0.7692738771438599]",4r1k1/1b6/1N1np1pp/p3q3/1p6/1Q6/PP3PP1/1BR3K1 w - - 2 33
4KgD0,2r4k/6p1/3N3p/Q7/1p6/5q2/P1P4P/R1KR4 w - - 0 40,a1b1 c8c2 c1c2 f3c3,1913,77,83,569,attraction endgame mate mateIn2 sacrifice short,https://lichess.org/jchRzngB#78,,"['c8c2', 'c1c2', 'f3c3']","[0.008329084143042564, 1.0, 0.4015180766582489]","['f3e3', 'c1c2', 'f3c3']","[0.0060249813832342625, 0.9360114932060242, 0.05796357989311218]","['f3e3', 'd1d2', 'e3e1']","['c8c2', 'c1c2', 'f3c3']","[0.536449670791626, 0.9243698120117188, 0.7835172414779663]","[0.3012060523033142, 1.0, 0.8909941911697388]","['f3e3', 'd1d2', 'e3e1']","[0.3012060523033142, 1.0, 0.8909941911697388]",2r4k/6p1/3N3p/Q7/1p6/5q2/PRP4P/2KR4 b - - 1 40
4NRRV,3r2k1/p4ppp/2p5/3qP3/3N1P2/6Pb/P2R3P/3Q2K1 b - - 7 25,c6c5 d4f3 d5d2 f3d2,1762,83,88,36,advantage endgame quietMove short,https://lichess.org/bX5WupCQ/black#49,,"['d4f3', 'd5d2', 'f3d2']","[0.2978460192680359, 0.17775718867778778, 0.3405595123767853]","['d4f3', 'd5a8', 'd1d2']","[0.018796322867274284, 0.9126226902008057, 0.06858093291521072]","['d4f3', 'd5d2', 'f3d2']","['d4b3', 'd5g2', 'd2g2']","[0.5394282937049866, 0.864216148853302, 0.9476488828659058]","[0.3668273985385895, 0.8778542876243591, 1.0]","['d4f3', 'd5d2', 'f3d2']","[0.5394282937049866, 0.864216148853302, 0.9476488828659058]",3r2k1/p4ppp/8/2pqP3/3N1P2/6P1/P2R3P/b2Q2K1 w - - 0 26
4TYxx,3r1rk1/p1R5/8/Q2p2pp/3Pp1q1/1P2PpN1/PB3P2/5K2 b - - 4 27,h5h4 a5a6 d8d7 a6g6,2512,92,81,75,crushing middlegame short,https://lichess.org/FcFGL6fO/black#53,,"['a5a6', 'd8d7', 'a6g6']","[0.331175833940506, 0.14144642651081085, 0.722846508026123]","['a5a6', 'f8f7', 'a6g6']","[0.0030886190943419933, 0.9861154556274414, 0.01079594623297453]","['a5a6', 'd8d7', 'a6g6']","['a5a7', 'g4h3', 'f1e1']","[0.4876844882965088, 0.8145377039909363, 0.7984583377838135]","[0.41832420229911804, 0.8594075441360474, 0.9877184629440308]","['a5a6', 'd8d7', 'a6g6']","[0.4876844882965088, 0.8145377039909363, 0.7984583377838135]",3r1rk1/p1R5/8/Q2p2p1/3PpNqp/1P2Pp2/PB3P2/5K2 w - - 0 28
4fKWf,r4r1k/p2R2bp/1p2Q1p1/6N1/1q2b3/1B6/Pp3PPP/1R4K1 b - - 4 25,e4f5 e6g8 f8g8 g5f7,1619,82,83,5186,kingsideAttack mate mateIn2 middlegame sacrifice short smotheredMate,https://lichess.org/CAIcLckf/black#49,,"['e6g8', 'f8g8', 'g5f7']","[0.018738405779004097, 1.0, 0.36878666281700134]","['g5f7', 'f8g8', 'g5f7']","[0.024586305022239685, 0.8624250888824463, 0.11298859864473343]","['d7g7', 'h8g7', 'e6e5']","['e6g8', 'f8g8', 'g5f7']","[0.4011809825897217, 0.9064452648162842, 0.8516770005226135]","[0.3582057058811188, 1.0, 0.8099891543388367]","['d7g7', 'h8g7', 'e6e5']","[0.3582057058811188, 1.0, 0.8099891543388367]",5r1k/p2R2bp/1p2Q1p1/5bNr/1q6/1B6/Pp3PPP/1R4K1 w - - 5 26
4gMZP,6k1/1p4pp/p2b2p1/3p2r1/2nB1r2/P6P/1PPN1P2/3R1R1K w - - 12 22,d2c4 f4h4 d1d3 d5c4,2144,76,90,1429,crushing intermezzo middlegame short,https://lichess.org/vBzgHk0D#42,,"['f4h4', 'd1d3', 'd5c4']","[0.019302623346447945, 0.18748539686203003, 0.7660191059112549]","['d5c4', 'c4d6', 'd5c4']","[0.0021773441694676876, 0.9936608076095581, 0.00416185799986124]","['f4f3', 'd1d3', 'f3d3']","['f4h4', 'd1d3', 'd5c4']","[0.4720415472984314, 0.9400798678398132, 0.8972489833831787]","[0.4510410726070404, 0.9473242163658142, 0.9269642233848572]","['f4f3', 'd1d3', 'f3d3']","[0.4510410726070404, 0.9473242163658142, 0.9269642233848572]",8/1p4pp/p2b2p1/3p2r1/2NB1r2/P6P/kPP2P2/3R1R1K b - - 0 22
4hq8c,1r1r2k1/ppb3p1/2nq3p/3bpN2/4Bp2/P2P2P1/1P1B1P1P/2RQ1RK1 b - - 2 20,d6d7 e4d5 d7d5 c1c6,2110,74,95,10221,advantage middlegame short,https://lichess.org/yYISDXXh/black#39,,"['e4d5', 'd7d5', 'c1c6']","[0.05105489119887352, 0.21369339525699615, 0.09106504172086716]","['d1g4', 'g8h8', 'd1g4']","[0.00785899255424738, 0.9824364185333252, 0.009704545140266418]","['e4d5', 'd7d5', 'c1c6']","['d1g4', 'd5e4', 'd3e4']","[0.38607320189476013, 0.7523888945579529, 0.7331917881965637]","[0.330436110496521, 0.8054414987564087, 0.9168799519538879]","['e4d5', 'd7d5', 'c1c6']","[0.38607320189476013, 0.7523888945579529, 0.7331917881965637]",1r1r2k1/ppb3p1/2n2q1p/3bpN2/4Bp2/P2P2P1/1P1B1P1P/2RQ1RK1 w - - 3 21
4uiLl,5rk1/p2Q3p/1p2pPp1/2p1q3/8/5R1P/P5P1/7K b - - 2 30,f8f6 d7e8 g8g7 e8e7,2333,79,90,904,advantage endgame short,https://lichess.org/ryHRxsXz/black#59,,"['d7e8', 'g8g7', 'e8e7']","[0.07583175599575043, 0.9982295632362366, 0.39735567569732666]","['f3f6', 'g8g7', 'e8d7']","[0.0014577212277799845, 0.9934442043304443, 0.005098103545606136]","['d7d8', 'g8f7', 'd8d7']","['d7e8', 'g8g7', 'e8e7']","[0.5312464237213135, 0.9375489950180054, 0.9222012162208557]","[0.38877150416374207, 0.9752527475357056, 0.9174919724464417]","['d7d8', 'g8f7', 'd8d7']","[0.38877150416374207, 0.9752527475357056, 0.9174919724464417]",6k1/p2Q3p/1p2prp1/2p1q3/3R4/7P/P5P1/7K w - - 0 31
4utBr,r4k1r/ppqn2p1/4R1B1/3Q4/3p1b2/8/PP6/R1B2K2 b - - 0 23,f4c1 e6e8 a8e8 d5f7,2063,79,90,1762,clearance mate mateIn2 middlegame sacrifice short,https://lichess.org/OqPC64xS/black#45,,"['e6e8', 'a8e8', 'd5f7']","[0.011439449153840542, 1.0, 0.8813940286636353]","['d5f5', 'a8e8', 'd5f7']","[0.0024309149011969566, 0.9893302321434021, 0.008238861337304115]","['e6e8', 'a8e8', 'd5f7']","['d5f5', 'd7f6', 'e6f6']","[0.4417687952518463, 1.0, 0.7970604300498962]","[0.36556339263916016, 0.993125319480896, 0.8794326186180115]","['e6e8', 'a8e8', 'd5f7']","[0.4417687952518463, 1.0, 0.7970604300498962]",r4k1r/ppq3p1/4R1B1/3Q4/3pn3/8/PP6/R1b2K2 w - - 0 24
52IFv,1k2r3/p1p2pp1/8/1B5p/8/7P/1RP3PK/r7 b - - 0 27,e8e1 b5d7 b8a8 d7c6,1359,75,88,535,discoveredAttack endgame mate mateIn2 short,https://lichess.org/4MycAY7z/black#53,,"['b5d7', 'b8a8', 'd7c6']","[0.3326011002063751, 1.0, 0.80623859167099]","['b5d7', 'b8a8', 'd7c6']","[0.0023982806596904993, 0.9887310862541199, 0.008870627731084824]","['b5d7', 'b8a8', 'd7c6']","['b5a6', 'b8a8', 'a6b7']","[0.4991416931152344, 1.0, 0.9337220191955566]","[0.4423676133155823, 1.0, 0.9199872016906738]","['b5d7', 'b8a8', 'd7c6']","[0.4991416931152344, 1.0, 0.9337220191955566]",1k6/p1p2pp1/3r4/1B5p/8/7P/1RP3PK/4r3 w - - 1 28
57RVu,r5k1/1p2rpp1/2p3qp/2Pp2n1/1R1P4/p2NP2P/P1Q2PP1/5RK1 w - - 7 23,c2b3 g5f3 g1h1 f3d2,1069,122,88,28,crushing middlegame pin short,https://lichess.org/Ugg8QmF8#44,,"['g5f3', 'g1h1', 'f3d2']","[0.13574226200580597, 1.0, 0.5569106936454773]","['g5h3', 'g1h1', 'f3d2']","[0.013853912241756916, 0.9736565351486206, 0.012489574030041695]","['g5f3', 'g1h1', 'f3d2']","['g5h3', 'g1h2', 'h3g5']","[0.4518105685710907, 1.0, 0.9025677442550659]","[0.3752480149269104, 0.7930697202682495, 0.8519431352615356]","['g5f3', 'g1h1', 'f3d2']","[0.4518105685710907, 1.0, 0.9025677442550659]",r5k1/1p2rpp1/2p3qp/2Pp2n1/RR1P4/pQ1NP2P/P4PP1/6K1 b - - 8 23
5MHT9,8/4p3/1p1pPbpk/pPpP1r1p/P1P1KP1P/5PR1/8/4B3 b - - 38 55,f6h4 g3g6 h6g6 e1h4,1010,83,94,258,crushing discoveredAttack endgame short,https://lichess.org/5LkjT71t/black#109,,"['g3g6', 'h6g6', 'e1h4']","[0.017505118623375893, 0.9499063491821289, 0.7765525579452515]","['g3g1', 'h6g6', 'e1h4']","[0.01847837120294571, 0.9530161023139954, 0.028505558148026466]","['g3g6', 'h6g6', 'e1h4']","['g3g1', 'h4e1', 'g1e1']","[0.6266805529594421, 0.8698269724845886, 0.9306050539016724]","[0.3034615218639374, 0.8903855681419373, 0.9735201597213745]","['g3g6', 'h6g6', 'e1h4']","[0.6266805529594421, 0.8698269724845886, 0.9306050539016724]",8/4p3/1p1pP1pk/pPpP1r1p/P1P1KP2/5PR1/8/4Bb2 w - - 0 56
5cyfb,r4rk1/pp3pp1/2n1bq1p/2b5/3pN3/4PN2/PPQ1BPPP/R4RK1 b - - 1 14,f6g6 f3h4 g6h7 e2d3,2221,75,90,463,crushing defensiveMove middlegame short,https://lichess.org/ptAN3OdW/black#27,Nimzo-Indian_Defense Nimzo-Indian_Defense_Three_Knights_Variation,"['f3h4', 'g6h7', 'e2d3']","[0.14589548110961914, 0.4113599956035614, 0.26446065306663513]","['e2d3', 'g6h7', 'e2d3']","[0.01931462623178959, 0.9664236903190613, 0.014261636883020401]","['f3h4', 'g6h7', 'e2d3']","['c2c5', 'g6e4', 'f3d4']","[0.4363930821418762, 0.8081395626068115, 0.7230393290519714]","[0.39693477749824524, 0.9180262684822083, 0.8092496395111084]","['f3h4', 'g6h7', 'e2d3']","[0.4363930821418762, 0.8081395626068115, 0.7230393290519714]",r4rk1/pp3pp1/2n1b1qp/2b5/3pN3/4PN2/PPQKBPPP/R4R2 w - - 2 15
5fKEt,8/2p1k1rp/2q1nRr1/1pb1Q3/p6B/3P1NP1/PPP3K1/8 b - - 2 26,g7f7 f6e6 e7d7 e6c6,1505,74,93,1822,crushing doubleCheck middlegame short,https://lichess.org/B8fgCzfg/black#51,,"['f6e6', 'e7d7', 'e6c6']","[0.02642919309437275, 0.427564799785614, 0.6310274600982666]","['f6g6', 'e7f8', 'e6c6']","[0.01185829658061266, 0.959338366985321, 0.028803298249840736]","['f6g6', 'e7d7', 'g6f6']","['f6e6', 'e7d7', 'e6c6']","[0.4734967052936554, 0.9612980484962463, 0.8314833045005798]","[0.4256473481655121, 0.8276302814483643, 0.9328173398971558]","['f6g6', 'e7d7', 'g6f6']","[0.4256473481655121, 0.8276302814483643, 0.9328173398971558]",7Q/2p1kr1p/2q1nRr1/1pb5/p6B/3P1NP1/PPP3K1/8 w - - 3 27
5mo6P,4r1k1/1b2rp1p/p4qp1/1p1p1P2/3p2P1/P2Q2P1/BP6/3R1R1K b - - 2 28,g8g7 g4g5 f6g5 f5f6,1929,75,92,1478,advantage middlegame short,https://lichess.org/2nFngo2g/black#55,,"['g4g5', 'f6g5', 'f5f6']","[0.08253651857376099, 0.6019377112388611, 0.11737623810768127]","['f5g6', 'f6g5', 'd3d4']","[0.025050532072782516, 0.7060038447380066, 0.268945574760437]","['f5g6', 'f6g6', 'd3d4']","['g4g5', 'f6g5', 'f5f6']","[0.5099310874938965, 0.8264034986495972, 0.8959969878196716]","[0.3262597620487213, 0.7519901990890503, 0.880735456943512]","['f5g6', 'f6g6', 'd3d4']","[0.3262597620487213, 0.7519901990890503, 0.880735456943512]",4r3/1b2rpkp/p4qp1/1p1p1P2/1K1p2P1/P2Q2P1/BP6/3R1R2 w - - 3 29
5nMGA,6k1/p1p3p1/3b3p/8/3P4/1P1QPPq1/P4K2/R1BR4 w - - 1 28,f2e2 g3g2 e2e1 d6g3,1504,77,96,18000,endgame mate mateIn2 short,https://lichess.org/7TH9T8YF#54,,"['g3g2', 'e2e1', 'd6g3']","[0.3097110390663147, 1.0, 0.28387123346328735]","['g3g2', 'e2e1', 'd6g3']","[0.004448457155376673, 0.9708850383758545, 0.024666525423526764]","['g3g2', 'e2e1', 'd6g3']","['g3h2', 'e2f1', 'h2h1']","[0.6286687254905701, 1.0, 0.8937081098556519]","[0.3118896484375, 0.9829892516136169, 0.8435598611831665]","['g3g2', 'e2e1', 'd6g3']","[0.6286687254905701, 1.0, 0.8937081098556519]",6k1/p1p3p1/3b3p/8/3P4/1P1QPPq1/P3K3/R1B1R3 b - - 2 28
5s6Pm,8/pp6/4k3/2P5/4p3/P1KbRn1P/5P2/8 b - - 9 40,e6d5 e3f3 e4f3 c3d3,1724,75,74,101,crushing deflection endgame master short,https://lichess.org/Wcm705jA/black#79,,"['e3f3', 'e4f3', 'c3d3']","[0.19962911307811737, 0.2547777593135834, 0.8795286417007446]","['e3d3', 'e4f3', 'c3d3']","[0.01102366577833891, 0.9571346044540405, 0.03184174746274948]","['e3f3', 'e4f3', 'c3d3']","['h3h4', 'f3h4', 'e3h3']","[0.3506237864494324, 0.8724608421325684, 0.9782846570014954]","[0.3083910048007965, 0.8786638379096985, 0.8117915391921997]","['e3f3', 'e4f3', 'c3d3']","[0.3506237864494324, 0.8724608421325684, 0.9782846570014954]",8/pp6/5K2/2Pk4/4p3/P2bRn1P/5P2/8 w - - 10 41
5uv62,8/6k1/3p2p1/2p1p1P1/4qn1R/5NQP/1r6/7K b - - 9 47,b2g2 g3g2 e4b1 g2g1,1979,77,95,10664,advantage endgame short,https://lichess.org/zl7FyqCU/black#93,,"['g3g2', 'e4b1', 'g2g1']","[0.2000763863325119, 0.05850578472018242, 0.5389401912689209]","['g3g2', 'c5c4', 'g2g1']","[0.01690674014389515, 0.8328540325164795, 0.1502392739057541]","['g3g2', 'e4b1', 'g2g1']","['h4f4', 'g2g3', 'f4e4']","[0.5154778957366943, 0.7256791591644287, 0.9849527478218079]","[0.41574856638908386, 0.8856901526451111, 0.8988390564918518]","['g3g2', 'e4b1', 'g2g1']","[0.5154778957366943, 0.7256791591644287, 0.9849527478218079]",8/6k1/1q1p2p1/2p1p1P1/5n1R/5NQP/6r1/7K w - - 10 48
5xKo4,2r1k3/pp1q1r2/2n3Q1/3p2Np/3P1b1P/2P5/P2K2P1/R1B4R w - - 4 22,d2d3 c6b4 d3e2 d7g4,2486,95,90,121,crushing middlegame short,https://lichess.org/zd7sgdU0#42,,"['c6b4', 'd3e2', 'd7g4']","[0.2107170820236206, 0.4644252359867096, 0.45249858498573303]","['c6e5', 'c3b4', 'd7g4']","[0.009187017567455769, 0.937413215637207, 0.053399816155433655]","['c6e5', 'd4e5', 'd7b5']","['c6b4', 'd3e2', 'd7g4']","[0.45392945408821106, 0.9827157258987427, 0.8365691900253296]","[0.34158486127853394, 0.9674888253211975, 0.740444540977478]","['c6e5', 'd4e5', 'd7b5']","[0.34158486127853394, 0.9674888253211975, 0.740444540977478]",2r1k3/pp1q1r2/2n3Q1/3p2Np/3P1b1P/2PK4/PR4P1/R1B5 b - - 5 22
60n7n,2k5/pb4p1/1p1Q1n2/3p2Np/q1pP3P/2P1PR2/1P4P1/5K2 w - - 10 34,g5e6 a4d1 f1f2 f6e4,1348,75,85,1374,endgame mate mateIn2 short,https://lichess.org/WDGqaOFn#66,,"['a4d1', 'f1f2', 'f6e4']","[0.5627695322036743, 1.0, 0.516962468624115]","['a4d1', 'f1f2', 'f6e4']","[0.0016389816300943494, 0.9934222102165222, 0.004938845057040453]","['a4d1', 'f1f2', 'f6e4']","['a4a1', 'f1e2', 'a1b2']","[0.645106315612793, 1.0, 0.916580319404602]","[0.3024548590183258, 0.9560789465904236, 0.9310618042945862]","['a4d1', 'f1f2', 'f6e4']","[0.645106315612793, 1.0, 0.916580319404602]",2k5/pb4p1/1p1QNn2/3p3p/q1pP3P/2P1P3/1P2R1P1/5K2 b - - 11 34
646Q7,8/6pk/p7/P1P1Q2p/1P2b2P/4Br2/5P1K/7r w - - 6 42,h2h1 f3h3 h1g1 h3h1,1908,83,58,77,doubleCheck endgame mate mateIn2 short,https://lichess.org/tIQPW9TD#82,,"['f3h3', 'h1g1', 'h3h1']","[0.06832453608512878, 1.0, 0.698549747467041]","['f3f4', 'h1g1', 'h3h1']","[0.0055900574661791325, 0.9712989926338196, 0.02311098948121071]","['f3e3', 'h1h2', 'e3e1']","['f3h3', 'h1g1', 'h3h1']","[0.5109151005744934, 0.7832280993461609, 0.7056186199188232]","[0.3758332431316376, 1.0, 0.9244549870491028]","['f3e3', 'h1h2', 'e3e1']","[0.3758332431316376, 1.0, 0.9244549870491028]",8/6pk/p2Q4/P1P4p/1P2b2P/4Br2/5P2/7K b - - 0 42
661t3,r6k/ppbn1Bpp/2pq1p2/8/3P1r2/1QP5/PP1B1P1P/4RRK1 w - - 0 17,b3e6 f4g4 e6g4 d6h2,1267,77,85,281,discoveredAttack kingsideAttack mate mateIn2 middlegame sacrifice short,https://lichess.org/vXzg1MOM#32,Caro-Kann_Defense Caro-Kann_Defense_Tartakower_Variation,"['f4g4', 'e6g4', 'd6h2']","[0.059680480509996414, 0.8680487871170044, 0.06460113823413849]","['f4h4', 'e6g4', 'd6h2']","[0.00954638421535492, 0.9440971612930298, 0.046356454491615295]","['f4g4', 'e6g4', 'd6h2']","['f4d4', 'e6d6', 'd4d6']","[0.46026185154914856, 0.9627218842506409, 0.8327680826187134]","[0.4193366467952728, 0.9032249450683594, 0.8839086890220642]","['f4g4', 'e6g4', 'd6h2']","[0.46026185154914856, 0.9627218842506409, 0.8327680826187134]",r6k/ppbn1Bpp/2pqQp2/8/3P1r2/2P5/PPRB1P1P/4R1K1 b - - 1 17
66vRZ,r2q1rk1/1p2ppbp/1n4p1/3p1b2/pP1P3N/P5P1/1B1nPPBP/2RQR1K1 w - - 0 16,h4f5 d2c4 f5g7 c4b2,2292,81,90,693,crushing master middlegame short,https://lichess.org/7N8jdu3r#30,Indian_Defense Indian_Defense_Przepiorka_Variation,"['d2c4', 'f5g7', 'c4b2']","[0.2194276750087738, 0.7194728255271912, 0.5108721256256104]","['d2b3', 'f5g7', 'c4b2']","[0.14132526516914368, 0.8270436525344849, 0.03163108229637146]","['d2b3', 'f5g7', 'b3c1']","['d2c4', 'f5g7', 'c4b2']","[0.45047715306282043, 0.9105185270309448, 0.8433016538619995]","[0.357951819896698, 0.7030526995658875, 0.8582183718681335]","['d2b3', 'f5g7', 'b3c1']","[0.357951819896698, 0.7030526995658875, 0.8582183718681335]",r2q2k1/1p2ppbp/1n4p1/r2p1N2/pP1P4/P5P1/1B1nPPBP/2RQR1K1 b - - 0 16
73zV5,8/3P4/2B2k2/1R2p1pp/8/6PK/3r4/8 w - - 1 58,b5d5 g5g4 h3h4 d2h2,993,81,94,2064,endgame mate mateIn2 short,https://lichess.org/uEMVIN6j#114,,"['g5g4', 'h3h4', 'd2h2']","[0.0679374635219574, 1.0, 0.28265079855918884]","['d2d5', 'h3h4', 'd2h2']","[0.005493862554430962, 0.9595723152160645, 0.03493388369679451]","['d2d5', 'c6d5', 'f6e7']","['g5g4', 'h3h4', 'd2h2']","[0.5096445083618164, 0.9687805771827698, 0.7864722609519958]","[0.3600989580154419, 1.0, 0.9272246360778809]","['d2d5', 'c6d5', 'f6e7']","[0.3600989580154419, 1.0, 0.9272246360778809]",8/3P4/k1B5/3Rp1pp/8/6PK/3r4/8 b - - 2 58
7GoSX,k3r3/p1Q3R1/1p3p2/1q3p2/3P1B2/2P4p/1KP2P1P/8 w - - 16 40,b2c1 e8e1 c1d2 b5e2,1082,76,94,452,endgame mate mateIn2 short,https://lichess.org/w6RjiHtO#78,,"['e8e1', 'c1d2', 'b5e2']","[0.08210169523954391, 1.0, 0.40536969900131226]","['b5f1', 'c1d2', 'b5e2']","[0.003598470939323306, 0.9872960448265076, 0.009105567820370197]","['b5f1', 'c1b2', 'f1b5']","['e8e1', 'c1d2', 'b5e2']","[0.5312642455101013, 0.8986808657646179, 0.9309186935424805]","[0.40725693106651306, 1.0, 0.734480619430542]","['b5f1', 'c1b2', 'f1b5']","[0.40725693106651306, 1.0, 0.734480619430542]",k3r3/p1Q3R1/1p3p2/1q3p2/3P1B2/1pP4p/2P2P1P/2K5 b - - 17 40
7PsOg,2r2rk1/1p1n1ppp/p7/P3P3/3P1n1q/3Q4/1P4PP/R1B2RK1 w - - 0 20,f1f4 c8c1 a1c1 h4f4,1389,128,-80,10,advantage intermezzo middlegame short,https://lichess.org/4F7MrGvr#38,,"['c8c1', 'a1c1', 'h4f4']","[0.010252566076815128, 0.6796926259994507, 0.8557672500610352]","['h4e1', 'a1c1', 'h4f4']","[0.022693568840622902, 0.8431410193443298, 0.134165421128273]","['h4e1', 'f4f1', 'e1b4']","['c8c1', 'a1c1', 'h4f4']","[0.3374272286891937, 0.9485723972320557, 0.8220372200012207]","[0.3177744448184967, 0.8526546955108643, 0.9288619756698608]","['h4e1', 'f4f1', 'e1b4']","[0.3177744448184967, 0.8526546955108643, 0.9288619756698608]",2r2rk1/1p1n1ppp/p7/P3PQ2/3P1R1q/8/1P4PP/R1B3K1 b - - 0 20
7UzxF,3r2k1/1pp2ppp/2n5/5b2/Pbq1n3/3Q1N2/PB2PPPP/RK3B1R w - - 8 17,d3c4 e4c3 b1c1 d8d1,1910,182,36,17,doubleCheck mate mateIn2 middlegame queensideAttack short,https://lichess.org/XuW6E53v#32,Rat_Defense Rat_Defense_English_Rat,"['e4c3', 'b1c1', 'd8d1']","[0.14584282040596008, 1.0, 0.34353968501091003]","['e4c3', 'b1c1', 'd8d1']","[0.006220727693289518, 0.9734285473823547, 0.020350707694888115]","['e4c3', 'b1c1', 'd8d1']","['e4d2', 'b1c1', 'd2c4']","[0.3584097623825073, 1.0, 0.7643148899078369]","[0.33956557512283325, 1.0, 0.9032360315322876]","['e4c3', 'b1c1', 'd8d1']","[0.3584097623825073, 1.0, 0.7643148899078369]",3r2k1/1pp2ppp/2n5/5b2/Pb2n3/5N2/PBQ1PPPP/RK3B1R b - - 0 17
7ZLhs,2kr1r2/1pp3p1/p1n1R2p/4N3/8/PPqp3P/2P1QPP1/3R2K1 w - - 0 21,e2g4 c6e5 e6e5 c8b8,2062,80,87,58,crushing defensiveMove master middlegame short,https://lichess.org/w97TOccD#40,,"['c6e5', 'e6e5', 'c8b8']","[0.48363587260246277, 0.044684238731861115, 0.9373679757118225]","['c6e5', 'e6e7', 'c8b8']","[0.12545111775398254, 0.8588871955871582, 0.015661686658859253]","['c6e5', 'e6e5', 'c8b8']","['h6h5', 'e6c6', 'h5g4']","[0.49490615725517273, 0.8913472294807434, 0.9896184802055359]","[0.33573660254478455, 0.8072305917739868, 0.8685883283615112]","['c6e5', 'e6e5', 'c8b8']","[0.49490615725517273, 0.8913472294807434, 0.9896184802055359]",2k2rr1/1pp3p1/p1n1R2p/4N3/6Q1/PPqp3P/2P2PP1/3R2K1 b - - 1 21
7g822,r4rk1/6np/bP1N2p1/p1pPp2q/4P3/3B1pP1/5P1P/R2QR1K1 w - - 3 26,a1a5 h5h3 d1f3 f8f3,1469,75,82,660,advantage master middlegame short,https://lichess.org/yqcFlEwg#50,,"['h5h3', 'd1f3', 'f8f3']","[0.08801604062318802, 0.0024638394825160503, 0.3966847062110901]","['a6d3', 'd3f1', 'f8f3']","[0.0037980126217007637, 0.9819825887680054, 0.01421943586319685]","['h5h3', 'd1f3', 'f8f3']","['a6d3', 'a5a8', 'f8a8']","[0.4311794936656952, 0.8721091747283936, 0.9204638004302979]","[0.3739207684993744, 0.9191399812698364, 0.7216311693191528]","['h5h3', 'd1f3', 'f8f3']","[0.4311794936656952, 0.8721091747283936, 0.9204638004302979]",r4r2/6np/bP1N2p1/R1pPp2q/3kP3/3B1pP1/5P1P/3QR1K1 b - - 0 26
7kJGg,3Q4/2q3kp/pp2pnp1/2p2r2/2P5/P1P1B3/4nPPP/1R1R2K1 w - - 2 26,g1h1 c7h2 h1h2 f5h5,1425,92,69,219,anastasiaMate attraction kingsideAttack mate mateIn2 middlegame sacrifice short,https://lichess.org/Z4aJWX52#50,,"['c7h2', 'h1h2', 'f5h5']","[0.004159344360232353, 1.0, 0.34418144822120667]","['c7e5', 'h1h2', 'f5h5']","[0.004215782042592764, 0.9839850068092346, 0.011799242347478867]","['c7d8', 'd1d8', 'f6g4']","['c7h2', 'h1h2', 'f5h5']","[0.48919424414634705, 0.9319738149642944, 0.8512486815452576]","[0.33821773529052734, 1.0, 0.8952428102493286]","['c7d8', 'd1d8', 'f6g4']","[0.33821773529052734, 1.0, 0.8952428102493286]",3Q4/2q3kp/ppr1pnp1/2p5/2P5/P1P1B3/4nPPP/1R1R3K b - - 3 26
7pd1z,5rk1/5pp1/Q2p4/4p1p1/1PP5/5PP1/3qn1KP/R3R3 w - - 3 32,c4c5 e2f4 g2f1 d2g2,1110,78,88,470,doubleCheck endgame mate mateIn2 short,https://lichess.org/Du0QLvcI#62,,"['e2f4', 'g2f1', 'd2g2']","[0.05057201907038689, 0.25482937693595886, 0.5288602113723755]","['e2d4', 'g2h1', 'd2g2']","[0.002448051003739238, 0.9918882250785828, 0.00566375907510519]","['e2f4', 'g2f1', 'd2g2']","['e2c1', 'g2f1', 'c1d3']","[0.5491791367530823, 0.9333496689796448, 0.922966480255127]","[0.35555776953697205, 0.9620602130889893, 0.7286041975021362]","['e2f4', 'g2f1', 'd2g2']","[0.5491791367530823, 0.9333496689796448, 0.922966480255127]",5rk1/5pp1/3p4/2P1p1p1/1P6/5PP1/3qnQKP/R3R3 b - - 0 32
8I4mT,1r3rk1/pb3pQp/1p6/2p1R3/7P/1P6/PBPq1PP1/4R1K1 b - - 0 19,g8g7 e5g5 g7h6 b2g7,1820,75,95,906,middlegame,https://lichess.org/1AMVO10l/black#37,,"['e5g5', 'g7h6', 'b2g7']","[0.12031206488609314, 1.0, 0.541566014289856]","['e1e2', 'g7h6', 'b2g7']","[0.0038786958903074265, 0.9826149940490723, 0.013506287708878517]","['e5g5', 'g7h6', 'b2g7']","['e5d5', 'd2d4', 'b2d4']","[0.455334335565567, 1.0, 0.8661252856254578]","[0.41387954354286194, 0.7251966595649719, 0.745898425579071]","['e5g5', 'g7h6', 'b2g7']","[0.455334335565567, 1.0, 0.8661252856254578]",1r6/pb3pkp/1p6/2p1R3/r6P/1P6/PBPq1PP1/4R1K1 w - - 0 20
8bBKJ,6R1/1p1k4/2pB4/2P1P1p1/7p/4n2P/6r1/7K b - - 9 54,g2g3 e5e6 d7e6 d6g3,1063,291,-100,3,crushing discoveredAttack endgame short,https://lichess.org/tYr7QOSc/black#107,,"['e5e6', 'd7e6', 'd6g3']","[0.02432328648865223, 1.0, 0.5648161768913269]","['g8g7', 'd7e6', 'd6g3']","[0.002754389075562358, 0.9889258742332458, 0.008319790475070477]","['e5e6', 'd7e6', 'd6g3']","['g8g6', 'g3h3', 'h1g1']","[0.49823272228240967, 1.0, 0.9590144753456116]","[0.3666612505912781, 0.9262871146202087, 1.0]","['e5e6', 'd7e6', 'd6g3']","[0.49823272228240967, 1.0, 0.9590144753456116]",6R1/1p1k4/2p5/2P1P1p1/4B2p/4n1rP/8/7K w - - 10 55
8gVCz,7k/p5pp/1p4r1/4P3/3Q3P/P3R1P1/1P3q1K/8 w - - 0 42,h2h3 g6g3 e3g3 f2d4,1990,76,92,1895,advantage endgame short,https://lichess.org/nLVg5wON#82,,"['g6g3', 'e3g3', 'f2d4']","[0.006370465271174908, 1.0, 0.8843120336532593]","['h7h6', 'e3g3', 'f2d4']","[0.0037732769269496202, 0.9912112355232239, 0.005015452392399311]","['g6g3', 'e3g3', 'f2d4']","['f2f1', 'h3h2', 'f1f2']","[0.5051407814025879, 1.0, 0.9510562419891357]","[0.42570751905441284, 1.0, 0.8822541832923889]","['g6g3', 'e3g3', 'f2d4']","[0.5051407814025879, 1.0, 0.9510562419891357]",7k/pQ4pp/1p4r1/4P3/7P/P3R1PK/1P3q2/8 b - - 1 42
8sGUt,5rk1/ppp3pp/6q1/3P1b2/2P1N2r/5P2/PPPQ2P1/R3R1K1 w - - 5 19,d2g5 h4e4 g5g6 e4e1,2242,80,93,1183,advantage kingsideAttack middlegame short,https://lichess.org/9lZTbQXB#36,,"['h4e4', 'g5g6', 'e4e1']","[0.02567955106496811, 0.5068389177322388, 0.24680843949317932]","['g6b6', 'g5g6', 'h7g6']","[0.013894375413656235, 0.9223883152008057, 0.0637173056602478]","['h4e4', 'g5g6', 'e4e1']","['g6g5', 'e4g5', 'h4c4']","[0.5099136233329773, 0.9091149568557739, 0.9150678515434265]","[0.3505294620990753, 0.9354915618896484, 0.8153782486915588]","['h4e4', 'g5g6', 'e4e1']","[0.5099136233329773, 0.9091149568557739, 0.9150678515434265]",5rk1/ppp3pp/6q1/3P1bQ1/2P1N2r/2R2P2/PPP3P1/R5K1 b - - 6 19
94W88,5qk1/2p3pp/p1Q5/7b/3P4/2P1RN1P/r7/4K3 b - - 1 32,h5f3 c6c4 g8h8 c4a2,2015,77,92,4375,advantage endgame fork short,https://lichess.org/4Bjnl96v/black#63,,"['c6c4', 'g8h8', 'c4a2']","[0.040972236543893814, 0.6797309517860413, 0.7861648201942444]","['e3f3', 'g8h8', 'c4a2']","[0.0014351039426401258, 0.994997501373291, 0.003567360807210207]","['c6c4', 'g8h8', 'c4a2']","['c6e6', 'f8f7', 'e6c8']","[0.45929232239723206, 0.8729127049446106, 0.9274572730064392]","[0.37261781096458435, 0.9552287459373474, 0.7562703490257263]","['c6c4', 'g8h8', 'c4a2']","[0.45929232239723206, 0.8729127049446106, 0.9274572730064392]",5qk1/2p3pp/p1Q5/8/3P4/2P1R2P/r7/4K1b1 w - - 0 33
97Mln,1k2r3/4N1Q1/pp1p2p1/2p5/P3qP2/6Pp/2R4P/2R2K2 w - - 0 35,e7g6 e4h1 f1f2 h1g2,1910,77,78,174,endgame mate mateIn2 short,https://lichess.org/BLXrV1Se#68,,"['e4h1', 'f1f2', 'h1g2']","[0.16409607231616974, 1.0, 0.4988732635974884]","['e4f3', 'f1f2', 'h1g2']","[0.0023080110549926758, 0.993988037109375, 0.003703964641317725]","['e4h1', 'f1f2', 'h1g2']","['e4f3', 'f1g1', 'f3e3']","[0.4253845512866974, 1.0, 0.8931811451911926]","[0.3362153172492981, 0.9946876764297485, 0.8830405473709106]","['e4h1', 'f1f2', 'h1g2']","[0.4253845512866974, 1.0, 0.8931811451911926]",1k2r3/4N1Q1/pp1p4/2p5/P3qP2/6Pp/2R4P/2R2K2 b - - 0 35
9NhWq,3r1r1k/7p/2p2nb1/2P1N3/pP6/P1B4P/1K1p1P2/3R4 b - - 1 33,f6e4 e5f7 h8g8 f7h6,2177,75,92,2073,doubleCheck mate mateIn2 middlegame short,https://lichess.org/Q8jKgL6m/black#65,,"['e5f7', 'h8g8', 'f7h6']","[0.05628892406821251, 1.0, 0.40141600370407104]","['e5g6', 'h8g8', 'f7h6']","[0.004157114773988724, 0.9732228517532349, 0.02261997014284134]","['e5g6', 'h8g8', 'g6f8']","['e5f7', 'h8g8', 'f7h6']","[0.48527443408966064, 1.0, 0.9201074838638306]","[0.4689967930316925, 1.0, 0.9233382940292358]","['e5g6', 'h8g8', 'g6f8']","[0.4689967930316925, 1.0, 0.9233382940292358]",5r1k/6rp/2p3b1/2P1N3/pP2n3/P1B4P/1K1p1P2/3R4 w - - 2 34
9S2zl,2r4k/R3R1p1/7p/1p6/p1r1PP2/8/P5PP/1K6 w - - 3 32,e7g7 c4b4 b1a1 c8c1,2117,83,83,535,endgame mate mateIn2 rookEndgame short,https://lichess.org/BY51Ppp7#62,,"['c4b4', 'b1a1', 'c8c1']","[0.22013770043849945, 1.0, 0.5926770567893982]","['c4c1', 'b1a1', 'c8c1']","[0.0010565659031271935, 0.9972051978111267, 0.001738191582262516]","['a4a3', 'g7h7', 'h8g8']","['c4b4', 'b1a1', 'c8c1']","[0.3920382559299469, 0.9404764771461487, 1.0]","[0.3432799279689789, 1.0, 0.9374482035636902]","['a4a3', 'g7h7', 'h8g8']","[0.3432799279689789, 1.0, 0.9374482035636902]",2r4k/R5R1/7p/1pp5/p1r1PP2/8/P5PP/1K6 b - - 0 32
9S4OL,rnbq1r2/pp2n1p1/4pPk1/b2p2N1/3P2Q1/2P5/P4PPP/RNB1K2R b KQ - 0 12,g7f6 g5e6 g6f7 e6d8,1093,88,54,65,crushing discoveredAttack fork middlegame short,https://lichess.org/o2miXJqE/black#23,Sicilian_Defense Sicilian_Defense_Wing_Gambit,"['g5e6', 'g6f7', 'e6d8']","[0.3168054223060608, 0.8228198289871216, 0.4404260516166687]","['g5e6', 'g6f7', 'e6d8']","[0.032626960426568985, 0.920393705368042, 0.04697931557893753]","['g5e6', 'g6f7', 'e6d8']","['g5e4', 'g6f7', 'g4h5']","[0.3821703791618347, 0.9848663210868835, 0.8957726359367371]","[0.35633859038352966, 0.7254669666290283, 0.8951084017753601]","['g5e6', 'g6f7', 'e6d8']","[0.3821703791618347, 0.9848663210868835, 0.8957726359367371]",rnb2r2/pp2n3/4ppk1/b2p2Nq/3P2Q1/2P5/P4PPP/RNB1K2R w KQ - 0 13
9VjjX,r1b2k1r/ppN1bppp/1q3n2/4Q3/4P3/8/PPP2PPP/3RKB1R b K - 6 12,f6g4 d1d8 e7d8 e5e8,1339,76,96,20484,mate mateIn2 opening sacrifice short,https://lichess.org/SRTaf9bR/black#23,Sicilian_Defense Sicilian_Defense_Classical_Variation,"['d1d8', 'e7d8', 'e5e8']","[0.061836548149585724, 1.0, 0.6141728758811951]","['e5f4', 'e7d8', 'e5e8']","[0.0041512236930429935, 0.9878078103065491, 0.008041005581617355]","['d1d8', 'e7d8', 'e5e8']","['e5e7', 'f8e7', 'c7d5']","[0.4082443416118622, 1.0, 0.8037611842155457]","[0.3893691599369049, 0.9913970232009888, 0.922550618648529]","['d1d8', 'e7d8', 'e5e8']","[0.4082443416118622, 1.0, 0.8037611842155457]",r2b1k1r/ppN1bppp/1q6/4Q3/4P1n1/8/PPP2PPP/3RKB1R w K - 7 13
9YCuo,8/8/8/1k2p1p1/1p2PpPP/1N2bPp1/6K1/8 b - - 0 46,b5a4 h4g5 a4b3 g5g6,1785,75,88,125,advantage endgame sacrifice short,https://lichess.org/cdIWOKoZ/black#91,,"['h4g5', 'a4b3', 'g5g6']","[0.17961445450782776, 0.7263335585594177, 0.6951335072517395]","['h4h5', 'a4b3', 'g5g6']","[0.005632417742162943, 0.9692261815071106, 0.025141442194581032]","['h4g5', 'a4b3', 'g5g6']","['h4h5', 'a4b3', 'h5h6']","[0.6509761810302734, 0.9586710929870605, 0.9860947132110596]","[0.3083606958389282, 0.8198209404945374, 0.9719364047050476]","['h4g5', 'a4b3', 'g5g6']","[0.6509761810302734, 0.9586710929870605, 0.9860947132110596]",8/3N4/8/4p1p1/kp2PpPP/4bPp1/6K1/8 w - - 1 47
9ZbVL,8/6p1/3k1n2/p1p1pP1p/7P/P1N2KP1/1P6/8 w - - 0 36,c3e4 f6e4 f3e4 a5a4,2342,78,91,1665,crushing defensiveMove endgame knightEndgame short zugzwang,https://lichess.org/dmIFZmRz#70,,"['f6e4', 'f3e4', 'a5a4']","[0.05215193331241608, 0.7807958722114563, 0.6597644686698914]","['d6d5', 'f3e4', 'a5a4']","[0.013706034980714321, 0.9766671657562256, 0.009626781567931175]","['f6e4', 'f3e4', 'a5a4']","['d6d5', 'e4f6', 'g7f6']","[0.5115501284599304, 0.9312731027603149, 0.8629566431045532]","[0.38081255555152893, 0.8560912013053894, 0.9650341868400574]","['f6e4', 'f3e4', 'a5a4']","[0.5115501284599304, 0.9312731027603149, 0.8629566431045532]",8/6p1/3k1n1P/p1p1pP1p/4N2P/P4KP1/1P6/8 b - - 1 36
9eXb0,r7/pp2N2p/6p1/6k1/2B3b1/8/Pb4PP/1R5K b - - 1 25,a8d8 h2h4 g5h4 b1b2,2064,79,87,1037,advantage endgame short,https://lichess.org/s8tJFGrc/black#49,,"['h2h4', 'g5h4', 'b1b2']","[0.014619012363255024, 0.49950581789016724, 0.5584994554519653]","['h2h3', 'g5h4', 'b1b2']","[0.0024420020636171103, 0.9922580122947693, 0.005299957003444433]","['h2h3', 'd8d1', 'b1d1']","['h2h4', 'g5h4', 'b1b2']","[0.4105796217918396, 0.8284834027290344, 0.9420989155769348]","[0.3119555413722992, 0.7342222332954407, 0.9401276707649231]","['h2h3', 'd8d1', 'b1d1']","[0.3119555413722992, 0.7342222332954407, 0.9401276707649231]",8/pp2N2p/6p1/6k1/2B3b1/8/Pb1r2PP/1R5K w - - 2 26
9pYJh,r7/ppp1b2k/3p3p/3Pp2B/2P2pr1/2N4q/PP3K2/R2Q1R2 w - - 0 28,h5g4 h3g3 f2e2 g3e3,2144,80,87,112,mate mateIn2 middlegame short,https://lichess.org/0XQrpAAb#54,,"['h3g3', 'f2e2', 'g3e3']","[0.3280385434627533, 1.0, 0.09139643609523773]","['h3h2', 'f2e2', 'g3g4']","[0.010273189283907413, 0.9554567337036133, 0.03427010029554367]","['e7h4', 'f2g1', 'a8g8']","['h3g3', 'f2e2', 'g3e3']","[0.539914608001709, 0.9919604659080505, 0.9185711741447449]","[0.3279555141925812, 1.0, 0.9207547307014465]","['e7h4', 'f2g1', 'a8g8']","[0.3279555141925812, 1.0, 0.9207547307014465]",r7/ppp1b2k/3p3p/3Pp3/2P2pB1/2N4q/PP6/R2QKR2 b - - 0 28
9rqNx,6k1/1b2bpp1/p2qpn1p/1p6/3Nn2B/P1N1P2P/1PQ2PP1/1B4K1 b - - 4 21,d6c7 c3e4 c7c2 b1c2,2277,88,90,682,crushing middlegame short,https://lichess.org/r654n0rd/black#41,,"['c3e4', 'c7c2', 'b1c2']","[0.27365872263908386, 0.08335389196872711, 0.7675699591636658]","['c3e4', 'c7c2', 'b1c2']","[0.01078775990754366, 0.9756805896759033, 0.013531656935811043]","['c3e4', 'c7c2', 'b1c2']","['c3d5', 'f6d5', 'c2c7']","[0.46550655364990234, 0.9121168255805969, 0.7928224205970764]","[0.33792540431022644, 0.7126615643501282, 0.8921007513999939]","['c3e4', 'c7c2', 'b1c2']","[0.46550655364990234, 0.9121168255805969, 0.7928224205970764]",6k1/1bq1bpp1/p3pn1p/1p6/3Nn2B/P1NKP2P/1PQ2PP1/1B6 w - - 5 22
A4R2I,r2r2k1/R4p2/2b2bp1/3p4/4B3/4B3/P2K1PP1/7R w - - 0 23,e4f3 d5d4 a7a8 d4e3,1495,75,88,161,crushing doubleCheck middlegame sacrifice short,https://lichess.org/mSrXwkpQ#44,,"['d5d4', 'a7a8', 'd4e3']","[0.026344936341047287, 0.6879505515098572, 0.3750198781490326]","['a8a7', 'a7a8', 'd4e3']","[0.01331848744302988, 0.9782398343086243, 0.008441675454378128]","['a8a7', 'e3a7', 'd8a8']","['d5d4', 'a7a8', 'd4e3']","[0.45844048261642456, 0.914025604724884, 0.7288163900375366]","[0.300622820854187, 0.8504287004470825, 0.9305552840232849]","['a8a7', 'e3a7', 'd8a8']","[0.300622820854187, 0.8504287004470825, 0.9305552840232849]",r2r2k1/R1P2p2/2b2bp1/3p4/8/4BB2/P2K1PP1/7R b - - 1 23
A9hrn,8/4k3/5b2/5PrK/8/8/8/7Q w - - 2 56,h5h4 g5g1 h4h3 g1h1,1180,75,96,5487,crushing discoveredAttack endgame master short,https://lichess.org/oyVu1SSt#110,,"['g5g1', 'h4h3', 'g1h1']","[0.040516097098588943, 0.457496702671051, 0.854343056678772]","['e7f8', 'h4h5', 'g1h1']","[0.030208153650164604, 0.9560363292694092, 0.013755498453974724]","['g5g1', 'h4h3', 'g1h1']","['g5g8', 'h4h3', 'g8h8']","[0.5345492362976074, 0.8005836009979248, 0.9617156386375427]","[0.3413430154323578, 0.9901442527770996, 0.8406975269317627]","['g5g1', 'h4h3', 'g1h1']","[0.5345492362976074, 0.8005836009979248, 0.9617156386375427]",8/4k3/5b2/5Pr1/7K/5Q2/8/8 b - - 3 56
AGno3,4r1k1/1b3ppp/p7/2b5/1P2n3/3B2P1/1PPB3P/R4R1K w - - 0 24,b4c5 e4f2 h1g1 f2h3,2186,76,94,4007,doubleCheck mate mateIn2 middlegame short,https://lichess.org/V4x4WZlg#46,,"['e4f2', 'h1g1', 'f2h3']","[0.036957286298274994, 1.0, 0.28744837641716003]","['e4d2', 'h1g1', 'f2h3']","[0.003487261710688472, 0.968680202960968, 0.02783246897161007]","['e4f2', 'h1g1', 'f2h3']","['e4g5', 'f1f3', 'g5f3']","[0.6081593632698059, 1.0, 0.8875725865364075]","[0.3351786732673645, 0.8074504733085632, 0.8705952763557434]","['e4f2', 'h1g1', 'f2h3']","[0.6081593632698059, 1.0, 0.8875725865364075]",4r1k1/1b3ppp/p7/2P5/4n3/R2B2P1/1PPB3P/R6K b - - 0 24
AIHS2,r5k1/2p2pp1/2n3rp/1B1b4/P2Pn3/4B2q/1PR2PP1/2Q1R2K w - - 0 24,g2h3 e4f2 h1h2 g6g2,1080,74,94,619,doubleCheck kingsideAttack mate mateIn2 middlegame short,https://lichess.org/XSyiV0Me#46,,"['e4f2', 'h1h2', 'g6g2']","[0.030192488804459572, 1.0, 0.7266605496406555]","['e4d2', 'h1h2', 'g6g2']","[0.004259130917489529, 0.9822854995727539, 0.013455385342240334]","['e4d2', 'f2f3', 'd5f3']","['e4f2', 'h1h2', 'g6g2']","[0.4216766655445099, 0.806274950504303, 0.863247811794281]","[0.36569467186927795, 1.0, 0.846843421459198]","['e4d2', 'f2f3', 'd5f3']","[0.36569467186927795, 1.0, 0.846843421459198]",r5k1/2p2pp1/2n3rp/1B1b2P1/P2Pn3/4B2P/1PR2P2/2Q1R2K b - - 0 24
AUdca,rn2r1k1/ppb2ppp/2pqbp2/8/3P4/2PBBN1P/PP3PP1/R2QR1K1 b - - 4 13,e6d5 e3f4 e8e1 d1e1,1809,75,95,564,crushing opening short,https://lichess.org/8CaWVsyv/black#25,Caro-Kann_Defense Caro-Kann_Defense_Two_Knights_Attack,"['e3f4', 'e8e1', 'd1e1']","[0.029762661084532738, 0.38006848096847534, 0.5936576128005981]","['c3c4', 'e8e1', 'd1e1']","[0.22452758252620697, 0.6756278872489929, 0.09984453022480011]","['e3f4', 'e8e1', 'd1e1']","['c3c4', 'd5f3', 'd1f3']","[0.34446612000465393, 0.867987871170044, 0.9885756373405457]","[0.32998546957969666, 0.7195656299591064, 0.7307309508323669]","['e3f4', 'e8e1', 'd1e1']","[0.34446612000465393, 0.867987871170044, 0.9885756373405457]",rn2r1k1/ppb2ppp/2pq1p2/3b4/3P3K/2PBBN1P/PP3PP1/R2QR3 w - - 5 14
AaoHf,3r1r2/6pQ/p1k5/1p2q3/1P1R4/P5PB/3R3P/6K1 w - - 1 35,d4d8 e5e1 h3f1 e1f1,1719,79,94,12225,endgame mate mateIn2 short,https://lichess.org/zCpk6Knb#68,,"['e5e1', 'h3f1', 'e1f1']","[0.20852069556713104, 0.2578103542327881, 0.2029798924922943]","['e5e3', 'g1g2', 'f8f1']","[0.010581400245428085, 0.7614641785621643, 0.22795435786247253]","['e5e3', 'g1g2', 'e3f3']","['e5e1', 'h3f1', 'e1f1']","[0.5553499460220337, 0.937720537185669, 0.8987049460411072]","[0.3623999357223511, 0.7308850288391113, 0.9238681197166443]","['e5e3', 'g1g2', 'e3f3']","[0.3623999357223511, 0.7308850288391113, 0.9238681197166443]",3R1r2/5Qp1/p1k5/1p2q3/1P6/P5PB/3R3P/6K1 b - - 0 35
Aj2b2,2knR3/pppr4/1b5p/5Qp1/2P3P1/5N1P/P4PK1/q7 b - - 1 24,a1a2 e8d8 c8d8 f5f8,1937,79,90,132172,attraction mate mateIn2 middlegame pin queensideAttack sacrifice short,https://lichess.org/n4qzdyKC/black#47,,"['e8d8', 'c8d8', 'f5f8']","[0.007622052449733019, 1.0, 0.627605676651001]","['f3e5', 'c8d8', 'f5f8']","[0.00364626944065094, 0.9887518286705017, 0.007601873483508825]","['e8d8', 'c8d8', 'f5f8']","['f3e5', 'a2f2', 'f5f2']","[0.5224771499633789, 1.0, 0.916396975517273]","[0.30423954129219055, 0.7873866558074951, 0.9821439385414124]","['e8d8', 'c8d8', 'f5f8']","[0.5224771499633789, 1.0, 0.916396975517273]",2knR3/pppr1b2/7p/5Qp1/2P3P1/5N1P/q4PK1/8 w - - 0 25
AsWzN,6k1/2pq1pp1/ppQ3np/8/1P1P4/P5P1/1B3P1P/2R1r1K1 w - - 3 23,g1g2 g6h4 g3h4 d7g4,2010,79,80,130,endgame mate mateIn2 sacrifice short,https://lichess.org/XAx7yFuX#44,,"['g6h4', 'g3h4', 'd7g4']","[0.26483410596847534, 1.0, 0.854383647441864]","['g6h4', 'g3h4', 'd7g4']","[0.017219768837094307, 0.9728696942329407, 0.0099104642868042]","['g6f4', 'g2f3', 'd7c6']","['g6h4', 'g3h4', 'd7g4']","[0.3432137370109558, 0.9943386912345886, 0.8218560814857483]","[0.32629239559173584, 1.0, 0.9264910221099854]","['g6f4', 'g2f3', 'd7c6']","[0.32629239559173584, 1.0, 0.9264910221099854]",6k1/2pq1pp1/ppQ3np/8/1P1P4/P5PP/1B3PKP/2R1r3 b - - 4 23
AwdAd,r5r1/1p4k1/4p3/3p4/2pP1R2/2P3R1/6PK/2q5 b - - 3 40,g7h8 f4h4 c1h6 h4h6,1006,75,89,532,endgame mate mateIn2 queenRookEndgame short,https://lichess.org/G7AkFiPL/black#79,,"['f4h4', 'c1h6', 'h4h6']","[0.6676309704780579, 1.0, 0.8095538020133972]","['f4h4', 'c1h6', 'h4h6']","[0.007337301038205624, 0.9817377924919128, 0.010924865491688251]","['f4h4', 'c1h6', 'h4h6']","['g3h3', 'h8g7', 'h3g3']","[0.6245973706245422, 1.0, 0.9660568833351135]","[0.30341482162475586, 1.0, 0.8124138712882996]","['f4h4', 'c1h6', 'h4h6']","[0.6245973706245422, 1.0, 0.9660568833351135]",r6k/1p3r2/4p3/3p4/2pP1R2/2P3R1/6PK/2q5 w - - 4 41
BBaCH,7k/pp4p1/2p2p2/2P2K2/1r4P1/4PR2/4r3/3R4 b - - 1 49,b4c4 d1d8 h8h7 f3h3,1092,80,94,1147,endgame mate mateIn2 rookEndgame short,https://lichess.org/xc4XIalB/black#97,,"['d1d8', 'h8h7', 'f3h3']","[0.09120603650808334, 1.0, 0.8227198719978333]","['f5g6', 'h8h7', 'f3h3']","[0.0052632479928433895, 0.9888322353363037, 0.005904499441385269]","['d1d8', 'h8h7', 'f3h3']","['f5g6', 'c4g4', 'g6f7']","[0.32642510533332825, 1.0, 0.9449226260185242]","[0.3027937710285187, 0.936613142490387, 0.9633933901786804]","['d1d8', 'h8h7', 'f3h3']","[0.32642510533332825, 1.0, 0.9449226260185242]",7k/pp4p1/2p2p2/2P2K2/2r3Pp/4PR2/4r3/3R4 w - - 2 50
BJIEQ,8/3R4/6pk/7p/4Q3/2r4P/P4qP1/7K w - - 2 35,e4e5 c3c1 h1h2 f2g1,1216,75,80,259,crushing endgame short,https://lichess.org/GTQqfgIe#68,,"['c3c1', 'h1h2', 'f2g1']","[0.6664576530456543, 0.977816641330719, 0.8502543568611145]","['c3c1', 'h1h2', 'f2g1']","[0.0029983215499669313, 0.9942328333854675, 0.002768809674307704]","['c3c1', 'h1h2', 'f2g1']","['c3h3', 'g2h3', 'f2f1']","[0.42351895570755005, 0.9816020131111145, 0.7994318604469299]","[0.40124472975730896, 0.9961960315704346, 0.9206795692443848]","['c3c1', 'h1h2', 'f2g1']","[0.42351895570755005, 0.9816020131111145, 0.7994318604469299]",3Q4/3R4/6pk/7p/8/2r4P/P4qP1/7K b - - 3 35
BKQtm,4r1k1/1p3p1p/pq4bQ/3pPPN1/3r4/8/P5PP/3R1RK1 w - - 0 28,f5g6 d4d1 g1h1 d1f1,1093,78,86,259,backRankMate discoveredAttack mate mateIn2 middlegame short,https://lichess.org/h4HEjwIN#54,,"['d4d1', 'g1h1', 'd1f1']","[0.1645987331867218, 1.0, 0.8489036560058594]","['d4d2', 'g1h1', 'd1f1']","[0.0037574374582618475, 0.9610457420349121, 0.035196781158447266]","['d4d1', 'g1h1', 'd1f1']","['d4h4', 'g1h1', 'h4h6']","[0.5407635569572449, 1.0, 0.9089296460151672]","[0.3299613296985626, 0.8530632853507996, 0.8993810415267944]","['d4d1', 'g1h1', 'd1f1']","[0.5407635569572449, 1.0, 0.9089296460151672]",N3r1k1/1p3p1p/pq4PQ/3pP3/3r4/8/P5PP/3R1RK1 b - - 0 28
BOv2T,2r4k/6Np/8/2KPQ3/1P6/4pP2/2Rnq1P1/8 w - - 3 50,c5d4 d2b3 d4e4 e2c2,2086,78,93,9616,crushing discoveredAttack endgame short,https://lichess.org/oZi7iG0K#98,,"['d2b3', 'd4e4', 'e2c2']","[0.13045023381710052, 1.0, 0.6106973886489868]","['c8c2', 'd4e4', 'e2c2']","[0.0020218854770064354, 0.9945276379585266, 0.003450480056926608]","['d2b3', 'd4e4', 'e2c2']","['d2f3', 'g2f3', 'e2d1']","[0.36698639392852783, 1.0, 0.9023006558418274]","[0.313595712184906, 0.947756826877594, 0.7810102701187134]","['d2b3', 'd4e4', 'e2c2']","[0.36698639392852783, 1.0, 0.9023006558418274]",2r2q1k/6Np/8/3PQ3/1P1K4/4pP2/2Rn2P1/8 b - - 4 50
BWhlt,6k1/5p1p/p1qp2pb/1p6/3QP3/1P3P2/r5PP/B2R2K1 b - - 3 29,c6c5 d4c5 d6c5 d1d8,511,97,91,706,clearance crushing endgame short,https://lichess.org/GmTsvJjX/black#57,,"['d4c5', 'd6c5', 'd1d8']","[0.22751429677009583, 0.7759615182876587, 0.1941308081150055]","['d4c5', 'd6c5', 'a1f6']","[0.009908557869493961, 0.964508056640625, 0.025583462789654732]","['d4c5', 'd6c5', 'd1d8']","['g1f1', 'c5d4', 'a1d4']","[0.5302798748016357, 0.9388737678527832, 0.9410602450370789]","[0.3677172064781189, 0.7545546889305115, 0.9531475901603699]","['d4c5', 'd6c5', 'd1d8']","[0.5302798748016357, 0.9388737678527832, 0.9410602450370789]",6k1/5p1p/p2p2pb/1pq5/3QP3/1P3P2/3r2PP/B2R2K1 w - - 4 30
BXtVX,r1b3Q1/1ppkq2n/1b1pnr2/pP2p3/2B1P3/2P2N2/P4PPP/R1B2RK1 b - - 4 19,e7f7 f3e5 d6e5 f1d1,2172,107,-19,21,advantage middlegame sacrifice short,https://lichess.org/4osQZkmg/black#37,,"['f3e5', 'd6e5', 'f1d1']","[0.01975644752383232, 0.6058650612831116, 0.28415700793266296]","['g8h8', 'd6e5', 'f1d1']","[0.006899034604430199, 0.9745296239852905, 0.018571315333247185]","['c4e6', 'd7e6', 'g8h7']","['f3e5', 'd6e5', 'f1d1']","[0.3428226411342621, 0.792782187461853, 0.8764235973358154]","[0.3426452577114105, 0.9793969392776489, 0.8610974550247192]","['c4e6', 'd7e6', 'g8h7']","[0.3426452577114105, 0.9793969392776489, 0.8610974550247192]",r3b1Q1/1ppk1q1n/1b1pnr2/pP2p3/2B1P3/2P2N2/P4PPP/R1B2RK1 w - - 5 20
Be2eo,2r2r2/pp4k1/4b2Q/3p1pB1/4pb2/8/PPq3B1/7K b - - 3 33,g7f7 h6h7 f7e8 h7e7,2215,80,68,163,mate mateIn2 middlegame short,https://lichess.org/LLrcD9K2/black#65,,"['h6h7', 'f7e8', 'h7e7']","[0.1315324902534485, 1.0, 0.5293830633163452]","['h6f6', 'f7e8', 'h7e7']","[0.004778472241014242, 0.968553364276886, 0.026668164879083633]","['h6f6', 'f7g8', 'f6g6']","['h6h7', 'f7e8', 'h7e7']","[0.5894755721092224, 0.9977298378944397, 0.8959538340568542]","[0.3335995674133301, 1.0, 0.883205771446228]","['h6f6', 'f7g8', 'f6g6']","[0.3335995674133301, 1.0, 0.883205771446228]",2r2r2/pp3k2/3qb2Q/3p1pB1/4pb2/8/PP4B1/7K w - - 4 34
BjjbV,r1bqk3/ppp1n2p/5Q2/2bpN3/2B5/3P4/PPP3PP/R3K2n b Qq - 1 14,d8d6 f6f7 e8d8 f7f8,1310,75,76,855,mate mateIn2 middlegame short,https://lichess.org/H4Y3nID6/black#27,Four_Knights_Game Four_Knights_Game_Italian_Variation,"['f6f7', 'e8d8', 'f7f8']","[0.49262651801109314, 1.0, 0.5918717980384827]","['f6f7', 'e8d8', 'f7f8']","[0.009263199754059315, 0.9625969529151917, 0.0281398706138134]","['f6f7', 'e8d8', 'f7f8']","['f6h8', 'e7g8', 'h8g8']","[0.5830996632575989, 1.0, 0.8866665959358215]","[0.3187093436717987, 1.0, 0.8968032598495483]","['f6f7', 'e8d8', 'f7f8']","[0.5830996632575989, 1.0, 0.8866665959358215]",r1b1k3/ppp1n2p/3q1Q1b/3pN3/2B5/3P4/PPP3PP/R3K2n w Qq - 2 15
BwIGU,1rr1b3/p3k3/6p1/4Q3/3PK3/PPq3P1/6B1/7R b - - 1 36,e7d8 e5d6 e8d7 h1h8,1822,85,77,112,mate mateIn2 middlegame short,https://lichess.org/33DkC948/black#71,,"['e5d6', 'e8d7', 'h1h8']","[0.6422685384750366, 1.0, 0.4036225378513336]","['e5d6', 'e8d7', 'h1h8']","[0.004431452136486769, 0.9829338192939758, 0.012634728103876114]","['e5f6', 'd8c7', 'h1h7']","['e5d6', 'e8d7', 'h1h8']","[0.3637402355670929, 0.9941788911819458, 0.8990458846092224]","[0.3184053301811218, 1.0, 0.8844896554946899]","['e5f6', 'd8c7', 'h1h7']","[0.3184053301811218, 1.0, 0.8844896554946899]",1rrkb1B1/p7/6p1/4Q3/3PK3/PPq3P1/8/7R w - - 2 37
BwWLm,2kr3r/1p3p2/2n3bp/2bnpqp1/p7/2PB3P/PP1NQPPB/2KRN2R b - - 11 19,d5c3 d3f5 g6f5 e2c4,2317,77,90,2648,clearance crushing master middlegame short,https://lichess.org/YAD5f1N0/black#37,Queens_Pawn_Game Queens_Pawn_Game_Levitsky_Attack,"['d3f5', 'g6f5', 'e2c4']","[0.17390774190425873, 0.49874910712242126, 0.07912275195121765]","['b2c3', 'g6f5', 'b2c3']","[0.005975887179374695, 0.9818546772003174, 0.012169424444437027]","['b2c3', 'd8d3', 'e1d3']","['d3f5', 'g6f5', 'e2c4']","[0.5872641801834106, 0.7187996506690979, 0.7243928909301758]","[0.31599879264831543, 0.9704289436340332, 0.9147495031356812]","['b2c3', 'd8d3', 'e1d3']","[0.31599879264831543, 0.9704289436340332, 0.9147495031356812]",K1kr3r/1p3p2/2n3bp/2b1pqp1/p7/2nB3P/PP1NQPPB/3RN2R w - - 0 20
C0zi1,4kb2/1p4p1/p1r1ppp1/3Q4/3P3N/2PqB3/PP3P2/2K3R1 w - - 0 23,d5g2 c6c3 b2c3 f8a3,1567,74,96,17182,mate mateIn2 middlegame queensideAttack sacrifice short,https://lichess.org/fmodSBZ7#44,,"['c6c3', 'b2c3', 'f8a3']","[0.13049273192882538, 1.0, 0.573910117149353]","['g6g5', 'b2c3', 'f8a3']","[0.004363830666989088, 0.9813470840454102, 0.014289011247456074]","['c6c3', 'b2c3', 'f8a3']","['g6g5', 'e3d2', 'g5h4']","[0.4464060962200165, 1.0, 0.9082379937171936]","[0.44633203744888306, 0.7682462334632874, 0.87513267993927]","['c6c3', 'b2c3', 'f8a3']","[0.4464060962200165, 1.0, 0.9082379937171936]",4kb2/1p2B1p1/p1r1ppp1/8/3P3N/2Pq4/PP3PQ1/2K3R1 b - - 1 23
C763i,3r2nr/1Qpk2bp/3p1pp1/8/2P4q/4R3/PP3P1P/2KR4 b - - 0 19,g7h6 d1d6 d7d6 b7d5,1457,76,96,12955,attraction mate mateIn2 middlegame pin sacrifice short,https://lichess.org/RqT3o1J9/black#37,Modern_Defense Modern_Defense_Other_variations,"['d1d6', 'd7d6', 'b7d5']","[0.15315324068069458, 1.0, 0.1430680900812149]","['b7b5', 'd7d6', 'c4c5']","[0.0049737598747015, 0.9868479371070862, 0.008178365416824818]","['d1d6', 'd7d6', 'b7d5']","['b7b5', 'd7c8', 'b5a6']","[0.47286877036094666, 1.0, 0.8794755935668945]","[0.4590972363948822, 0.978717565536499, 0.8946834206581116]","['d1d6', 'd7d6', 'b7d5']","[0.47286877036094666, 1.0, 0.8794755935668945]",3r2n1/1Qpk3p/3prppb/8/2P4q/4R3/PP3P1P/2KR4 w - - 1 20
C8TuT,r1qr2k1/1b2bp1p/p3p1p1/8/2P3Q1/1P2BP1P/2B3P1/R2R2K1 b - - 0 21,e7c5 d1d8 c8d8 e3c5,1382,75,76,338,crushing middlegame short,https://lichess.org/PGZmx0hL/black#41,,"['d1d8', 'c8d8', 'e3c5']","[0.08056904375553131, 0.7175204753875732, 0.2573596239089966]","['g4g5', 'c8d8', 'g4f4']","[0.020523710176348686, 0.9621405601501465, 0.01733574829995632]","['d1d8', 'c8d8', 'e3c5']","['g4g5', 'c5e3', 'g5e3']","[0.3748007118701935, 0.7346128821372986, 0.9199163913726807]","[0.3634270429611206, 0.7696963548660278, 0.987490713596344]","['d1d8', 'c8d8', 'e3c5']","[0.3748007118701935, 0.7346128821372986, 0.9199163913726807]",2qr2k1/1b3p1p/p1r1p1p1/2b5/2P3Q1/1P2BP1P/2B3P1/R2R2K1 w - - 1 22
CGXqo,6k1/1p4p1/p4np1/3N4/6P1/1P3r2/P6P/4R2K w - - 1 31,e1e3 f3f1 h1g2 f6d5,1344,77,96,12075,advantage endgame short,https://lichess.org/9j8LBmy1#60,,"['f3f1', 'h1g2', 'f6d5']","[0.36545252799987793, 1.0, 0.08750121295452118]","['f3e3', 'h1g2', 'f1d1']","[0.028666554018855095, 0.9594981074333191, 0.011835385113954544]","['f3f1', 'h1g2', 'f6d5']","['f3f2', 'd5f6', 'g7f6']","[0.5194368362426758, 1.0, 0.7347463965415955]","[0.37223735451698303, 0.8847227096557617, 0.7629035711288452]","['f3f1', 'h1g2', 'f6d5']","[0.5194368362426758, 1.0, 0.7347463965415955]",6k1/1p4p1/p4np1/3N3P/6P1/1P2Rr2/P6P/7K b - - 2 31
CcOcw,1rrk4/pp3Rpp/3p4/3Q4/4n1P1/1Bq1b3/P1P1K2P/1R6 b - - 3 19,c8c5 d5e6 c3d2 e2f1,2233,104,74,23,crushing middlegame short,https://lichess.org/Rcx1R3PY/black#37,Kings_Gambit_Declined Kings_Gambit_Declined_Classical_Variation,"['d5e6', 'c3d2', 'e2f1']","[0.04071643576025963, 0.8192387819290161, 0.6036356687545776]","['f7f8', 'c3d2', 'e2f1']","[0.0029362747445702553, 0.990816593170166, 0.006247139535844326]","['f7f8', 'd8c7', 'f8f7']","['d5e6', 'c3d2', 'e2f1']","[0.3744437098503113, 0.9497671127319336, 0.8044151663780212]","[0.30701059103012085, 0.7776126265525818, 0.9921736717224121]","['f7f8', 'd8c7', 'f8f7']","[0.30701059103012085, 0.7776126265525818, 0.9921736717224121]",1r1k4/pp3Rpp/3p4/2rQ4/4n1P1/1Bq1b3/P1P1K1RP/8 w - - 4 20
CstcL,r1b2rk1/pp1p1ppp/4p3/1q2P3/Pn1P4/2Q5/3N1PPP/R2BK2R b KQ - 0 16,b4d5 c3c8 b5b2 c8c1,1733,76,90,1203,advantage middlegame short,https://lichess.org/apetkHHl/black#31,Sicilian_Defense Sicilian_Defense_Alapin_Variation,"['c3c8', 'b5b2', 'c8c1']","[0.021424515172839165, 0.2444538176059723, 0.6409416794776917]","['a4b5', 'a8c8', 'c8c1']","[0.023233840242028236, 0.953871488571167, 0.02289465069770813]","['c3c8', 'b5b2', 'c8c1']","['a4b5', 'd5c3', 'b5b6']","[0.35660043358802795, 0.7638890743255615, 0.84832763671875]","[0.35641518235206604, 0.9433615803718567, 0.7803949117660522]","['c3c8', 'b5b2', 'c8c1']","[0.35660043358802795, 0.7638890743255615, 0.84832763671875]",r1b2rk1/pp1p1ppp/4p3/1q1nP3/P2P4/2Q5/3NpPPP/R2BK2R w KQ - 1 17
D02CJ,8/p1R3Rk/1p6/3r1P2/6p1/r7/5K2/8 b - - 0 41,h7h6 g7g6 h6h5 c7h7,1770,75,95,14944,endgame mate mateIn2 rookEndgame short,https://lichess.org/nmlEQ2GT/black#81,,"['g7g6', 'h6h5', 'c7h7']","[0.034460507333278656, 1.0, 0.36200985312461853]","['g7h7', 'h6h5', 'c7h7']","[0.0014434009790420532, 0.9950571060180664, 0.003499463899061084]","['g7g6', 'h6h5', 'c7h7']","['g7g4', 'd5f5', 'f2e2']","[0.4554678201675415, 1.0, 0.9097443222999573]","[0.39613863825798035, 0.7029985785484314, 0.8067083358764648]","['g7g6', 'h6h5', 'c7h7']","[0.4554678201675415, 1.0, 0.9097443222999573]",8/p5R1/1p5k/3r1P2/1R4p1/r7/5K2/8 w - - 1 42
D2Cip,rn3r1k/pp4pp/2p5/6nQ/1P6/P1qB2P1/2P3KP/R4R2 b - - 1 23,f8f1 h5e8 f1f8 e8f8,1196,75,96,5821,kingsideAttack mate mateIn2 middlegame short,https://lichess.org/niyEjkUA/black#45,,"['h5e8', 'f1f8', 'e8f8']","[0.35172411799430847, 1.0, 0.8177087306976318]","['a1f1', 'f1f8', 'e8f8']","[0.0021064174361526966, 0.9915035963058472, 0.00639005983248353]","['h5e8', 'f1f8', 'e8f8']","['a1f1', 'b8d7', 'h5g5']","[0.5338135957717896, 1.0, 0.8550691604614258]","[0.4100807309150696, 0.8922562599182129, 0.7414489984512329]","['h5e8', 'f1f8', 'e8f8']","[0.5338135957717896, 1.0, 0.8550691604614258]",rn5k/pp4pp/2p5/5qnQ/1P6/P2B2P1/2P3KP/R4r2 w - - 0 24
D2Fsv,7k/2p3R1/2q4p/2b5/p1P5/4r1P1/1B1P3P/5QK1 w - - 1 33,g7g6 e3c3 f1f2 c5f2,2356,90,75,39,crushing discoveredAttack endgame short,https://lichess.org/NNFdd0Yx#64,,"['e3c3', 'f1f2', 'c5f2']","[0.49782878160476685, 0.13721376657485962, 0.5213332176208496]","['e3c3', 'd2d4', 'c5f2']","[0.004064852371811867, 0.9714921116828918, 0.02444307692348957]","['e3c3', 'f1f2', 'c5f2']","['e3e5', 'd2d4', 'c6g6']","[0.5339021682739258, 0.7912246584892273, 0.9265713691711426]","[0.4581610858440399, 0.9800089597702026, 0.8576927185058594]","['e3c3', 'f1f2', 'c5f2']","[0.5339021682739258, 0.7912246584892273, 0.9265713691711426]",7k/2p5/6Rp/1qb5/p1P5/4r1P1/1B1P3P/5QK1 b - - 2 33
DBN0C,2k5/2p2pp1/2p1q2r/8/Q5np/4P1K1/PPP2PP1/R4R2 w - - 0 24,g3f3 h6f6 f3e2 f6f2,2147,82,88,747,crushing endgame short,https://lichess.org/B5yhulwu#46,,"['h6f6', 'f3e2', 'f6f2']","[0.185276597738266, 0.7948192358016968, 0.044714465737342834]","['g4h2', 'f3e2', 'g4e3']","[0.003026783000677824, 0.994096040725708, 0.002877158345654607]","['h6f6', 'f3e2', 'f6f2']","['g4h2', 'f3e2', 'h2f1']","[0.40067926049232483, 0.9029563665390015, 0.8434264063835144]","[0.3636017143726349, 0.99493008852005, 0.7326743602752686]","['h6f6', 'f3e2', 'f6f2']","[0.40067926049232483, 0.9029563665390015, 0.8434264063835144]",2k5/2p2pp1/2p1q2r/8/Q5np/3RPK2/PPP2PP1/5R2 b - - 1 24
DK6dn,5r1r/1q1knQp1/pb2p2p/4P3/1R3B2/1P1P4/P2N1PPP/4R1K1 w - - 6 22,f7g7 b6f2 g1f2 b7b4,2306,84,90,573,crushing discoveredAttack middlegame pin short,https://lichess.org/JHMw9o0Q#42,,"['b6f2', 'g1f2', 'b7b4']","[0.008879533037543297, 0.5315561890602112, 0.653409481048584]","['h8g8', 'g1f2', 'b7b4']","[0.040834348648786545, 0.49837037920951843, 0.46079522371292114]","['b6f2', 'g1f2', 'b7b4']","['h8g8', 'b4b6', 'b7b6']","[0.5144667625427246, 0.8818795680999756, 0.931216835975647]","[0.3420984148979187, 0.7895078063011169, 0.8659725189208984]","['b6f2', 'g1f2', 'b7b4']","[0.5144667625427246, 0.8818795680999756, 0.931216835975647]",5r1r/1q1kn1Q1/pb2p2p/4P3/1R3B2/KP1P4/P2N1PPP/4R3 b - - 0 22
DUaiq,4r1k1/pp3pp1/2p4p/R3n3/N7/1P1b2Q1/P4PPP/5K2 w - - 1 25,f1e1 e5f3 e1d1 e8e1,1539,75,93,2249,doubleCheck endgame mate mateIn2 short,https://lichess.org/BjhjvuF7#48,,"['e5f3', 'e1d1', 'e8e1']","[0.10084268450737, 1.0, 0.44302868843078613]","['e5c4', 'e1d1', 'e8e1']","[0.002650969196110964, 0.9939755797386169, 0.0033734517637640238]","['e5f3', 'e1d1', 'e8e1']","['e5c4', 'e1d1', 'd3e2']","[0.5225928425788879, 1.0, 0.8817426562309265]","[0.3688648045063019, 0.9684559106826782, 0.8800561428070068]","['e5f3', 'e1d1', 'e8e1']","[0.5225928425788879, 1.0, 0.8817426562309265]",4r1k1/pp3pp1/2p4p/4n3/N7/1P1b2Q1/P4PPP/4K2R b - - 2 25
Dfe9B,3r1b1r/p1q2k1p/4ppp1/2pb4/2N2P2/2BP3Q/PP4PP/R3R2K w - - 0 23,c4e5 f6e5 c3e5 f8d6,1791,75,82,432,advantage middlegame short,https://lichess.org/guKgpNHi#44,,"['f6e5', 'c3e5', 'f8d6']","[0.008604212664067745, 0.15072165429592133, 0.3686564266681671]","['f7g7', 'c3e5', 'f8d6']","[0.006817204412072897, 0.9747177362442017, 0.01846504770219326]","['f7g7', 'e5g4', 'f8e7']","['f6e5', 'c3e5', 'f8d6']","[0.43994835019111633, 0.7097261548042297, 0.9124854207038879]","[0.4022311270236969, 0.8948469161987305, 0.8910104036331177]","['f7g7', 'e5g4', 'f8e7']","[0.4022311270236969, 0.8948469161987305, 0.8910104036331177]",2Rr1b1r/p1q2k1p/4ppp1/2pbN3/5P2/2BP3Q/PP4PP/R6K b - - 1 23
DhiUK,8/4q1kp/p2r2p1/1p6/4p1n1/1B2Q3/PPP3PP/2K1R3 w - - 2 30,e3e4 d6d1 c1d1 g4f2,1712,75,61,243,advantage attraction endgame sacrifice short,https://lichess.org/oOQnHZjJ#58,,"['d6d1', 'c1d1', 'g4f2']","[0.0019660836551338434, 0.9952812790870667, 0.016711024567484856]","['e7e4', 'c1d1', 'e7d6']","[0.035559382289648056, 0.7690417766571045, 0.19539885222911835]","['e7e4', 'e1e4', 'g4h2']","['d6d1', 'c1d1', 'g4f2']","[0.47762417793273926, 0.9517678618431091, 0.8234795331954956]","[0.3154844045639038, 0.7164387106895447, 0.9270655512809753]","['e7e4', 'e1e4', 'g4h2']","[0.3154844045639038, 0.7164387106895447, 0.9270655512809753]",8/4q1kp/p2r2p1/1p6/4Q1n1/8/PPP3PP/2K1R1B1 b - - 0 30
Dlqbj,rnb2rk1/pp3pp1/2p4p/3pq3/8/2PBP3/PP1NQPP1/2KR3R b - - 1 14,c8f5 e2h5 g7g6 h5h6,2150,76,91,1821,advantage master middlegame short,https://lichess.org/41v4FST3/black#27,Queens_Pawn_Game Queens_Pawn_Game_Accelerated_London_System,"['e2h5', 'g7g6', 'h5h6']","[0.002723350655287504, 0.09538965672254562, 0.42200714349746704]","['f2f4', 'f5d3', 'h5h6']","[0.021052034571766853, 0.9547120332717896, 0.02423587441444397]","['e2h5', 'g7g6', 'h5h6']","['d3f5', 'e5f5', 'g2g4']","[0.5229921936988831, 0.792035698890686, 0.8914079666137695]","[0.3152267038822174, 0.9341023564338684, 0.8170658349990845]","['e2h5', 'g7g6', 'h5h6']","[0.5229921936988831, 0.792035698890686, 0.8914079666137695]",rn3rk1/pp3pp1/2p2p1p/3pqb2/8/2PBP3/PP1NQPP1/2KR3R w - - 2 15
DoEG1,r1b1r1k1/1pqn1pp1/p1p4p/3p4/P2P2nB/2NBP1K1/1PQ1NPP1/R4R2 w - - 3 15,g3g4 d7f6 g4f3 c8g4,1269,83,93,12526,doubleCheck mate mateIn2 middlegame short,https://lichess.org/HXu5PLuv#28,Queens_Gambit_Declined Queens_Gambit_Declined_Exchange_Variation,"['d7f6', 'g4f3', 'c8g4']","[0.10225152969360352, 1.0, 0.20947639644145966]","['d7e5', 'g4f3', 'c8g4']","[0.009427696466445923, 0.9485491514205933, 0.0420231968164444]","['d7e5', 'g4g3', 'e5d3']","['d7f6', 'g4f3', 'c8g4']","[0.49504292011260986, 0.9589313864707947, 0.8827045559883118]","[0.4049071669578552, 1.0, 0.867209792137146]","['d7e5', 'g4g3', 'e5d3']","[0.4049071669578552, 1.0, 0.867209792137146]",r1b1r1k1/1pqn1pp1/p1p4p/3p1R2/P2P2KB/2NBP3/1PQ1NPP1/5R2 b - - 0 15
DofbK,8/5p1k/p4Pnp/1P4p1/P4b2/8/2P5/1K2R3 b - - 0 40,f4d2 b5a6 d2e1 a6a7,2158,77,93,4194,advancedPawn crushing endgame sacrifice short,https://lichess.org/DSWWGhlG/black#79,,"['b5a6', 'd2e1', 'a6a7']","[0.009901066310703754, 0.6303797364234924, 0.332395076751709]","['e1e2', 'd2e1', 'a6a7']","[0.00497024692595005, 0.9893697500228882, 0.0056599886156618595]","['b5a6', 'd2e1', 'a6a7']","['e1e7', 'a6b5', 'e7f7']","[0.4101238548755646, 0.8047596216201782, 0.9779903888702393]","[0.3169877231121063, 0.8151742219924927, 0.8674129247665405]","['b5a6', 'd2e1', 'a6a7']","[0.4101238548755646, 0.8047596216201782, 0.9779903888702393]",2n5/5p1k/p4P1p/1P4p1/P7/8/2Pb4/1K2R3 w - - 1 41
Dubiv,4rrk1/1b4pp/ppq1p3/2p1n1PQ/3p1N2/P7/1PPB2PP/4RR1K w - - 4 21,e1e5 c6g2 f4g2 f8f1,1790,90,88,82,kingsideAttack mate mateIn2 middlegame sacrifice short,https://lichess.org/kOmvBLXo#40,,"['c6g2', 'f4g2', 'f8f1']","[0.01886768452823162, 1.0, 0.48384028673171997]","['f8f5', 'f4g2', 'f8f1']","[0.02088204212486744, 0.8936293721199036, 0.08548852056264877]","['f8f4', 'h5e8', 'c6e8']","['c6g2', 'f4g2', 'f8f1']","[0.5811927914619446, 0.834113359451294, 0.9862083196640015]","[0.3668631315231323, 1.0, 0.9061273336410522]","['f8f4', 'h5e8', 'c6e8']","[0.3668631315231323, 1.0, 0.9061273336410522]",4rrk1/1b4pp/ppq1p3/2p1R1P1/3p1N2/P7/1PPBQ1PP/5R1K b - - 0 21
Dv3BS,8/pp2Q1kp/4b1p1/8/2P3P1/1P3PK1/3pq2P/8 b - - 5 34,g7h8 e7f8 e6g8 f8f6,1433,76,97,1526,endgame,https://lichess.org/5Z9i7wtv/black#67,,"['e7f8', 'e6g8', 'f8f6']","[0.24682068824768066, 1.0, 0.8660709261894226]","['e7f6', 'e6g8', 'f8f6']","[0.0005665118806064129, 0.9977107048034668, 0.0017228071810677648]","['e7f8', 'e6g8', 'f8f6']","['e7e8', 'h8g7', 'e8e7']","[0.4061938524246216, 1.0, 0.8885097503662109]","[0.36289823055267334, 0.9478811621665955, 0.9270780086517334]","['e7f8', 'e6g8', 'f8f6']","[0.4061938524246216, 1.0, 0.8885097503662109]",7k/pp2Q2p/4b1p1/8/2Pq2P1/1P3PK1/3p3P/8 w - - 6 35
Dys0U,6k1/ppq4p/2b2b2/2p2p2/3p2pN/2PP2P1/PP3PBP/4Q1K1 b - - 1 23,c6g2 e1e8 g8g7 h4f5,1275,75,91,570,endgame kingsideAttack mate mateIn2 short,https://lichess.org/CFGdvRrS/black#45,,"['e1e8', 'g8g7', 'h4f5']","[0.13449442386627197, 1.0, 0.3536977171897888]","['e1e6', 'g8g7', 'h4f5']","[0.022292213514447212, 0.9716172218322754, 0.006090505979955196]","['e1e8', 'g8g7', 'h4f5']","['e1e6', 'c7f7', 'e6c8']","[0.4324931204319, 1.0, 0.9190199971199036]","[0.3845420777797699, 0.9390944838523865, 0.9335170984268188]","['e1e8', 'g8g7', 'h4f5']","[0.4324931204319, 1.0, 0.9190199971199036]",6k1/ppq4p/5b1b/2p2p2/3p2pN/2PP2P1/PP3P1P/4Q1K1 w - - 0 24
E62jT,2r1k2r/1p3pp1/7p/1P1p3P/3q4/2N1p3/1BKnB3/2RQ3R w k - 6 28,h1h3 d4e4 e2d3 e4a4,2440,78,95,2549,mate mateIn2 middlegame pin short,https://lichess.org/PJrLccmT#54,,"['d4e4', 'e2d3', 'e4a4']","[0.007182699162513018, 1.0, 0.026594430208206177]","['e8g8', 'e2d3', 'e8g8']","[0.0029178382828831673, 0.9934600591659546, 0.0036220562178641558]","['e8g8', 'h3e3', 'd4e3']","['d4e4', 'e2d3', 'e4a4']","[0.3771725296974182, 0.7834418416023254, 0.8157777786254883]","[0.3674749732017517, 1.0, 0.89020174741745]","['e8g8', 'h3e3', 'd4e3']","[0.3674749732017517, 1.0, 0.89020174741745]",2r1k2r/1p3pp1/7p/1P1p3P/3q4/2N1p1QR/1BKnB3/2R5 b k - 7 28
E8m6n,1r6/5k1p/4p1p1/PR1pP3/r2K1P2/6P1/7P/1R6 w - - 1 46,d4c5 a4c4 c5d6 b8d8,1424,77,89,1355,endgame mate mateIn2 rookEndgame short,https://lichess.org/gQy08NKM#90,,"['a4c4', 'c5d6', 'b8d8']","[0.03034222312271595, 1.0, 0.8282813429832458]","['b8c8', 'c5d6', 'b8d8']","[0.020037181675434113, 0.8900850415229797, 0.08987783640623093]","['a4a5', 'b5a5', 'b8b1']","['a4c4', 'c5d6', 'b8d8']","[0.4067652225494385, 0.9450845122337341, 0.9273167252540588]","[0.33983102440834045, 1.0, 0.9366508722305298]","['a4a5', 'b5a5', 'b8b1']","[0.33983102440834045, 1.0, 0.9366508722305298]",1r6/5k1p/4p1p1/PR1pP3/r4P2/2K3P1/7P/1R6 b - - 2 46
EIT28,5r1k/p1p3p1/1p2Rn1p/5q2/1PP5/P2r1B1P/5PPK/2Q1R3 w - - 0 27,c1c2 d3f3 c2f5 f3f5,1700,74,93,2936,advantage middlegame short,https://lichess.org/zPaVXITV#52,,"['d3f3', 'c2f5', 'f3f5']","[0.18268942832946777, 0.3529141843318939, 0.7489838600158691]","['d3f3', 'c2f5', 'f3f5']","[0.008300825953483582, 0.9619256258010864, 0.02977360598742962]","['d3f3', 'c2f5', 'f3f5']","['f5f4', 'h2g1', 'd3a3']","[0.4910161793231964, 0.8308579921722412, 0.920182466506958]","[0.3496788740158081, 0.8567253351211548, 0.7610463500022888]","['d3f3', 'c2f5', 'f3f5']","[0.4910161793231964, 0.8308579921722412, 0.920182466506958]",5r1k/p1p3p1/1p2Rn1p/5q2/1PP5/P2r1B1P/5PPK/4RQ2 b - - 1 27
ELtwP,6k1/5p1p/1Q2p1pq/3pP3/5P2/5R1P/2Pn2PK/8 w - - 2 38,f3g3 d2f1 h2g1 f1g3,1133,78,59,130,crushing endgame fork short,https://lichess.org/xTCJMtaN#74,,"['d2f1', 'h2g1', 'f1g3']","[0.48533427715301514, 0.8609512448310852, 0.8175053596496582]","['d2f1', 'h2g1', 'f1g3']","[0.004678475204855204, 0.9896935820579529, 0.005627993028610945]","['h6f4', 'b6d8', 'g8g7']","['d2f1', 'h2g1', 'f1g3']","[0.5973644256591797, 0.8874818682670593, 1.0]","[0.35916200280189514, 0.9109910726547241, 0.9553618431091309]","['h6f4', 'b6d8', 'g8g7']","[0.35916200280189514, 0.9109910726547241, 0.9553618431091309]",6k1/5ppp/1Q2p1pq/3pP3/5P2/6RP/2Pn2PK/8 b - - 3 38
EME3V,6rk/2RR2p1/5pQp/p3p2P/8/8/1r2qnPK/8 b - - 1 39,f2e4 g6h6 g7h6 d7h7,1723,74,92,694,mate mateIn2 middlegame sacrifice short,https://lichess.org/4AOqnxjf/black#77,,"['g6h6', 'g7h6', 'd7h7']","[0.004210018552839756, 1.0, 0.9117509126663208]","['d7g7', 'g7h6', 'd7h7']","[0.002580739790573716, 0.9895176291465759, 0.007901685312390327]","['g6h6', 'g7h6', 'd7h7']","['d7g7', 'e2g2', 'g6g2']","[0.5037949085235596, 1.0, 0.9117513298988342]","[0.3409667909145355, 0.851557195186615, 1.0]","['g6h6', 'g7h6', 'd7h7']","[0.5037949085235596, 1.0, 0.9117513298988342]",6rk/2RR2p1/4KpQp/p3p2P/4n3/8/1r2q1P1/8 w - - 2 40
EMrIm,r1b2rk1/1p3p2/p1n1p1p1/8/3qN3/P2B1Q2/1P3PP1/R3K2R b KQ - 1 17,c6e5 e4f6 g8g7 h1h7,1302,75,94,587,kingsideAttack mate mateIn2 middlegame short,https://lichess.org/OdYiZ5vD/black#33,Queens_Gambit_Declined Queens_Gambit_Declined_Other_variations,"['e4f6', 'g8g7', 'h1h7']","[0.21452216804027557, 1.0, 0.5814285278320312]","['f3h3', 'g8g7', 'h1h7']","[0.04302164539694786, 0.9464401006698608, 0.01053827814757824]","['e4f6', 'g8g7', 'h1h7']","['f3h3', 'e5d3', 'e1f1']","[0.37652382254600525, 1.0, 0.8626543879508972]","[0.3046169877052307, 0.9295841455459595, 0.9296832084655762]","['e4f6', 'g8g7', 'h1h7']","[0.37652382254600525, 1.0, 0.8626543879508972]",r4rk1/1p3p2/p3p1p1/4n3/3qN3/P2B1Q2/1P2bPP1/R3K2R w KQ - 2 18
ENO3W,r5k1/p6p/1qp2rp1/8/3p4/8/PPN3PP/R1BQ2K1 w - - 0 20,d1d4 a8d8 c1e3 d8d4,2138,75,95,354,middlegame,https://lichess.org/tjb3wJNf#38,,"['a8d8', 'c1e3', 'd8d4']","[0.11360306292772293, 0.5074385404586792, 0.513640820980072]","['a8f8', 'c1e3', 'd8d4']","[0.021412566304206848, 0.8757381439208984, 0.10284934937953949]","['a8d8', 'c1e3', 'd8d4']","['f6d6', 'd4b6', 'd6d1']","[0.449745774269104, 0.8639839887619019, 0.87587970495224]","[0.32258403301239014, 0.8289241790771484, 0.7611352205276489]","['a8d8', 'c1e3', 'd8d4']","[0.449745774269104, 0.8639839887619019, 0.87587970495224]",r5k1/p6p/1qp2rp1/8/8/4Q3/PPN3PP/R1B3K1 b - - 0 20
ERqQG,1rkr4/5QRp/p1pbp2P/8/2qPP3/2p1B1P1/P4P2/R3K3 w Q - 15 34,d4d5 b8b2 f7e6 c8b8,2460,87,83,95,crushing master middlegame short,https://lichess.org/Tmyx443t#66,,"['b8b2', 'f7e6', 'c8b8']","[0.31831762194633484, 0.4696878492832184, 0.9378912448883057]","['b8b2', 'f7e6', 'c8b8']","[0.002613938180729747, 0.9934508800506592, 0.003935149405151606]","['c4e4', 'f7e6', 'e4e6']","['b8b2', 'f7e6', 'c8b8']","[0.5200379490852356, 0.8889103531837463, 0.9831006526947021]","[0.40189144015312195, 0.7237648963928223, 0.9904036521911621]","['c4e4', 'f7e6', 'e4e6']","[0.40189144015312195, 0.7237648963928223, 0.9904036521911621]",1rkr4/5QRp/p1p1p2P/3Pb3/2q1P3/2p1B1P1/P4P2/R3K3 b Q - 0 34
EdZum,rn5k/pQp3pp/4b3/8/3P4/2q2N2/P5PP/R5KR w - - 0 21,b7a8 c3e3 g1f1 e6c4,1725,76,96,342,middlegame,https://lichess.org/HwFwtpP8#40,,"['c3e3', 'g1f1', 'e6c4']","[0.47092780470848083, 1.0, 0.8097029328346252]","['c3e3', 'g1f1', 'e6c4']","[0.001694829436019063, 0.9938269257545471, 0.004478224087506533]","['c3e3', 'g1f1', 'e6c4']","['c3a1', 'g1f2', 'a1h1']","[0.5986335873603821, 1.0, 0.8827210068702698]","[0.3145957887172699, 0.9945703148841858, 0.9045131802558899]","['c3e3', 'g1f1', 'e6c4']","[0.5986335873603821, 1.0, 0.8827210068702698]",Qn5k/p1p3pp/5b2/8/3P4/2q2N2/P5PP/R5KR b - - 0 21
EknVc,2r3k1/4Npp1/p3p2p/1p2P3/1Pb5/P3qNP1/5PP1/3R2K1 b - - 0 29,g8f8 e7c8 e3d3 d1d3,844,76,100,729,advantage endgame hangingPiece short,https://lichess.org/EM0VMU1G/black#57,,"['e7c8', 'e3d3', 'd1d3']","[0.2928961515426636, 0.021723058074712753, 0.7249152660369873]","['f2e3', 'e3e2', 'd1d3']","[0.0038042282685637474, 0.9933254718780518, 0.0028702898416668177]","['e7g6', 'f7g6', 'f2e3']","['e7c8', 'e3d3', 'd1d3']","[0.32793939113616943, 0.9166627526283264, 0.9452979564666748]","[0.3248971998691559, 0.7796086072921753, 0.9491817355155945]","['e7g6', 'f7g6', 'f2e3']","[0.3248971998691559, 0.7796086072921753, 0.9491817355155945]",2r2k2/4Npp1/p3p2p/1p2P2N/1Pb5/P3q1P1/5PP1/3R2K1 w - - 1 30
ElGwX,4k3/7R/pb2P1p1/1p2B3/1P2BP2/P7/4R1K1/1r4r1 w - - 1 46,g2f3 b1f1 e2f2 f1f2,1433,75,100,1135,mate mateIn2 middlegame short,https://lichess.org/0r8V12p3#90,,"['b1f1', 'e2f2', 'f1f2']","[0.21951453387737274, 1.0, 0.5754021406173706]","['b1b3', 'e2f2', 'f1f2']","[0.0122843561694026, 0.8184277415275574, 0.16928790509700775]","['b1b3', 'e4d3', 'b3d3']","['b1f1', 'e2f2', 'f1f2']","[0.5831287503242493, 0.973483681678772, 0.7820835113525391]","[0.36406680941581726, 1.0, 0.9458295702934265]","['b1b3', 'e4d3', 'b3d3']","[0.36406680941581726, 1.0, 0.9458295702934265]",4k3/7R/pb2P1p1/1p2BB2/1P3P2/P4K2/4R3/1r4r1 b - - 2 46
EmtcQ,2br4/5pk1/p1P3p1/1p1Np2p/1P2P2P/P2B2P1/1b5K/2R5 w - - 1 37,c6c7 d8d5 e4d5 b2c1,1522,74,92,5457,crushing endgame short,https://lichess.org/fVVZx5oF#72,,"['d8d5', 'e4d5', 'b2c1']","[0.40588030219078064, 0.3764658570289612, 0.6920344233512878]","['d8d5', 'e4d5', 'b2c1']","[0.0025307682808488607, 0.9922188520431519, 0.00525037432089448]","['d8d6', 'c1c2', 'b2a3']","['d8d5', 'e4d5', 'b2c1']","[0.4295332729816437, 0.7833472490310669, 0.7335888743400574]","[0.3278602063655853, 0.7076377272605896, 0.9325278997421265]","['d8d6', 'c1c2', 'b2a3']","[0.3278602063655853, 0.7076377272605896, 0.9325278997421265]",2br4/2P2pk1/p3P1p1/1p1Np2p/1P2P2P/P2B2P1/1b5K/2R5 b - - 0 37
EoASZ,3r2k1/4b1pp/p5q1/2pn1p2/Pn1pNB2/1P3P2/2PQR1PP/4R1K1 w - - 0 28,e4g5 d5f4 e2e7 g6g5,1502,93,78,28,advantage capturingDefender middlegame short,https://lichess.org/S4eCTV66#54,,"['d5f4', 'e2e7', 'g6g5']","[0.17258262634277344, 0.5101842284202576, 0.3710712194442749]","['d5e3', 'e2e7', 'g6g5']","[0.002599881961941719, 0.9929661750793457, 0.0044339424930512905]","['e7f6', 'g5e6', 'd8c8']","['d5f4', 'e2e7', 'g6g5']","[0.36990290880203247, 0.7452977299690247, 0.7254107594490051]","[0.32530513405799866, 0.7147822976112366, 0.8346066474914551]","['e7f6', 'g5e6', 'd8c8']","[0.32530513405799866, 0.7147822976112366, 0.8346066474914551]",3r4/4b1pp/p5q1/2pn1pN1/Pn1p1B2/1P3P2/1kPQR1PP/4R1K1 b - - 1 28
EwYR7,3rr1k1/pp2p1b1/2p3Q1/6N1/2qP1Pb1/4P3/PP6/RK5R b - - 4 27,c4d5 h1h8 g8h8 g6h7,1670,73,95,15419,attraction kingsideAttack mate mateIn2 middlegame pin sacrifice short,https://lichess.org/9M0r1RSV/black#53,,"['h1h8', 'g8h8', 'g6h7']","[0.03863910585641861, 1.0, 0.4912426471710205]","['g6h7', 'g8h8', 'g6h7']","[0.007102224975824356, 0.9872625470161438, 0.005635244306176901]","['e3e4', 'g4f5', 'g6f5']","['h1h8', 'g8h8', 'g6h7']","[0.6141241788864136, 0.7122690081596375, 0.826350212097168]","[0.3087049424648285, 1.0, 0.9064883589744568]","['e3e4', 'g4f5', 'g6f5']","[0.3087049424648285, 1.0, 0.9064883589744568]",3rr1k1/pp2p1b1/2p3Q1/3q4/3P1Pb1/4P3/PPN5/RK5R w - - 5 28
F3pfo,r4rk1/pp1n2p1/2p3B1/3p2Q1/3P4/4P2P/P2q1P2/2R2K1R w - - 1 22,c1c2 f8f2 f1g1 d2e1,1750,76,93,422,mate mateIn2 middlegame short,https://lichess.org/knKNwDmT#42,,"['f8f2', 'f1g1', 'd2e1']","[0.004363915883004665, 1.0, 0.4325520396232605]","['d2d1', 'f1g1', 'd2e1']","[0.003214511089026928, 0.9920796751976013, 0.004705771803855896]","['f8f2', 'f1g1', 'd2e1']","['d2d1', 'f1g2', 'd1f3']","[0.5075570344924927, 1.0, 0.7363013625144958]","[0.41631612181663513, 1.0, 0.9185175895690918]","['f8f2', 'f1g1', 'd2e1']","[0.5075570344924927, 1.0, 0.7363013625144958]",r4rk1/pp1n2p1/2p3B1/3p4/3P4/4P1QP/P1Rq1P2/5K1R b - - 2 22
F549e,5rk1/p1p2ppp/3pq3/b2Np1B1/Q1Pn4/P2P2P1/4rP1P/R4RK1 w - - 0 17,a4a5 d4f3 g1g2 f3g5,1327,121,13,47,advantage fork middlegame short,https://lichess.org/aBsLn7ai#32,English_Opening English_Opening_Kings_English_Variation,"['d4f3', 'g1g2', 'f3g5']","[0.3186125159263611, 0.8941895961761475, 0.5246312618255615]","['d4f3', 'g1g2', 'f3g5']","[0.0021247537806630135, 0.9965419173240662, 0.0013332628877833486]","['e6h3', 'd5e7', 'g8h8']","['d4f3', 'g1g2', 'f3g5']","[0.4614523649215698, 0.84540855884552, 1.0]","[0.33985671401023865, 0.9472348093986511, 0.898535430431366]","['e6h3', 'd5e7', 'g8h8']","[0.33985671401023865, 0.9472348093986511, 0.898535430431366]",5rk1/pBp2ppp/3pq3/Q2Np3/2Pn4/P2P2P1/4rP1P/R4RK1 b - - 0 17
FAILX,6k1/pb4pp/1p6/1P6/N1P1n3/1P4P1/3p2KP/4R3 w - - 0 31,e1g1 e4g5 g2f2 g5h3,2130,153,82,12,crushing discoveredAttack endgame short,https://lichess.org/zykl3WEV#60,,"['e4g5', 'g2f2', 'g5h3']","[0.0686778649687767, 0.8888551592826843, 0.3485336899757385]","['e4c3', 'g2f2', 'g5h3']","[0.006434259004890919, 0.9887702465057373, 0.004795555025339127]","['e4g5', 'g2f2', 'g5h3']","['e4c3', 'g2f2', 'd2d1q']","[0.4864535331726074, 0.9767103791236877, 0.930600643157959]","[0.41989439725875854, 0.964396595954895, 0.789021909236908]","['e4g5', 'g2f2', 'g5h3']","[0.4864535331726074, 0.9767103791236877, 0.930600643157959]",6k1/p5pp/1p6/1P6/NbP1n3/1P4P1/3p2KP/6R1 b - - 1 31
FJP9v,6k1/pb4p1/1p5p/3P1P2/4n3/P7/7P/2BR1R1K w - - 0 30,d5d6 e4f2 h1g1 f2h3,1962,81,83,173,doubleCheck endgame mate mateIn2 short,https://lichess.org/2LYxujUR#58,,"['e4f2', 'h1g1', 'f2h3']","[0.08382797241210938, 1.0, 0.2136741727590561]","['e4d6', 'h1g1', 'f2h3']","[0.009038513526320457, 0.8494939804077148, 0.14146745204925537]","['e4f2', 'h1g1', 'f2h3']","['e4g5', 'f1f3', 'b7f3']","[0.6071093082427979, 1.0, 0.8854379057884216]","[0.30611932277679443, 0.9808186888694763, 0.9461243152618408]","['e4f2', 'h1g1', 'f2h3']","[0.6071093082427979, 1.0, 0.8854379057884216]",6k1/pb4p1/1p1P3p/5P2/4n3/P4R2/7P/2BR3K b - - 0 30
FLgHs,6nk/7p/3p1p1p/3P4/2Q1Pq2/8/P1K1Br2/1R6 b - - 3 32,f6f5 c4d4 f4e5 d4f2,1396,75,97,24708,crushing deflection endgame short,https://lichess.org/hdh81bF3/black#63,,"['c4d4', 'f4e5', 'd4f2']","[0.2534969747066498, 0.06072975695133209, 0.2419438660144806]","['c4c3', 'g8f6', 'd4e5']","[0.014886010438203812, 0.9537932872772217, 0.031320713460445404]","['c4d4', 'f4e5', 'd4f2']","['c4c3', 'f4e5', 'c3e5']","[0.5252686142921448, 0.8662040829658508, 0.8183013796806335]","[0.32817670702934265, 0.9910350441932678, 0.8769407272338867]","['c4d4', 'f4e5', 'd4f2']","[0.5252686142921448, 0.8662040829658508, 0.8183013796806335]",6nk/7p/3p3p/3P1p2/2Q1P2q/8/P1K1Br2/1R6 w - - 0 33
FOzmt,8/p1p5/4RB1p/1kp3pq/5p2/1PP2P2/P4PK1/8 b - - 0 27,h5f7 c3c4 b5b4 e6a6,2239,76,88,312,crushing endgame short,https://lichess.org/OuXHK5t0/black#53,,"['c3c4', 'b5b4', 'e6a6']","[0.27728182077407837, 0.6846292018890381, 0.2579292356967926]","['c3c4', 'b5b4', 'e6a6']","[0.009097266010940075, 0.9665292501449585, 0.02437344752252102]","['c3c4', 'b5b4', 'e6a6']","['a2a4', 'b5a5', 'e6c6']","[0.5638225674629211, 0.9868285059928894, 0.9116807579994202]","[0.3225139081478119, 1.0, 0.8125748038291931]","['c3c4', 'b5b4', 'e6a6']","[0.5638225674629211, 0.9868285059928894, 0.9116807579994202]",8/p1p5/4RB1p/1kp3p1/5p2/1PPq1P2/P4PK1/8 w - - 1 28
FQmAn,8/8/3p2p1/p1pp1k1p/P2P3P/2P2KP1/2P5/8 w - - 0 31,c3c4 c5d4 c4d5 f5e5,1712,75,96,4177,crushing endgame pawnEndgame short,https://lichess.org/sdOXFd7a#60,,"['c5d4', 'c4d5', 'f5e5']","[0.22607539594173431, 0.9014509916305542, 0.6365522742271423]","['d5c4', 'c4d5', 'f5e5']","[0.0363905094563961, 0.9473447799682617, 0.016264701262116432]","['c5d4', 'c4d5', 'f5e5']","['d5c4', 'd4c5', 'd6c5']","[0.5358604192733765, 0.7905322313308716, 0.8629383444786072]","[0.40380361676216125, 0.9544829726219177, 0.7563515901565552]","['c5d4', 'c4d5', 'f5e5']","[0.5358604192733765, 0.7905322313308716, 0.8629383444786072]",8/8/3p2p1/2pp1k1p/P1PP3P/5KP1/2P5/8 b - - 0 31
FTelQ,rn2kb1r/pp2pppp/2pq4/8/2NP4/3bP3/PP1N1KPP/R1BQR3 b kq - 0 10,d6h2 d2f3 h2c7 d1d3,1558,74,90,1078,advantage discoveredAttack opening short,https://lichess.org/vsi9GyTe/black#19,Slav_Defense Slav_Defense_Quiet_Variation,"['d2f3', 'h2c7', 'd1d3']","[0.21191191673278809, 0.4134508967399597, 0.8999984860420227]","['e1h1', 'h2c7', 'd1d3']","[0.030592072755098343, 0.9188113808631897, 0.05059656500816345]","['d2f3', 'h2c7', 'd1d3']","['c4e5', 'h2h4', 'f2g1']","[0.4268335700035095, 0.7560446262359619, 0.92830491065979]","[0.38816383481025696, 0.8747401833534241, 0.8182815313339233]","['d2f3', 'h2c7', 'd1d3']","[0.4268335700035095, 0.7560446262359619, 0.92830491065979]",rn2kb1r/pp2pppp/2p5/8/2NP4/3bP3/PP1NRKPq/R1BQ4 w kq - 0 11
FjbuI,8/2p2p2/1p3Ppk/p2QP3/3P3r/P2q4/1P3PRP/7K w - - 3 39,d5f7 d3d1 g2g1 d1f3,1977,76,68,81,crushing endgame short,https://lichess.org/qCZWLCzQ#76,,"['d3d1', 'g2g1', 'd1f3']","[0.163700133562088, 1.0, 0.9530000686645508]","['d3f1', 'g2g1', 'd1f3']","[0.0009542831685394049, 0.9978448152542114, 0.0012009554775431752]","['d3d1', 'g2g1', 'd1f3']","['d3b1', 'g2g1', 'b1e4']","[0.49969661235809326, 1.0, 0.8094096183776855]","[0.3711230456829071, 1.0, 0.942221462726593]","['d3d1', 'g2g1', 'd1f3']","[0.49969661235809326, 1.0, 0.8094096183776855]",8/2p2Q2/1p4pk/p3P3/3P3r/P2q4/1P3PRP/7K b - - 0 39
FpWF2,4Q3/1p1P2rk/2p5/5p1p/P5qp/R5B1/1P3P2/6K1 b - - 0 35,h4g3 d7d8q g3f2 g1f2,2529,85,90,801,advancedPawn crushing endgame promotion short,https://lichess.org/2ifv3MK3/black#69,,"['d7d8q', 'g3f2', 'g1f2']","[0.10621664673089981, 0.7305330634117126, 0.7099193930625916]","['f2f3', 'g3f2', 'g1f2']","[0.015063601545989513, 0.9804494976997375, 0.004486915655434132]","['d7d8q', 'g3f2', 'g1f2']","['a3g3', 'g4d1', 'g1h2']","[0.4662301540374756, 0.9168967604637146, 0.8636051416397095]","[0.38345634937286377, 0.9266694784164429, 0.7859105467796326]","['d7d8q', 'g3f2', 'g1f2']","[0.4662301540374756, 0.9168967604637146, 0.8636051416397095]",8/1p1P1Qrk/2p5/5p1p/P5q1/R5p1/1P3P2/6K1 w - - 0 36
Fq9nH,k6r/pp3b2/3Q4/3p2p1/4p3/PP2P1Pq/2PR1P2/5RK1 w - - 2 31,f2f4 h3g3 d2g2 g3e3,1857,247,-100,4,advantage endgame short,https://lichess.org/XmxPbVX7#60,,"['h3g3', 'd2g2', 'g3e3']","[0.10559305548667908, 1.0, 0.7607691884040833]","['h3h1', 'd2g2', 'g3e3']","[0.004519668873399496, 0.9936461448669434, 0.0018342167604714632]","['h3g3', 'd2g2', 'g3e3']","['h3h1', 'g1f2', 'h1f3']","[0.41319748759269714, 1.0, 0.7980343699455261]","[0.384269654750824, 1.0, 0.8509365916252136]","['h3g3', 'd2g2', 'g3e3']","[0.41319748759269714, 1.0, 0.7980343699455261]",k6r/pp3b2/8/2Qp2p1/4pP2/PP2P1Pq/2PR4/5RK1 b - f3 0 31
FrXtx,5k2/8/R5K1/8/7P/1p6/8/1r6 w - - 0 51,h4h5 b1g1 g6f6 g1f1,2412,93,89,1440,crushing endgame rookEndgame short,https://lichess.org/6VIYIFoj#100,,"['b1g1', 'g6f6', 'g1f1']","[0.2600012719631195, 0.44138357043266296, 0.4495302736759186]","['b1g1', 'g6f6', 'g1f1']","[0.010197408497333527, 0.9863328337669373, 0.003469736548140645]","['b3b2', 'a6a8', 'f8e7']","['b1g1', 'g6f6', 'g1f1']","[0.4411070644855499, 0.7750636339187622, 1.0]","[0.39721357822418213, 0.7625190019607544, 0.8464374542236328]","['b3b2', 'a6a8', 'f8e7']","[0.39721357822418213, 0.7625190019607544, 0.8464374542236328]",5k2/8/6K1/7P/8/1p6/4R3/1r6 b - - 0 51
G0CGa,r1b1k3/1pp3p1/p6p/2Pn4/3P2q1/5NP1/P2Br1BK/R1Q2R2 w q - 4 28,f1e1 g4h3 h2g1 h3g2,1914,106,20,24,mate mateIn2 middlegame pin short,https://lichess.org/9KxwkBTo#54,,"['g4h3', 'h2g1', 'h3g2']","[0.010069763287901878, 1.0, 0.8430055975914001]","['g4h5', 'h2g1', 'h3g2']","[0.02446947619318962, 0.7164015769958496, 0.25912901759147644]","['g4h3', 'h2g1', 'h3g2']","['g4f3', 'e1e2', 'f3e2']","[0.5480347275733948, 1.0, 0.9152047038078308]","[0.3637959659099579, 0.9412164092063904, 0.9599443674087524]","['g4h3', 'h2g1', 'h3g2']","[0.5480347275733948, 1.0, 0.9152047038078308]",r1b1k3/1pp3p1/p6p/2Pn4/3P2q1/5NP1/P2BrPBK/R1Q1R3 b q - 5 28
G5Djm,3N4/1kp2q2/rp1bp3/1Q1p4/3Pn3/2P1P1P1/1P3r2/2KR1R2 b - - 1 30,b7a7 b5a6 a7a6 d8f7,2135,74,91,3129,advantage middlegame short,https://lichess.org/UjDRGBX0/black#59,,"['b5a6', 'a7a6', 'd8f7']","[0.0025109504349529743, 0.9453384280204773, 0.8159806728363037]","['d8f7', 'a7a6', 'd8f7']","[0.007267070468515158, 0.9892857670783997, 0.003447231138125062]","['b5a6', 'a7a6', 'd8f7']","['d8c6', 'a7b7', 'c6d8']","[0.5020917057991028, 0.9796410799026489, 0.965009331703186]","[0.4331197738647461, 0.9885805249214172, 0.8099045157432556]","['b5a6', 'a7a6', 'd8f7']","[0.5020917057991028, 0.9796410799026489, 0.965009331703186]",q2N4/k1p5/rp1bp3/1Q1p4/3Pn3/2P1P1P1/1P3r2/2KR1R2 w - - 2 31
G7iPS,8/8/1p1Pkbp1/p6p/P3K3/BP6/7P/8 w - - 2 45,e4f4 f6e5 f4g5 e5h2,2121,90,64,23,bishopEndgame crushing endgame short skewer,https://lichess.org/7g3gyqOO#88,,"['f6e5', 'f4g5', 'e5h2']","[0.09383062273263931, 0.7978765964508057, 0.525392472743988]","['g6g5', 'f4g5', 'e5h2']","[0.055141933262348175, 0.9178194403648376, 0.02703862078487873]","['g6g5', 'f4e4', 'g5g4']","['f6e5', 'f4g5', 'e5h2']","[0.45072534680366516, 0.9124582409858704, 0.7219981551170349]","[0.40387916564941406, 0.81922847032547, 0.9038766622543335]","['g6g5', 'f4e4', 'g5g4']","[0.40387916564941406, 0.81922847032547, 0.9038766622543335]",8/8/1p1Pkbp1/p6p/P4K2/1P6/B6P/8 b - - 3 45
GD4nh,2k4r/ppp3p1/3r4/6q1/2P5/P1Q1P2p/1P3PPK/R5R1 w - - 0 26,g2h3 h8h3 h2h3 d6h6,1245,95,60,26,attraction endgame mate mateIn2 sacrifice short,https://lichess.org/GQSAmYdc#50,,"['h8h3', 'h2h3', 'd6h6']","[0.02780841663479805, 1.0, 0.4808584153652191]","['g5f5', 'h2h3', 'd6h6']","[0.0055155218578875065, 0.9846031069755554, 0.009881343692541122]","['g5f5', 'e3e4', 'f5f2']","['h8h3', 'h2h3', 'd6h6']","[0.6069811582565308, 0.7549834847450256, 0.8106192946434021]","[0.30048543214797974, 1.0, 0.8644359111785889]","['g5f5', 'e3e4', 'f5f2']","[0.30048543214797974, 1.0, 0.8644359111785889]",2k4r/ppp3p1/3r4/6q1/2P5/P1Q1P2P/KP3P2/R5R1 b - - 0 26
GGS8H,2b3kr/p4pp1/8/3B3p/6nq/2N5/PPPP1PP1/R1BQ1RK1 w - - 3 15,d5f7 g8f8 f1e1 h4f2,2288,81,87,423,crushing defensiveMove middlegame short,https://lichess.org/RXeIZFW9#28,Bishops_Opening Bishops_Opening_Philidor_Counterattack,"['g8f8', 'f1e1', 'h4f2']","[0.34106361865997314, 0.05723391845822334, 0.38866591453552246]","['g8f7', 'f2f4', 'h4f2']","[0.011203702539205551, 0.9570459127426147, 0.03175035119056702]","['g8f8', 'f1e1', 'h4f2']","['g8h7', 'd1g4', 'h5g4']","[0.5003190636634827, 0.795353353023529, 0.8367815613746643]","[0.4837481677532196, 0.8355060815811157, 0.778588056564331]","['g8f8', 'f1e1', 'h4f2']","[0.5003190636634827, 0.795353353023529, 0.8367815613746643]",2b3kr/p4Bp1/8/3n3p/7q/2N5/PPPP1PP1/R1BQ1RK1 b - - 0 15
GHrJH,q2r2k1/pb2N1p1/1p2rp2/2n4Q/2P5/8/P4PPP/1B2R1K1 b - - 5 32,e6e7 e1e7 d8d1 h5d1,2285,77,91,1415,advantage hangingPiece middlegame short,https://lichess.org/CiLxecSe/black#63,,"['e1e7', 'd8d1', 'h5d1']","[0.34673091769218445, 0.0031475413125008345, 0.9862479567527771]","['e1e7', 'b7e4', 'h5d1']","[0.0041083162650465965, 0.9806857109069824, 0.01520594023168087]","['h5h7', 'g8f8', 'h7h8']","['e1e7', 'd8d1', 'h5d1']","[0.4585034251213074, 0.9052630066871643, 0.9187034964561462]","[0.36992505192756653, 0.8285255432128906, 0.9945854544639587]","['h5h7', 'g8f8', 'h7h8']","[0.36992505192756653, 0.8285255432128906, 0.9945854544639587]",q5k1/pb2r1p1/1p3p2/2n4Q/2P5/8/P1r2PPP/1B2R1K1 w - - 0 33
GJUmD,r1b2rk1/ppqn1pp1/2p4p/3p4/3P2nB/2NBP1K1/PP2NPP1/R2Q1R2 w - - 3 13,g3g4 d7f6 g4f3 c8g4,1142,79,95,19878,doubleCheck mate mateIn2 middlegame short,https://lichess.org/Rtb2yPfA#24,Queens_Gambit_Declined Queens_Gambit_Declined_Exchange_Variation,"['d7f6', 'g4f3', 'c8g4']","[0.09890279173851013, 1.0, 0.2213289737701416]","['d7e5', 'g4f3', 'c8g4']","[0.017288867384195328, 0.8941675424575806, 0.08854350447654724]","['d7f6', 'g4f3', 'c8g4']","['d7e5', 'g4g3', 'e5d3']","[0.4626210629940033, 1.0, 0.8718382716178894]","[0.4421099126338959, 0.9722353219985962, 0.868872880935669]","['d7f6', 'g4f3', 'c8g4']","[0.4626210629940033, 1.0, 0.8718382716178894]",r1b2rk1/ppqn1pp1/2p1R2p/3p4/3P2KB/2NBP3/PP2NPP1/3Q1R2 b - - 0 13
GJbsv,r4rk1/1p1B1pb1/p3p1pp/4P3/Q2P3q/4PR1P/P5P1/5RK1 b - - 1 25,a8d8 f3f7 f8f7 d7e6,1677,75,96,1087,capturingDefender crushing master middlegame pin sacrifice short,https://lichess.org/Kx8K58bx/black#49,,"['f3f7', 'f8f7', 'd7e6']","[0.013037329539656639, 0.27477356791496277, 0.21773655712604523]","['g1h2', 'f8f7', 'f1f7']","[0.1485726237297058, 0.8088540434837341, 0.04257339611649513]","['f3f7', 'f8f7', 'd7e6']","['d4d5', 'h4a4', 'd7a4']","[0.514859139919281, 0.7615566849708557, 0.9327311515808105]","[0.36770445108413696, 0.8811776638031006, 0.916999340057373]","['f3f7', 'f8f7', 'd7e6']","[0.514859139919281, 0.7615566849708557, 0.9327311515808105]",3r1rk1/1p1B1pb1/p3p1pp/4P3/Q2P3q/4PR1P/P3p1P1/5RK1 w - - 2 26
GQTAV,8/5pk1/b4n2/p1Kp2p1/P5Pp/5P2/4N2P/5B2 b - - 5 39,g7g6 e2f4 g5f4 f1a6,1542,76,93,1069,advantage discoveredAttack endgame short,https://lichess.org/gKcVZm3L/black#77,,"['e2f4', 'g5f4', 'f1a6']","[0.03341200202703476, 0.16352863609790802, 0.796201765537262]","['e2g3', 'g6g7', 'f1a6']","[0.007304071914404631, 0.9792467951774597, 0.013449114747345448]","['c5b6', 'a6c4', 'b6a5']","['e2f4', 'g5f4', 'f1a6']","[0.5405483841896057, 0.9478017091751099, 0.8464905619621277]","[0.3367246389389038, 0.9266524314880371, 0.9669200778007507]","['c5b6', 'a6c4', 'b6a5']","[0.3367246389389038, 0.9266524314880371, 0.9669200778007507]",8/5p2/b4nk1/p1Kp2p1/P5Pp/5P2/2p1N2P/5B2 w - - 6 40
GTN5a,2kr3r/1pp1nppp/8/4Pb2/5P2/2n1NN2/4BKPP/R6R b - - 1 19,c3e2 a1a8 c8d7 h1d1,1536,91,80,35,crushing middlegame short,https://lichess.org/THj0DnUA/black#37,Scandinavian_Defense Scandinavian_Defense_Mieses-Kotroc_Variation,"['a1a8', 'c8d7', 'h1d1']","[0.2010578215122223, 1.0, 0.2639271914958954]","['f2e2', 'c8d7', 'a8a4']","[0.003041880438104272, 0.9881489872932434, 0.008809177204966545]","['e3f5', 'e7f5', 'f2e2']","['a1a8', 'c8d7', 'h1d1']","[0.47412288188934326, 0.9334783554077148, 0.8559507727622986]","[0.35271695256233215, 1.0, 0.7926560044288635]","['e3f5', 'e7f5', 'f2e2']","[0.35271695256233215, 1.0, 0.7926560044288635]",2kr3r/1pp1nppp/8/4Pb2/5P1R/4NN2/4nKPP/R7 w - - 0 20
GbXUb,8/1b3pk1/p2b1p2/8/1p1pr3/1N1N2P1/PP3P2/R2Q2Kr w - - 4 39,g1h1 e4h4 h1g1 h4h1,1739,75,93,3550,doubleCheck mate mateIn2 middlegame short,https://lichess.org/j0FUVt2h#76,,"['e4h4', 'h1g1', 'h4h1']","[0.07501281797885895, 1.0, 0.5911604166030884]","['e4e1', 'h1g1', 'h4h1']","[0.010743985883891582, 0.8839085102081299, 0.10534755885601044]","['e4e1', 'h1h2', 'e1d1']","['e4h4', 'h1g1', 'h4h1']","[0.4888477027416229, 1.0, 0.8362802267074585]","[0.4326647222042084, 1.0, 0.8800593018531799]","['e4e1', 'h1h2', 'e1d1']","[0.4326647222042084, 1.0, 0.8800593018531799]",8/1b3pk1/p2b1p2/8/1p1pr3/1N1N1PP1/PP3P2/R2Q3K b - - 0 39
GhClm,2bk4/Q1Rqb2r/1P1p1p2/3P1P2/4P1pp/8/6PP/6K1 b - - 2 33,d7b5 c7c8 d8c8 a7c7,1835,80,65,107,attraction endgame mate mateIn2 sacrifice short,https://lichess.org/V2mmHEy0/black#65,,"['c7c8', 'd8c8', 'a7c7']","[0.07127170264720917, 1.0, 0.3557489812374115]","['b6b7', 'd8c8', 'a7a8']","[0.0026754674036055803, 0.9914683103561401, 0.0058561875484883785]","['a7b8', 'b5b1', 'g1f2']","['c7c8', 'd8c8', 'a7c7']","[0.431878000497818, 0.7198176980018616, 0.9900522828102112]","[0.36411094665527344, 1.0, 0.9304055571556091]","['a7b8', 'b5b1', 'g1f2']","[0.36411094665527344, 1.0, 0.9304055571556091]",2bk4/Q1R4r/1P1p1pb1/1q1P1P2/4P1pp/8/6PP/6K1 w - - 3 34
GiKkC,6k1/1R6/p3pP1p/3p3N/1p1b2P1/r7/7P/7K b - - 2 36,b4b3 f6f7 g8f8 h5f4,1947,82,79,36,advancedPawn crushing endgame short,https://lichess.org/a0cNAekH/black#71,,"['f6f7', 'g8f8', 'h5f4']","[0.07194548845291138, 0.9702677726745605, 0.5561561584472656]","['h1g2', 'g8f8', 'h5f4']","[0.002068772679194808, 0.9945955872535706, 0.003335664514452219]","['b7b8', 'g8f7', 'b8b7']","['f6f7', 'g8f8', 'h5f4']","[0.48422375321388245, 0.7148981094360352, 0.9463517069816589]","[0.4180550277233124, 0.9713684916496277, 0.9620149731636047]","['b7b8', 'g8f7', 'b8b7']","[0.4180550277233124, 0.9713684916496277, 0.9620149731636047]",6k1/1R6/p3pP1p/3p4/3b2P1/rp6/7P/3N3K w - - 0 37
Guqpy,r2q1rk1/6pp/p1p2b2/np1pN3/3P4/1P4NP/P1Q2PP1/R3R1K1 w - - 1 22,e5c6 a5c6 c2c6 f6d4,2061,78,91,2408,advantage capturingDefender middlegame short,https://lichess.org/yeZ0WgKN#42,,"['a5c6', 'c2c6', 'f6d4']","[0.12362905591726303, 0.7924462556838989, 0.6019978523254395]","['d8c7', 'c2c6', 'f6d4']","[0.015876103192567825, 0.9097013473510742, 0.07442259788513184]","['a5c6', 'c2c6', 'f6d4']","['a8c8', 'c6d8', 'c8c2']","[0.4741346836090088, 0.8353263735771179, 0.9356066584587097]","[0.43780049681663513, 0.8934943079948425, 0.9287635087966919]","['a5c6', 'c2c6', 'f6d4']","[0.4741346836090088, 0.8353263735771179, 0.9356066584587097]",r2q2k1/6pp/p1N2b2/np1pr3/3P4/1P4NP/P1Q2PP1/R3R1K1 b - - 0 22
GwWi7,5rk1/pR2Rpb1/2p3p1/6N1/r1P5/4P3/6PP/6K1 w - - 0 30,g5e6 a4a1 g1f2 f7e6,1671,75,93,1197,advantage discoveredAttack endgame short,https://lichess.org/22H87AQe#58,,"['a4a1', 'g1f2', 'f7e6']","[0.4461672008037567, 0.9975095987319946, 0.2980552017688751]","['a4a1', 'g1f2', 'a1a2']","[0.004288486670702696, 0.9896559715270996, 0.006055558566004038]","['g7f6', 'e6f8', 'f6e7']","['a4a1', 'g1f2', 'f7e6']","[0.4861072599887848, 0.8586009740829468, 0.8385993242263794]","[0.4017592668533325, 0.9869757294654846, 0.7353499531745911]","['g7f6', 'e6f8', 'f6e7']","[0.4017592668533325, 0.9869757294654846, 0.7353499531745911]",r5k1/pR2Rpb1/2p1N1p1/8/r1P5/4P3/6PP/6K1 b - - 1 30
H3RFs,5rk1/4rppp/B7/1QpqN1nb/3P4/1P2P1P1/P4P1P/2R1R1K1 w - - 1 26,b5c5 g5h3 g1f1 d5h1,1956,77,79,79,kingsideAttack mate mateIn2 middlegame short,https://lichess.org/ZlLyaftS#50,,"['g5h3', 'g1f1', 'd5h1']","[0.11528001725673676, 1.0, 0.3261259198188782]","['g5h3', 'g1f1', 'd5h1']","[0.0284990593791008, 0.7553465962409973, 0.21615436673164368]","['g5h3', 'g1f1', 'd5h1']","['e7e5', 'c5d5', 'e5d5']","[0.45416074991226196, 1.0, 0.8424005508422852]","[0.4115593135356903, 0.8266115784645081, 0.9385792016983032]","['g5h3', 'g1f1', 'd5h1']","[0.45416074991226196, 1.0, 0.8424005508422852]",5rk1/4rppp/B7/2QqN1n1/3P4/1Pb1P1P1/P4P1P/2R1R1K1 b - - 0 26
H5OUa,2r2r2/1p3pk1/pq2b3/2bp3N/6nQ/1PN5/P1P2PPP/R4RK1 b - - 1 21,g7g8 h4g5 g8h8 g5g7,1523,75,82,212,kingsideAttack mate mateIn2 middlegame short,https://lichess.org/Oq9lxQy2/black#41,,"['h4g5', 'g8h8', 'g5g7']","[0.28164637088775635, 0.09078443795442581, 0.4042380154132843]","['h4g5', 'g8h7', 'g5g7']","[0.012430477887392044, 0.9800437688827515, 0.007525823079049587]","['h4g5', 'g8h8', 'g5g7']","['c3d5', 'c5f2', 'f1f2']","[0.5631024241447449, 0.7734498381614685, 0.8594816327095032]","[0.34990713000297546, 0.7545487880706787, 0.8079875111579895]","['h4g5', 'g8h8', 'g5g7']","[0.5631024241447449, 0.7734498381614685, 0.8594816327095032]",2r3k1/1p3p2/pq2b3/2bp3N/4r1nQ/1PN5/P1P2PPP/R4RK1 w - - 2 22
HAT1l,7k/4NQ2/6pp/2p5/2P5/4q1P1/2n3KP/8 b - - 1 33,c2e1 g2h3 e3e7 f7e7,1036,76,100,841,endgame,https://lichess.org/KjdU64Ox/black#65,,"['g2h3', 'e3e7', 'f7e7']","[0.48842594027519226, 0.037237782031297684, 0.9535889029502869]","['g2h3', 'g6g5', 'f7e7']","[0.04450441896915436, 0.9502578377723694, 0.005237801466137171]","['g2h3', 'e3e7', 'f7e7']","['g2f1', 'e3f3', 'f7f3']","[0.6584981679916382, 0.8296827673912048, 0.9651345610618591]","[0.3280573785305023, 0.8530346751213074, 0.9803613424301147]","['g2h3', 'e3e7', 'f7e7']","[0.6584981679916382, 0.8296827673912048, 0.9651345610618591]",7k/4N3/6pp/2p5/2P5/4q1P1/6KP/2Q1n3 w - - 2 34
HJKok,7k/p3b3/2RN3p/3nP2K/3P2R1/r7/1r4PP/8 b - - 12 39,b2g2 d6f7 h8h7 c6h6,1751,76,95,14723,discoveredAttack mate mateIn2 middlegame short,https://lichess.org/M76oUz3n/black#77,,"['d6f7', 'h8h7', 'c6h6']","[0.06329368054866791, 1.0, 0.6518517136573792]","['g4g2', 'h8h7', 'c6h6']","[0.00562235526740551, 0.9904277324676514, 0.0039499495178461075]","['g4g2', 'd5f4', 'h5g4']","['d6f7', 'h8h7', 'c6h6']","[0.49076569080352783, 0.8208649158477783, 0.973095178604126]","[0.4239446520805359, 1.0, 0.8775423169136047]","['g4g2', 'd5f4', 'h5g4']","[0.4239446520805359, 1.0, 0.8775423169136047]",7k/p3b3/3N3p/3nP2K/3P1RR1/r7/6rP/8 w - - 0 40
HMCDt,3qr3/1p4pk/p2pb1Rp/4n2Q/2r4R/1N5P/PP4P1/1B4K1 b - - 0 24,c4h4 g6h6 h7g8 h6h8,1749,75,95,4740,doubleCheck mate mateIn2 middlegame short,https://lichess.org/Fcvx1BvK/black#47,,"['g6h6', 'h7g8', 'h6h8']","[0.04946557804942131, 1.0, 0.12629203498363495]","['h5e5', 'h7g8', 'h6h8']","[0.04785614088177681, 0.5587641000747681, 0.39337974786758423]","['g6e6', 'g7g6', 'b1g6']","['g6h6', 'h7g8', 'h6h8']","[0.4770272374153137, 0.9234700202941895, 0.8203108906745911]","[0.4113275408744812, 1.0, 0.8941735625267029]","['g6e6', 'g7g6', 'b1g6']","[0.4113275408744812, 1.0, 0.8941735625267029]",3qr3/1p4pk/p2pb1Rp/4n2Q/4r3/1N5P/PP4P1/1B4K1 w - - 0 25
HgCec,rn2kb1r/ppp2p2/3p1q1p/3n2p1/3P1p2/1P3N2/P1P1B1PP/R1BQR1K1 b kq - 0 12,a7a6 e2b5 e8d8 e1e8,1756,77,86,708,doubleCheck mate mateIn2 opening short,https://lichess.org/bM84vAOI/black#23,Kings_Gambit_Accepted Kings_Gambit_Accepted_Becker_Defense,"['e2b5', 'e8d8', 'e1e8']","[0.00562438415363431, 1.0, 0.15503154695034027]","['c2c4', 'e8d8', 'b5c4']","[0.016795344650745392, 0.936977207660675, 0.04622741788625717]","['e2a6', 'd5e7', 'a6b7']","['e2b5', 'e8d8', 'e1e8']","[0.6004012227058411, 0.8821065425872803, 0.8951845765113831]","[0.316927433013916, 1.0, 0.9165070056915283]","['e2a6', 'd5e7', 'a6b7']","[0.316927433013916, 1.0, 0.9165070056915283]",rn2k2r/1pp1bp2/p2p1q1p/3n2p1/3P1p2/1P3N2/P1P1B1PP/R1BQR1K1 w kq - 0 13
Hmqkn,8/3p4/6k1/2P1B3/4R2P/pP1b2K1/1b6/8 w - - 2 41,e4e1 b2e5 e1e5 a3a2,1320,78,94,18303,advancedPawn advantage endgame master short,https://lichess.org/YzeYzTfX#80,,"['b2e5', 'e1e5', 'a3a2']","[0.02280447818338871, 0.753456175327301, 0.47535011172294617]","['g6f5', 'e1e5', 'a3a2']","[0.011402808129787445, 0.9308831691741943, 0.05771401524543762]","['b2e5', 'e1e5', 'a3a2']","['g6f5', 'e5b2', 'a3b2']","[0.3944458067417145, 0.7918573617935181, 0.9531210660934448]","[0.35814806818962097, 0.7818743586540222, 0.963070809841156]","['b2e5', 'e1e5', 'a3a2']","[0.3944458067417145, 0.7918573617935181, 0.9531210660934448]",8/3p4/6k1/1bP1B3/7P/pP4K1/1b6/4R3 b - - 3 41
HpnZl,3k4/1p3Rp1/p2b4/2N1p1q1/1PpnQ3/P7/6P1/5R1K w - - 14 41,e4b7 g5h4 h1g1 d4e2,1671,74,89,1352,mate mateIn2 middlegame short,https://lichess.org/UbNxulEK#80,,"['g5h4', 'h1g1', 'd4e2']","[0.47797030210494995, 1.0, 0.4518609046936035]","['g5h4', 'h1g1', 'd4e2']","[0.0018607801757752895, 0.9920220375061035, 0.006117192097008228]","['g5h6', 'h1g1', 'h6e3']","['g5h4', 'h1g1', 'd4e2']","[0.5359565615653992, 1.0, 0.8691760897636414]","[0.35237109661102295, 1.0, 0.9115234613418579]","['g5h6', 'h1g1', 'h6e3']","[0.35237109661102295, 1.0, 0.9115234613418579]",3k4/1Q4p1/p2b4/2N1p1q1/1Ppn4/P5R1/6P1/5R1K b - - 0 41
Hvqj4,r2qk2r/pQpn1p2/4p1p1/3pP2p/4n1bP/1B6/PPP2PP1/RNB1R1K1 b kq - 0 16,d8h4 b7a8 e8e7 a8a7,2651,101,92,674,crushing hangingPiece middlegame short,https://lichess.org/Hcc3ZH1x/black#31,Pirc_Defense Pirc_Defense_Other_variations,"['b7a8', 'e8e7', 'a8a7']","[0.09439904987812042, 0.9177267551422119, 0.6687068939208984]","['e1e4', 'e8e7', 'a8a7']","[0.0047768461517989635, 0.9844352602958679, 0.010787866078317165]","['e1e4', 'a8b8', 'b7c7']","['b7a8', 'e8e7', 'a8a7']","[0.47316256165504456, 0.8909724354743958, 0.7153646945953369]","[0.4700026214122772, 0.9409409165382385, 0.816142201423645]","['e1e4', 'a8b8', 'b7c7']","[0.4700026214122772, 0.9409409165382385, 0.816142201423645]",r3k2r/pQp2p2/4p1p1/3pP2p/4n1bq/1B6/PPP2PP1/RNB1RnK1 w kq - 0 17
I3n30,r2b2k1/pp4pp/2p1N2q/3p3r/3Pp1Q1/2P3B1/PP3PP1/R4RK1 w - - 5 22,f2f3 h5h1 g1f2 h6d2,1500,94,84,23,kingsideAttack mate mateIn2 middlegame short,https://lichess.org/JTnagpdw#42,,"['h5h1', 'g1f2', 'h6d2']","[0.287137508392334, 1.0, 0.5002711415290833]","['h6e3', 'g1f2', 'h6d2']","[0.004419952630996704, 0.9844900965690613, 0.011089914478361607]","['e4e3', 'g4g7', 'h6g7']","['h5h1', 'g1f2', 'h6d2']","[0.46766436100006104, 0.8897030353546143, 1.0]","[0.38234394788742065, 1.0, 0.8963478207588196]","['e4e3', 'g4g7', 'h6g7']","[0.38234394788742065, 1.0, 0.8963478207588196]",r2b2k1/pp4pp/2p1N2q/3p3r/3Pp1Q1/2P2PB1/PP4P1/R2R2K1 b - - 0 22
I7XeV,1r5r/Rpk5/Q1p1N3/4p3/4P2p/5P2/1qP3PK/8 b - - 1 25,c7c8 a6c6 b7c6 a7c7,1692,74,96,15863,endgame mate mateIn2 sacrifice short,https://lichess.org/kwX9icj6/black#49,,"['a6c6', 'b7c6', 'a7c7']","[0.0077107856050133705, 1.0, 0.6603249311447144]","['a6a5', 'b7c6', 'a7c7']","[0.005994481034576893, 0.9905573129653931, 0.0034481496550142765]","['a6c6', 'b7c6', 'a7c7']","['a6a5', 'c8d7', 'e6c5']","[0.44015347957611084, 1.0, 0.8742137551307678]","[0.33453959226608276, 0.9083163142204285, 0.7983707785606384]","['a6c6', 'b7c6', 'a7c7']","[0.44015347957611084, 1.0, 0.8742137551307678]",1rk5/Rp2r3/Q1p1N3/4p3/4P2p/5P2/1qP3PK/8 w - - 2 26
IC3JO,r1r3k1/2R2pp1/2n4p/4p3/p1q1R3/2P2Q1P/5PP1/6K1 b - - 3 22,c4e4 f3f7 g8h8 f7g7,1034,76,94,3507,endgame mate mateIn2 short,https://lichess.org/Tktdseqx/black#43,,"['f3f7', 'g8h8', 'f7g7']","[0.23256106674671173, 0.747767984867096, 0.7372052669525146]","['f3f7', 'g8h8', 'f7g7']","[0.004309150390326977, 0.9199563264846802, 0.07573453336954117]","['f3f7', 'g8h8', 'f7g7']","['c7c8', 'a8c8', 'f3e4']","[0.527216374874115, 0.7835588455200195, 0.8591715097427368]","[0.4365774989128113, 0.9877061247825623, 0.9594738483428955]","['f3f7', 'g8h8', 'f7g7']","[0.527216374874115, 0.7835588455200195, 0.8591715097427368]",r1r3k1/2R2ppq/2n4p/4p3/p7/2P2Q1P/5PP1/6K1 w - - 0 23
ICLzT,r5k1/p4ppp/2Q1b2q/2BNp3/2p5/4P1P1/PP3n1P/2KR4 b - - 4 22,e6d5 c6a8 d5a8 d1d8,1621,84,82,348,backRankMate mate mateIn2 middlegame sacrifice short,https://lichess.org/VOlQsdEz/black#43,,"['c6a8', 'd5a8', 'd1d8']","[0.014491736888885498, 1.0, 0.5251367092132568]","['c6d5', 'd5a8', 'd1d8']","[0.0037371129728853703, 0.986723005771637, 0.00953980814665556]","['c6a8', 'd5a8', 'd1d8']","['c6h6', 'g7h6', 'd1d5']","[0.4235607981681824, 1.0, 0.8440371751785278]","[0.4172024428844452, 0.8829723596572876, 0.9367145895957947]","['c6a8', 'd5a8', 'd1d8']","[0.4235607981681824, 1.0, 0.8440371751785278]",r7/p4ppp/2Q4q/2Bbp3/2p5/4P1Pk/PP3n1P/2KR4 w - - 0 23
IIbqm,3qr1k1/p6p/4bpp1/5nB1/3p1Q2/3B4/P1P2PPP/4R1K1 w - - 0 23,d3f5 e6f5 e1e8 d8e8,2181,80,90,1030,advantage middlegame short,https://lichess.org/DXFZO0Ne#44,,"['e6f5', 'e1e8', 'd8e8']","[0.3141404092311859, 0.49015524983406067, 0.8175960779190063]","['e6f5', 'e1e8', 'd8e8']","[0.002322668908163905, 0.9918179512023926, 0.00585936801508069]","['e6f5', 'e1e8', 'd8e8']","['f6g5', 'f5e6', 'e8e6']","[0.5207247734069824, 0.8500677347183228, 0.9920807480812073]","[0.32901543378829956, 0.7675472497940063, 0.9904050827026367]","['e6f5', 'e1e8', 'd8e8']","[0.5207247734069824, 0.8500677347183228, 0.9920807480812073]",3qr1k1/p6p/4bpp1/5BB1/3p1Q2/8/P1P2PPP/3KR3 b - - 0 23
IQGb6,6k1/p5pp/bp2p3/2p5/2P5/6P1/P2Q1K1q/1RB5 w - - 0 24,f2e1 h2g1 e1e2 a6c4,1709,74,87,695,crushing endgame master short,https://lichess.org/SizXkgDK#46,,"['h2g1', 'e1e2', 'a6c4']","[0.27984774112701416, 1.0, 0.5354981422424316]","['h2h1', 'e1e2', 'a6c4']","[0.003299577161669731, 0.9942190647125244, 0.0024813483469188213]","['h2g1', 'e1e2', 'a6c4']","['h2h1', 'e1f2', 'h1h2']","[0.5808442831039429, 1.0, 0.9463335275650024]","[0.35784298181533813, 0.9297252893447876, 0.7811707854270935]","['h2g1', 'e1e2', 'a6c4']","[0.5808442831039429, 1.0, 0.9463335275650024]",6k1/p5pp/bp2p3/1Rp5/2P5/6P1/P2Q3q/2B1K3 b - - 1 24
IRa6B,r2q1rk1/1p3p1p/p7/2p3pQ/Pn5b/1B6/1PP1NnPP/R1B2R1K w - - 3 23,f1f2 d8d1 f2f1 d1f1,762,101,92,1154,advantage kingsideAttack middlegame short,https://lichess.org/dGWK8e5v#44,,"['d8d1', 'f2f1', 'd1f1']","[0.10578488558530807, 0.0746741071343422, 0.8094372153282166]","['h4f2', 'e2g1', 'd1f1']","[0.009450046345591545, 0.9360838532447815, 0.054466117173433304]","['d8d1', 'f2f1', 'd1f1']","['h4f2', 'c1g5', 'd8d6']","[0.4549099802970886, 0.9170348048210144, 0.9274605512619019]","[0.44592127203941345, 0.9197890758514404, 0.7111849784851074]","['d8d1', 'f2f1', 'd1f1']","[0.4549099802970886, 0.9170348048210144, 0.9274605512619019]",r2q1r2/1p3p1p/p7/2p3pQ/Pn5b/1B6/1PP1NRPP/R1B1k2K b - - 0 23
IYjPk,1r2kb1r/1pp2ppp/p1n1b2n/8/2Q1N3/5N2/PB3PPP/R3R1K1 b k - 0 18,e6c4 e4f6 e8d8 e1e8,1927,75,95,13297,doubleCheck mate mateIn2 middlegame short,https://lichess.org/Ku1bmxT0/black#35,Danish_Gambit_Accepted Danish_Gambit_Accepted_Other_variations,"['e4f6', 'e8d8', 'e1e8']","[0.25929781794548035, 1.0, 0.16468320786952972]","['e4f6', 'e8d8', 'a1d1']","[0.015323569998145103, 0.9030492901802063, 0.08162717521190643]","['e4d6', 'e8d7', 'd6c4']","['e4f6', 'e8d8', 'e1e8']","[0.48225662112236023, 0.8402596712112427, 0.9132376909255981]","[0.45132264494895935, 1.0, 0.8707635998725891]","['e4d6', 'e8d7', 'd6c4']","[0.45132264494895935, 1.0, 0.8707635998725891]",1r2kb1r/1pp2ppp/p1n4n/8/2b1N3/8/PB2NPPP/R3R1K1 w k - 0 19
IYxG3,6k1/p1R3R1/bp1pP1p1/1q1P3p/6n1/2P5/P1P4P/6K1 b - - 0 30,g8f8 c7f7 f8e8 g7g8,1911,79,87,1108,endgame mate mateIn2 short,https://lichess.org/OF06U6SE/black#59,,"['c7f7', 'f8e8', 'g7g8']","[0.39620599150657654, 1.0, 0.5635582208633423]","['g7f7', 'f8e8', 'g7g8']","[0.003911057021468878, 0.994645357131958, 0.0014435839839279652]","['c7f7', 'f8e8', 'g7g8']","['e6e7', 'f8g7', 'e7e8q']","[0.6457865238189697, 1.0, 0.932715892791748]","[0.3039853572845459, 0.9059306383132935, 0.9387076497077942]","['c7f7', 'f8e8', 'g7g8']","[0.6457865238189697, 1.0, 0.932715892791748]",5k2/p1R5/bp1pP1p1/1q1P3p/6n1/2P3R1/P1P4P/6K1 w - - 1 31
Iewfd,6k1/p1rRNpp1/1p3q1p/8/8/2r1PQP1/P4PKP/8 b - - 14 29,g8h7 f3e4 g7g6 e7d5,2171,76,91,2836,crushing endgame master short,https://lichess.org/Y3lEQiCs/black#57,,"['f3e4', 'g7g6', 'e7d5']","[0.6910040974617004, 0.6727217435836792, 0.33545735478401184]","['f3e4', 'g7g6', 'e7d5']","[0.0026785358786582947, 0.9929292798042297, 0.004392159171402454]","['f3e4', 'g7g6', 'e7d5']","['f3a8', 'f6e7', 'd7e7']","[0.5040388703346252, 0.9648036360740662, 0.7810220122337341]","[0.42007794976234436, 0.8240064978599548, 0.9208182096481323]","['f3e4', 'g7g6', 'e7d5']","[0.5040388703346252, 0.9648036360740662, 0.7810220122337341]",5r2/p2RNppk/1p3q1p/8/8/2r1PQP1/P4PKP/8 w - - 15 30
Ik8Zq,2Q3R1/8/3r1qkp/1pp2p2/3p2p1/3P4/1P3PP1/6K1 b - - 1 38,g6h5 c8e8 f6g6 g8g6,1472,77,93,591,crushing endgame short,https://lichess.org/D0EE0xLm/black#75,,"['c8e8', 'f6g6', 'g8g6']","[0.31472229957580566, 0.16905710101127625, 0.030443066731095314]","['g2g3', 'h5h4', 'g2g3']","[0.04634186625480652, 0.9446732997894287, 0.00898490659892559]","['c8e8', 'f6g6', 'g8g6']","['g8f8', 'f6e6', 'f8f5']","[0.526866614818573, 0.8976966738700867, 0.9096243977546692]","[0.3001713156700134, 0.7157905101776123, 0.7350374460220337]","['c8e8', 'f6g6', 'g8g6']","[0.526866614818573, 0.8976966738700867, 0.9096243977546692]",2Q3R1/8/3r1q1p/1pp2p2/3p2p1/3P4/1P2kPP1/6K1 w - - 2 39
Ilgc4,2r4k/1b4p1/1p1bpr1p/pP1n1p2/P2N4/2P4P/1Q1N1Pn1/1BR1R1K1 w - - 0 29,g1g2 d5e3 g2g1 f6g6,1899,74,94,2107,doubleCheck mate mateIn2 middlegame short,https://lichess.org/N6ko0b05#56,,"['d5e3', 'g2g1', 'f6g6']","[0.07551144808530807, 1.0, 0.6853576898574829]","['d5f4', 'g2g1', 'f6g6']","[0.007628241088241339, 0.9565385580062866, 0.035833220928907394]","['d5e3', 'g2g1', 'f6g6']","['d5f4', 'g2f1', 'b7g2']","[0.505469560623169, 1.0, 0.8972184062004089]","[0.3686639964580536, 0.8174012303352356, 0.8247057199478149]","['d5e3', 'g2g1', 'f6g6']","[0.505469560623169, 1.0, 0.8972184062004089]",2r4k/1b4p1/1p1bpr1p/pP1n1p2/P2N4/2P4P/1Q1N1P2/1BR1R2K b - - 0 29
IlmGo,rnk1B2r/pppbQ1pp/8/6B1/8/2N2NK1/Pq4PP/3R4 b - - 2 19,h8e8 e7e8 d7e8 d1d8,1725,75,92,429,mate mateIn2 middlegame queensideAttack sacrifice short,https://lichess.org/jRkG406k/black#37,,"['e7e8', 'd7e8', 'd1d8']","[0.013301360420882702, 1.0, 0.4492473006248474]","['c3d5', 'd7e8', 'd1d8']","[0.005836486350744963, 0.9817455410957336, 0.012418038211762905]","['e7e8', 'd7e8', 'd1d8']","['d1d7', 'e8e7', 'd7e7']","[0.48117804527282715, 1.0, 0.8526634573936462]","[0.34560564160346985, 0.8533946871757507, 0.8169471025466919]","['e7e8', 'd7e8', 'd1d8']","[0.48117804527282715, 1.0, 0.8526634573936462]",rnk1r3/pppbQ1pp/5p2/6B1/8/2N2NK1/Pq4PP/3R4 w - - 0 20
IpzPZ,r3k1r1/P1Qp1p1p/p1b1pp2/4n2q/4P3/1NN5/PP3PP1/R4KR1 b q - 0 18,e5f3 c7b8 e8e7 b8b4,2118,76,76,102,crushing middlegame short,https://lichess.org/Tb3DV4xT/black#35,Sicilian_Defense Sicilian_Defense_Kan_Variation,"['c7b8', 'e8e7', 'b8b4']","[0.15317997336387634, 0.9778020977973938, 0.6780598759651184]","['c7b8', 'e8e7', 'b8b4']","[0.005460407119244337, 0.9797321557998657, 0.014807417057454586]","['c7b8', 'e8e7', 'b8b4']","['g2f3', 'c6b5', 'c3e2']","[0.5050723552703857, 0.966442883014679, 0.8590155243873596]","[0.33623459935188293, 0.7107772827148438, 0.7283514738082886]","['c7b8', 'e8e7', 'b8b4']","[0.5050723552703857, 0.966442883014679, 0.8590155243873596]",r3k1r1/P1Qp1p1p/p1b1pp2/8/4P3/1NN2n2/PP3PPq/R4KR1 w q - 1 19
J2I2y,8/2p2rk1/1p2R3/6p1/1PR3P1/P5K1/7P/3r4 w - - 9 45,e6e5 d1g1 g3h3 f7f3,1879,79,74,685,endgame mate mateIn2 rookEndgame short,https://lichess.org/V8UrJkFY#88,,"['d1g1', 'g3h3', 'f7f3']","[0.1931951344013214, 1.0, 0.3045814335346222]","['d1d3', 'g3h3', 'g7g6']","[0.0025380209553986788, 0.9938242435455322, 0.0036377599462866783]","['d1d3', 'g3g2', 'd3d2']","['d1g1', 'g3h3', 'f7f3']","[0.637873113155365, 0.9912097454071045, 0.8206372261047363]","[0.30378368496894836, 1.0, 0.9115926027297974]","['d1d3', 'g3g2', 'd3d2']","[0.30378368496894836, 1.0, 0.9115926027297974]",8/2p2rk1/1p6/4Rpp1/1PR3P1/P5K1/7P/3r4 b - - 10 45
J2bRF,5rk1/1p1n2p1/p3p2N/3pP2Q/8/6P1/PP3qPP/2r2R1K b - - 0 23,g8h8 h6f5 h8g8 f5e7,2216,74,93,147180,discoveredAttack kingsideAttack mate mateIn2 middlegame short,https://lichess.org/fVEPIOxE/black#45,,"['h6f5', 'h8g8', 'f5e7']","[0.048185091465711594, 1.0, 0.3947940170764923]","['h6f7', 'h8g8', 'f5e7']","[0.0014735069125890732, 0.9893909096717834, 0.009135576896369457]","['h6f5', 'h8g8', 'f5e7']","['h6g4', 'h8g8', 'g4h6']","[0.4798174500465393, 1.0, 0.8623766899108887]","[0.3047448992729187, 1.0, 0.8257060647010803]","['h6f5', 'h8g8', 'f5e7']","[0.4798174500465393, 1.0, 0.8623766899108887]",5rnk/1p4p1/p3p2N/3pP2Q/8/6P1/PP3qPP/2r2R1K w - - 1 24
J6eJy,2k1r3/1ppb1Q2/p3N3/2Pp1P2/3P4/P1P1P3/r7/4K3 w - - 5 44,f5f6 e8h8 f7f8 h8f8,2264,76,86,484,crushing endgame quietMove short,https://lichess.org/ufMq6AoQ#86,,"['e8h8', 'f7f8', 'h8f8']","[0.06409168988466263, 0.01551853958517313, 0.854520320892334]","['a2a1', 'e6f8', 'h8f8']","[0.03585210070014, 0.9601300358772278, 0.004017844330519438]","['e8e6', 'f7g8', 'e6e8']","['e8h8', 'f7f8', 'h8f8']","[0.4254212975502014, 0.7489985823631287, 0.975286066532135]","[0.4182329475879669, 0.8821407556533813, 0.9927606582641602]","['e8e6', 'f7g8', 'e6e8']","[0.4182329475879669, 0.8821407556533813, 0.9927606582641602]",2k1r3/1ppb4/p3NP2/2Pp4/3P4/P1P1P3/r7/1Q2K3 b - - 0 44
JCBeL,3r2k1/p1p1r3/b1B2pp1/2P3p1/1P1n2R1/P1N3P1/5P1P/2R3K1 w - - 0 24,c1d1 d4c6 d1d8 c6d8,2274,80,85,269,crushing hangingPiece middlegame short,https://lichess.org/KLAOttf8#46,,"['d4c6', 'd1d8', 'c6d8']","[0.24965782463550568, 0.35461321473121643, 0.41246896982192993]","['d4c6', 'd1d8', 'c6d8']","[0.0020350730046629906, 0.9949839115142822, 0.0029810299165546894]","['d4c6', 'd1d8', 'c6d8']","['d4e2', 'g1g2', 'd8d1']","[0.5816527605056763, 0.8635213971138, 0.9863828420639038]","[0.31031176447868347, 0.9371964931488037, 0.8943341970443726]","['d4c6', 'd1d8', 'c6d8']","[0.5816527605056763, 0.8635213971138, 0.9863828420639038]",3r2k1/p1p1r3/b1B2pp1/2PN2p1/1P1n2R1/P5P1/5P1P/3R2K1 b - - 1 24
JFm6S,5r2/2p3kp/3p2p1/1P1Pp3/N3P3/P7/1PQ1bqPP/4R2K w - - 2 26,e1g1 f2g1 h1g1 f8f1,1440,75,96,26942,attraction endgame kingsideAttack mate mateIn2 sacrifice short,https://lichess.org/qL7fHuWS#50,,"['f2g1', 'h1g1', 'f8f1']","[0.012534203939139843, 1.0, 0.3799195885658264]","['f8f7', 'h1g1', 'f8f1']","[0.00195241067558527, 0.9945540428161621, 0.0034934692084789276]","['f2g1', 'h1g1', 'f8f1']","['e2b5', 'c2f2', 'f8f2']","[0.513093888759613, 1.0, 0.9017901420593262]","[0.31878378987312317, 0.7298426032066345, 0.92924565076828]","['f2g1', 'h1g1', 'f8f1']","[0.513093888759613, 1.0, 0.9017901420593262]",1k3r2/2p4p/3p2p1/1P1Pp3/N3P3/P7/1PQ1bqPP/6RK b - - 3 26
JKxFK,8/6k1/7p/R1p2r2/1p2K3/1P1P3P/8/8 b - - 1 44,g7g6 a5a6 g6g5 h3h4,1186,77,88,532,crushing endgame rookEndgame short,https://lichess.org/L5nfIwQp/black#87,,"['a5a6', 'g6g5', 'h3h4']","[0.12546584010124207, 0.6773272752761841, 0.20856662094593048]","['a5b5', 'g6g5', 'h3h4']","[0.019513795152306557, 0.9696580767631531, 0.010828093625605106]","['a5a6', 'g6g5', 'h3h4']","['d3d4', 'f5h5', 'd4c5']","[0.5332709550857544, 0.7611835598945618, 0.7634559869766235]","[0.35954198241233826, 0.9141342639923096, 0.8266773819923401]","['a5a6', 'g6g5', 'h3h4']","[0.5332709550857544, 0.7611835598945618, 0.7634559869766235]",8/8/7p/R1p2rk1/1p2K3/1P1P3P/8/8 w - - 2 45
JT5w8,5rk1/1p1q1pbp/2bN4/p3P3/5P2/P3B3/1P1Q3P/2R3K1 w - - 1 29,d2a5 d7g4 g1f1 g4f3,1965,78,88,634,crushing master middlegame short,https://lichess.org/y7Etg5Uc#56,,"['d7g4', 'g1f1', 'g4f3']","[0.24451330304145813, 0.3518291711807251, 0.22870080173015594]","['f7f6', 'g1f2', 'f7f6']","[0.004338903818279505, 0.9902002215385437, 0.005460827145725489]","['d7g4', 'g1f1', 'g4f3']","['f7f6', 'f4f5', 'f6e5']","[0.5554701685905457, 0.9009554386138916, 0.7424271106719971]","[0.3027137517929077, 0.7243943214416504, 0.8799315094947815]","['d7g4', 'g1f1', 'g4f3']","[0.5554701685905457, 0.9009554386138916, 0.7424271106719971]",5rk1/1p1q1pbp/1QbN4/4P3/5P2/P3B3/1P5P/2R3K1 b - - 0 29
JfPQw,1k4nr/ppp5/3b1p1p/P1r1B1p1/4B3/2q2Q2/2P2PPP/R2R2K1 b - - 0 23,f6e5 f3f8 d6f8 d1d8,1994,77,93,2423,mate mateIn2 middlegame sacrifice short,https://lichess.org/n04iGRgQ/black#45,,"['f3f8', 'd6f8', 'd1d8']","[0.0065732914954423904, 1.0, 0.19397670030593872]","['a1b1', 'd6f8', 'd1d8']","[0.0030598388984799385, 0.9947333335876465, 0.0022068521939218044]","['f3f7', 'g8e7', 'a1b1']","['f3f8', 'd6f8', 'd1d8']","[0.4183829724788666, 0.8077847361564636, 0.7613846659660339]","[0.32074210047721863, 1.0, 0.7471047043800354]","['f3f7', 'g8e7', 'a1b1']","[0.32074210047721863, 1.0, 0.7471047043800354]",1k1r2n1/ppp5/3b3p/P1r1p1p1/4B3/2q2Q2/2P2PPP/R2R2K1 w - - 0 24
JfkrJ,3Q4/1p2p1b1/p5pk/4P1Np/1P1B2bP/P7/4q1P1/6K1 w - - 5 37,d8e7 e2e1 g1h2 e1h4,1978,76,92,4790,crushing endgame short,https://lichess.org/ieeEvR2U#72,,"['e2e1', 'g1h2', 'e1h4']","[0.4406375288963318, 1.0, 0.7856225967407227]","['e2e1', 'g1h2', 'e1h4']","[0.0052320933900773525, 0.9809624552726746, 0.013805471360683441]","['e2d1', 'g1h2', 'd1d4']","['e2e1', 'g1h2', 'e1h4']","[0.5054486393928528, 0.9891573190689087, 0.7177436947822571]","[0.4301128089427948, 1.0, 0.8633119463920593]","['e2d1', 'g1h2', 'd1d4']","[0.4301128089427948, 1.0, 0.8633119463920593]",4N3/1p2Q1b1/p5pk/4P2p/1P1B2bP/P7/4q1P1/6K1 b - - 0 37
KAqBP,2r2r1k/1p1qb2p/p1n1R1p1/3pP3/3P2Q1/4P2P/PP2N1P1/R5K1 b - - 2 21,c6d8 e6e7 d7e7 g4c8,1220,77,60,113,advantage deflection discoveredAttack middlegame short skewer,https://lichess.org/HTrrahyp/black#41,,"['e6e7', 'd7e7', 'g4c8']","[0.11804300546646118, 0.6150171756744385, 0.8538318872451782]","['e6e7', 'd7e7', 'g4c8']","[0.04755060747265816, 0.6161946654319763, 0.33625471591949463]","['e6g6', 'd7g4', 'g6g4']","['e6e7', 'd7e7', 'g4c8']","[0.4295273721218109, 0.7221692800521851, 0.9348732233047485]","[0.36519768834114075, 0.7708955407142639, 0.9052539467811584]","['e6g6', 'd7g4', 'g6g4']","[0.36519768834114075, 0.7708955407142639, 0.9052539467811584]",3n1r1k/1p1qb2p/p3R1p1/3pP3/3P2Q1/4P2P/PP2NrP1/R5K1 w - - 3 22
KDOoM,r3r2k/1pp2Qpp/p3b3/2b1q3/8/2N2B2/PPP3PP/R4R1K w - - 3 21,a1e1 e6f7 e1e5 e8e5,1219,78,92,2473,crushing middlegame short,https://lichess.org/uavbHAte#40,,"['e6f7', 'e1e5', 'e8e5']","[0.6966008543968201, 0.3141282796859741, 0.7024548053741455]","['e6f7', 'e1e5', 'e8e5']","[0.004790362436324358, 0.9906834363937378, 0.004526211880147457]","['e6f7', 'e1e5', 'e8e5']","['e5e1', 'f7e8', 'a8e8']","[0.5565534830093384, 0.7346819043159485, 0.9170406460762024]","[0.3624557554721832, 0.9256934523582458, 0.9716922044754028]","['e6f7', 'e1e5', 'e8e5']","[0.5565534830093384, 0.7346819043159485, 0.9170406460762024]",r4r1k/1pp2Qpp/p3b3/2b1q3/8/2N2B2/PPP3PP/4RR1K b - - 4 21
KSPS8,4r2Q/1p2kpp1/p2p4/3P4/1P4P1/P6K/2B1q3/R7 w - - 5 39,h8h4 e7d7 c2f5 d7c7,2070,77,84,567,crushing defensiveMove endgame short,https://lichess.org/qTsoJvpG#76,,"['e7d7', 'c2f5', 'd7c7']","[0.2827087938785553, 0.32820403575897217, 0.9619705080986023]","['e7f8', 'c2a4', 'd7c7']","[0.004401716403663158, 0.9935099482536316, 0.002088293433189392]","['e7d7', 'c2f5', 'd7c7']","['e7f8', 'h4h8', 'f8e7']","[0.5813274383544922, 0.8776629567146301, 0.9913185834884644]","[0.30295267701148987, 0.8225117921829224, 1.0]","['e7d7', 'c2f5', 'd7c7']","[0.5813274383544922, 0.8776629567146301, 0.9913185834884644]",2R1r3/1p2kpp1/p2p4/3P4/1P4PQ/P6K/2B1q3/8 b - - 6 39
KUB6P,6k1/2P4p/1P2p3/4b2p/4p2N/3q3P/5rP1/4Q1K1 w - - 0 39,e1f2 d3b1 f2f1 b1b6,2441,94,81,36,advantage deflection endgame short,https://lichess.org/VOtqSDTQ#76,,"['d3b1', 'f2f1', 'b1b6']","[0.23821550607681274, 0.9844581484794617, 0.8135315179824829]","['d3d1', 'f2f1', 'b1b6']","[0.0015444477321580052, 0.9971690773963928, 0.001286498736590147]","['d3b1', 'f2f1', 'b1b6']","['d3d1', 'f2f1', 'e5d4']","[0.5535268187522888, 0.9747339487075806, 0.819473385810852]","[0.3362573981285095, 0.987382709980011, 0.8447462320327759]","['d3b1', 'f2f1', 'b1b6']","[0.5535268187522888, 0.9747339487075806, 0.819473385810852]",6k1/2P4p/1P2p3/4b2p/4pN2/3q3P/5QP1/6K1 b - - 0 39
KclRt,5rk1/p4pbp/3pn1p1/2pQ2q1/2P5/2NP2PB/Pr3P2/4RR1K w - - 0 20,h3e6 g5h6 h1g2 g7c3,2203,76,94,3711,crushing master middlegame short,https://lichess.org/rjqrdXIV#38,,"['g5h6', 'h1g2', 'g7c3']","[0.4305296242237091, 0.7335953712463379, 0.47478365898132324]","['g5h6', 'h1g2', 'g7c3']","[0.002266829600557685, 0.9940198659896851, 0.0037133002188056707]","['g5d5', 'c3d5', 'f7e6']","['g5h6', 'h1g2', 'g7c3']","[0.4715931713581085, 0.7051041722297668, 0.9327769875526428]","[0.4503309428691864, 0.7541425228118896, 0.7773478627204895]","['g5d5', 'c3d5', 'f7e6']","[0.4503309428691864, 0.7541425228118896, 0.7773478627204895]",5rk1/p4p1p/b2pB1p1/2pQ2q1/2P5/2NP2P1/Pr3P2/4RR1K b - - 0 20
KdWzj,r4kr1/1b1R1p1R/p1p5/1p6/8/4P3/P4PP1/4K3 b - - 0 30,b7c8 d7d8 f8e7 d8g8,1954,75,94,601,advantage deflection endgame short skewer,https://lichess.org/JrmevF0Z/black#59,,"['d7d8', 'f8e7', 'd8g8']","[0.09138041734695435, 1.0, 0.8961217403411865]","['d7f7', 'f8e7', 'd8g8']","[0.0034298449754714966, 0.9903738498687744, 0.006196300964802504]","['d7d8', 'f8e7', 'd8g8']","['h7f7', 'f8e8', 'f7e7']","[0.4374951124191284, 1.0, 0.9330055117607117]","[0.33245566487312317, 1.0, 0.9127255082130432]","['d7d8', 'f8e7', 'd8g8']","[0.4374951124191284, 1.0, 0.9330055117607117]",2b2kr1/3R1p1R/p1p5/1p2r3/8/4P3/P4PP1/4K3 w - - 1 31
KswJL,6k1/6p1/p4p1p/1p1NpP2/1P5P/2R5/r4PK1/2b5 b - - 2 34,a2d2 d5e7 g8f7 e7g6,2210,82,90,824,advantage endgame short,https://lichess.org/mEmZFoBM/black#67,,"['d5e7', 'g8f7', 'e7g6']","[0.13681434094905853, 0.5933054089546204, 0.08196360617876053]","['c3c8', 'g8f7', 'c3c7']","[0.002518976340070367, 0.9947062134742737, 0.002774802502244711]","['d5e7', 'g8f7', 'e7g6']","['c3c8', 'g8f7', 'c8c7']","[0.4916766285896301, 0.8978154063224792, 0.8222634196281433]","[0.38541269302368164, 0.8971270322799683, 0.8513028621673584]","['d5e7', 'g8f7', 'e7g6']","[0.4916766285896301, 0.8978154063224792, 0.8222634196281433]",6k1/6p1/p4p1p/1p1NpP2/1P5P/b1R5/3r1PK1/8 w - - 3 35
KyTVd,8/5K2/r5P1/1p5k/8/PR6/8/8 b - - 1 59,a6g6 b3b5 h5h6 a3a4,1598,76,88,1107,crushing defensiveMove endgame rookEndgame short,https://lichess.org/pjWb8Skp/black#117,,"['b3b5', 'h5h6', 'a3a4']","[0.2226412445306778, 0.8994788527488708, 0.2885785400867462]","['b3b5', 'h5h6', 'a3a4']","[0.07611110806465149, 0.9198226928710938, 0.004066182300448418]","['b3h3', 'h5g4', 'f7g6']","['b3b5', 'h5h6', 'a3a4']","[0.4435756504535675, 0.9776057600975037, 0.7703808546066284]","[0.4104192852973938, 0.9502817392349243, 0.7777929306030273]","['b3h3', 'h5g4', 'f7g6']","[0.4104192852973938, 0.9502817392349243, 0.7777929306030273]",8/5K2/6r1/1p1p3k/8/PR6/8/8 w - - 0 60
L5EVp,6k1/3q1pp1/1b5p/4pP2/p1QpP3/Pr1P3P/3B2PK/R7 b - - 3 37,d7b5 c4c8 g8h7 f5f6,1965,76,89,1696,crushing endgame short,https://lichess.org/himBjpDo/black#73,,"['c4c8', 'g8h7', 'f5f6']","[0.23765204846858978, 0.9850932359695435, 0.4159362316131592]","['d2b4', 'g8h7', 'f5f6']","[0.004179378040134907, 0.9882517457008362, 0.007568846456706524]","['c4c8', 'g8h7', 'f5f6']","['c4b5', 'b3b5', 'd2b4']","[0.5990617871284485, 0.9595658183097839, 0.8172072768211365]","[0.31943342089653015, 0.9537517428398132, 0.7295989990234375]","['c4c8', 'g8h7', 'f5f6']","[0.5990617871284485, 0.9595658183097839, 0.8172072768211365]",6k1/5ppR/1b5p/1q2pP2/p1QpP3/Pr1P3P/3B2PK/8 w - - 4 38
L8kTh,r4r2/pp3ppp/2p1pn2/k1N1Nb2/1b1P1B2/8/PP3PPP/R4RK1 b - - 11 16,b7b6 e5c4 a5b5 c4d6,2283,83,80,38,crushing middlegame short,https://lichess.org/CwC7yQjY/black#31,Pirc_Defense Pirc_Defense_Other_variations,"['e5c4', 'a5b5', 'c4d6']","[0.10264710336923599, 1.0, 0.2511509358882904]","['a2a4', 'a5b5', 'f1c1']","[0.013088955543935299, 0.9780529737472534, 0.008858018554747105]","['e5c4', 'a5b5', 'c4d6']","['a2a3', 'b4c5', 'd4c5']","[0.31300216913223267, 1.0, 0.8650588393211365]","[0.3052830696105957, 0.9096494317054749, 0.8716242909431458]","['e5c4', 'a5b5', 'c4d6']","[0.31300216913223267, 1.0, 0.8650588393211365]",r4r2/p4ppp/1ppKpn2/k1N1Nb2/1b1P1B2/8/PP3PPP/R4R2 w - - 0 17
LLjxp,rnb1kb1r/5pp1/4p1np/p2Q4/Pp2N3/5NB1/1PP2PPP/R3R1K1 b kq - 0 16,e6d5 e4f6 e8d8 e1e8,1620,74,91,1286,doubleCheck mate mateIn2 middlegame short,https://lichess.org/6SbRiD9B/black#31,St_George_Defense St_George_Defense_Other_variations,"['e4f6', 'e8d8', 'e1e8']","[0.2030290961265564, 1.0, 0.2882661521434784]","['e4d6', 'e8d8', 'f6d5']","[0.011869990266859531, 0.9696040749549866, 0.018525991588830948]","['e4f6', 'e8d8', 'e1e8']","['e4d6', 'e8d7', 'd6f7']","[0.49023568630218506, 1.0, 0.8838182687759399]","[0.44002199172973633, 0.988322913646698, 0.8995933532714844]","['e4f6', 'e8d8', 'e1e8']","[0.49023568630218506, 1.0, 0.8838182687759399]",rnb1kb1r/5pp1/6np/p2p4/Pp2N3/6B1/1PP1NPPP/R3R1K1 w kq - 0 17
LdYAk,r5k1/1pp3pp/pb1p2r1/8/P1PP1Pb1/2N1B3/1P3P1P/R3Q2K w - - 3 21,h1g1 g4e2 g1h1 e2f3,2241,75,99,600,discoveredAttack kingsideAttack mate mateIn2 middlegame short,https://lichess.org/Vgf1SvD9#40,,"['g4e2', 'g1h1', 'e2f3']","[0.03656124323606491, 1.0, 0.7653090953826904]","['g4h3', 'g1h1', 'e2f3']","[0.002578835701569915, 0.9927129149436951, 0.004708180669695139]","['g4h3', 'g1h1', 'h3g2']","['g4e2', 'g1h1', 'e2f3']","[0.448655903339386, 1.0, 0.8655898571014404]","[0.38983580470085144, 1.0, 0.9222699999809265]","['g4h3', 'g1h1', 'h3g2']","[0.38983580470085144, 1.0, 0.9222699999809265]",r5k1/1pp3pp/pb1p2r1/8/P1PP1Pb1/2N1B3/1P3P2/R3Q1K1 b - - 4 21
LfQjc,r1b3R1/ppp2p2/3p1B1k/1P5p/4N3/P2P4/5b1P/7K b - - 1 27,c8g4 f6g5 h6h7 e4f6,1655,75,99,2261,endgame mate mateIn2 short,https://lichess.org/WZUXNSvj/black#53,,"['f6g5', 'h6h7', 'e4f6']","[0.003895772621035576, 1.0, 0.09754582494497299]","['g8a8', 'h6h7', 'g8a8']","[0.010875759646296501, 0.9871771335601807, 0.001947048818692565]","['g8g4', 'h5g4', 'e4f2']","['f6g5', 'h6h7', 'e4f6']","[0.45399755239486694, 0.9395021200180054, 0.905974805355072]","[0.3346831500530243, 1.0, 0.931437611579895]","['g8g4', 'h5g4', 'e4f2']","[0.3346831500530243, 1.0, 0.931437611579895]",r5R1/ppp2p2/3p1B1k/1P5p/6b1/P2P2N1/5b1P/7K w - - 2 28
LkazL,2k5/4R3/2N4p/2K5/6PP/1p3n2/3r4/8 b - - 17 61,d2c2 c5b6 c2c6 b6c6,1437,90,86,57,advantage defensiveMove endgame short,https://lichess.org/owyPkALw/black#121,,"['c5b6', 'c2c6', 'b6c6']","[0.22821880877017975, 0.04050735384225845, 0.9337363243103027]","['c5d6', 'b3b2', 'b6c6']","[0.00461989501491189, 0.989510178565979, 0.005869993008673191]","['c5b6', 'c2c6', 'b6c6']","['c5d6', 'c2d2', 'd6c5']","[0.559273898601532, 0.9471973776817322, 0.9893033504486084]","[0.3645625710487366, 0.9180989861488342, 0.9471665620803833]","['c5b6', 'c2c6', 'b6c6']","[0.559273898601532, 0.9471973776817322, 0.9893033504486084]",2k5/8/2N4p/2K1R3/6PP/1p3n2/2r5/8 w - - 18 62
Lno1C,1bbk2r1/8/1p3q1p/pNpp4/P4p2/2PBrP2/1PQ1R1PP/1K2R3 b - - 6 28,g8g2 e2e3 g2c2 e3e8,1899,75,87,138,crushing middlegame sacrifice short,https://lichess.org/ikrXBrHU/black#55,,"['e2e3', 'g2c2', 'e3e8']","[0.1012842059135437, 0.5768361687660217, 0.7710775136947632]","['e2g2', 'g2c2', 'e3e8']","[0.005948165897279978, 0.9875055551528931, 0.0065462724305689335]","['e2g2', 'e3e1', 'b1a2']","['e2e3', 'g2c2', 'e3e8']","[0.5170602798461914, 0.920163631439209, 0.9860709309577942]","[0.3453751504421234, 0.8447890281677246, 0.9391467571258545]","['e2g2', 'e3e1', 'b1a2']","[0.3453751504421234, 0.8447890281677246, 0.9391467571258545]",2bk4/5b2/1p3q1p/pNpp4/P4p2/2PBrP2/1PQ1R1rP/1K2R3 w - - 0 29
LwWRr,4rbk1/1p3p2/p5p1/8/Pp1B1Q2/3P1KPP/2r5/8 b - - 0 34,e8e2 f4f6 e2f2 d4f2,1767,75,87,220,advantage endgame short,https://lichess.org/yHpWKjp6/black#67,,"['f4f6', 'e2f2', 'd4f2']","[0.2777097523212433, 0.15515707433223724, 0.23762822151184082]","['f4h4', 'e2h2', 'f3g4']","[0.0013468568213284016, 0.9959359169006348, 0.002717209281399846]","['f4h4', 'f8g7', 'h4d8']","['f4f6', 'e2f2', 'd4f2']","[0.41790828108787537, 0.764400064945221, 0.8677582144737244]","[0.394307404756546, 0.9120641350746155, 0.9854114055633545]","['f4h4', 'f8g7', 'h4d8']","[0.394307404756546, 0.9120641350746155, 0.9854114055633545]",5bk1/1p3p2/p3p1p1/8/Pp1B1Q2/3P1KPP/2r1r3/8 w - - 1 35
LxdQ4,rn1qr1k1/ppp2pp1/3b3p/3NN3/5P2/3P3R/PPP3PP/R2Q2K1 w - - 5 17,d1g4 d6e5 f4e5 d8d5,1675,106,80,13,advantage discoveredAttack middlegame short,https://lichess.org/xEicUXlh#32,Russian_Game Russian_Game_Italian_Variation,"['d6e5', 'f4e5', 'd8d5']","[0.34055837988853455, 0.3940940797328949, 0.29516786336898804]","['d6e5', 'f4e5', 'd8d5']","[0.014814227819442749, 0.9058157801628113, 0.07936996221542358]","['d6e5', 'f4e5', 'd8d5']","['d6c5', 'd5e3', 'b8c6']","[0.4280174672603607, 0.8383489847183228, 0.9216066002845764]","[0.3082447052001953, 0.8198404908180237, 0.7590685486793518]","['d6e5', 'f4e5', 'd8d5']","[0.4280174672603607, 0.8383489847183228, 0.9216066002845764]",1n1qr1k1/ppp2pp1/3b3p/3NN3/2r2PQ1/3P3R/PPP3PP/R5K1 b - - 6 17
M9SE9,8/pb2PR2/1p6/1Pp2pp1/2B2k2/P6K/6r1/8 w - - 3 43,e7e8q g5g4 h3h4 g2h2,1388,76,93,5315,endgame master mate mateIn2 short,https://lichess.org/kUjfp0CW#84,,"['g5g4', 'h3h4', 'g2h2']","[0.22813792526721954, 1.0, 0.6857250928878784]","['g2g3', 'h3h4', 'g2h2']","[0.0031216612551361322, 0.9926325678825378, 0.004245740361511707]","['g5g4', 'h3h4', 'g2h2']","['g2g3', 'h3h2', 'g3g2']","[0.6359437108039856, 1.0, 0.9424198269844055]","[0.3094964027404785, 1.0, 0.9421839714050293]","['g5g4', 'h3h4', 'g2h2']","[0.6359437108039856, 1.0, 0.9424198269844055]",4Q3/pb6/1pR5/1Pp2pp1/2B2k2/P6K/6r1/8 b - - 0 43
MDG4x,5r1k/Q1p3pp/3p4/1P5q/4P1n1/4B3/P1P3PP/R5K1 w - - 1 21,h2h3 h5e5 h3g4 e5a1,2083,75,92,572,crushing endgame short,https://lichess.org/JgPUjRJz#40,,"['h5e5', 'h3g4', 'e5a1']","[0.1886593997478485, 0.4889933168888092, 0.8386731743812561]","['g4e3', 'h3g4', 'e5a1']","[0.0026158683467656374, 0.9877336025238037, 0.009650487452745438]","['h5e5', 'h3g4', 'e5a1']","['g4e3', 'a7e3', 'h5b5']","[0.6091697812080383, 0.8963761329650879, 0.9011772274971008]","[0.33575963973999023, 0.9391424059867859, 0.8948739171028137]","['h5e5', 'h3g4', 'e5a1']","[0.6091697812080383, 0.8963761329650879, 0.9011772274971008]",7k/Q1p3pp/1r1p4/1P5q/4P1n1/4B2P/P1P3P1/R5K1 b - - 0 21
MHvYP,4r1k1/pQ4pp/1pp5/8/8/2N3Pb/P1q2P1P/3R2K1 w - - 4 25,b7c6 c2d1 c3d1 e8e1,1222,77,91,1686,endgame mate mateIn2 sacrifice short,https://lichess.org/M2JCbw1g#48,,"['c2d1', 'c3d1', 'e8e1']","[0.0020786745008081198, 1.0, 0.7083409428596497]","['e8f8', 'c3d1', 'e8e1']","[0.05730825290083885, 0.930242121219635, 0.012449664063751698]","['c2d1', 'c3d1', 'e8e1']","['e8f8', 'c6d5', 'g8h8']","[0.41071194410324097, 1.0, 0.8944065570831299]","[0.3152585029602051, 0.7310754060745239, 0.713753342628479]","['c2d1', 'c3d1', 'e8e1']","[0.41071194410324097, 1.0, 0.8944065570831299]",4r1kb/p5pp/1pQ5/8/8/2N3P1/P1q2P1P/3R2K1 b - - 0 25
MImBi,1r2r2k/ppp2Bpp/2p5/2q5/5P2/1Q1P2Pn/PBP3NP/5R1K w - - 1 25,b3c3 c5g1 f1g1 h3f2,1313,89,84,1672,kingsideAttack mate mateIn2 middlegame sacrifice short smotheredMate,https://lichess.org/ahDxRZJP#48,,"['c5g1', 'f1g1', 'h3f2']","[0.025572337210178375, 1.0, 0.2963539659976959]","['h3f2', 'f1g1', 'h3f2']","[0.03812464699149132, 0.5956714749336243, 0.3662039041519165]","['c5g1', 'f1g1', 'h3f2']","['c5c3', 'b2c3', 'e8e2']","[0.45345091819763184, 1.0, 0.9218518137931824]","[0.41729724407196045, 0.9359362721443176, 0.8854334354400635]","['c5g1', 'f1g1', 'h3f2']","[0.45345091819763184, 1.0, 0.9218518137931824]",1r2r2k/ppp2Bpp/2p5/2q5/1B3P2/2QP2Pn/P1P3NP/5R1K b - - 2 25
MMxqC,r4k2/p2b1P1Q/4p3/npp1P1q1/3p4/1B1P3P/PPP3K1/2R2R2 w - - 1 26,g2f2 g5e3 f2g2 d7c6,1820,75,88,211,crushing middlegame short,https://lichess.org/QTsb7GZK#50,,"['g5e3', 'f2g2', 'd7c6']","[0.08095093816518784, 1.0, 0.12891770899295807]","['f8e7', 'f2g2', 'e3g5']","[0.0011343660298734903, 0.9963966012001038, 0.0024690371938049793]","['g5e3', 'f2g2', 'd7c6']","['g5f4', 'f2e2', 'f4e5']","[0.5444674491882324, 1.0, 0.7560239434242249]","[0.30479076504707336, 0.819608747959137, 0.831165611743927]","['g5e3', 'f2g2', 'd7c6']","[0.5444674491882324, 1.0, 0.7560239434242249]",r4k2/p2b1P1Q/4p3/nppPP1q1/3p4/1B1P3P/PPP2K2/2R2R2 b - - 2 26
MOhBP,r5rk/5p1p/q4PpQ/2pP4/1nN5/5R2/p6P/3R3K b - - 5 34,a2a1q h6h7 h8h7 f3h3,1469,74,92,1442,attraction mate mateIn2 middlegame sacrifice short,https://lichess.org/DDQ3J4Vf/black#67,,"['h6h7', 'h8h7', 'f3h3']","[0.019212892279028893, 1.0, 0.3152463734149933]","['d1a1', 'h8h7', 'f3h3']","[0.0070754243060946465, 0.8975396752357483, 0.09538485109806061]","['d1a1', 'a6a1', 'h1g2']","['h6h7', 'h8h7', 'f3h3']","[0.43383342027664185, 0.9127839803695679, 0.9256678223609924]","[0.30876997113227844, 1.0, 0.8560791015625]","['d1a1', 'a6a1', 'h1g2']","[0.30876997113227844, 1.0, 0.8560791015625]",6rk/5p1p/q4PpQ/2pP2r1/1nN5/5R2/7P/q2R3K w - - 0 35
Malty,r4brk/2p5/n1Pp3p/3Pp2q/1P3p1B/5N1P/5QPK/1R3R2 b - - 0 32,e5e4 f2d4 f8g7 d4e4,2316,76,83,139,crushing middlegame short,https://lichess.org/WQIrBQn9/black#63,,"['f2d4', 'f8g7', 'd4e4']","[0.1264631450176239, 0.5912547707557678, 0.20485197007656097]","['h4f6', 'f8g7', 'h4f6']","[0.03153452277183533, 0.9447914958000183, 0.023674022406339645]","['f2d4', 'f8g7', 'd4e4']","['h4f6', 'f8g7', 'f6g7']","[0.45907437801361084, 0.7803692817687988, 0.9049625396728516]","[0.3350185751914978, 0.8603391051292419, 0.76722651720047]","['f2d4', 'f8g7', 'd4e4']","[0.45907437801361084, 0.7803692817687988, 0.9049625396728516]",r4brk/1Kp5/n1Pp3p/3P3q/1P2pp1B/5N1P/5QP1/1R3R2 w - - 0 33
McKmX,r3kbnr/1pB1q1p1/p1n4p/5bN1/3PN3/8/PPP1Q1PP/R3KB1R b KQkq - 0 12,e7c7 e4f6 e8d8 e2e8,1816,77,95,12299,doubleCheck mate mateIn2 opening short,https://lichess.org/za9RpJAX/black#23,Latvian_Gambit_Accepted Latvian_Gambit_Accepted_Other_variations,"['e4f6', 'e8d8', 'e2e8']","[0.1406298577785492, 1.0, 0.41574934124946594]","['e4g3', 'e8d8', 'e2e8']","[0.04886593669652939, 0.8030626773834229, 0.14807134866714478]","['e4d6', 'e8d7', 'd6f5']","['e4f6', 'e8d8', 'e2e8']","[0.431396484375, 0.9878424406051636, 0.7886630892753601]","[0.4229307770729065, 1.0, 0.8856080770492554]","['e4d6', 'e8d7', 'd6f5']","[0.4229307770729065, 1.0, 0.8856080770492554]",r3kb1r/1pq3p1/p1n4p/5bN1/3PN3/8/PPP1QnPP/R3KB1R w KQkq - 0 13
Mm8Lw,4r2k/pp1R3p/5ppB/4b3/6N1/2r5/5KPP/8 b - - 7 32,c3c7 h6g7 h8g8 g4h6,1751,75,92,3681,endgame mate mateIn2 short,https://lichess.org/jp7CLq7E/black#63,,"['h6g7', 'h8g8', 'g4h6']","[0.04298427328467369, 1.0, 0.10845249891281128]","['g4e5', 'h8g8', 'g4h6']","[0.019452204927802086, 0.7215694189071655, 0.25897839665412903]","['h6g7', 'h8g8', 'g4h6']","['g4e5', 'c7d7', 'e5d7']","[0.4781447649002075, 1.0, 0.7607799768447876]","[0.33883386850357056, 0.7279772758483887, 0.8741044998168945]","['h6g7', 'h8g8', 'g4h6']","[0.4781447649002075, 1.0, 0.7607799768447876]",4r1k1/pprR3p/5ppB/4b3/6N1/8/5KPP/8 w - - 8 33
MtQhz,5rk1/pp4p1/1qp2nBp/3pbQ2/8/P1N4P/1PP2PP1/4R1K1 b - - 5 20,f6e4 g6h7 g8h8 f5f8,2048,80,95,14486,crushing deflection kingsideAttack middlegame short,https://lichess.org/rGRoRZs4/black#39,,"['g6h7', 'g8h8', 'f5f8']","[0.21091978251934052, 1.0, 0.47028622031211853]","['f5e6', 'g8h8', 'f5f8']","[0.0029474925249814987, 0.9937851428985596, 0.003267401596531272]","['f5e6', 'g8h8', 'c3e4']","['g6h7', 'g8h8', 'f5f8']","[0.4776524603366852, 0.9897292852401733, 0.8271386623382568]","[0.3801788091659546, 1.0, 0.923341691493988]","['f5e6', 'g8h8', 'c3e4']","[0.3801788091659546, 1.0, 0.923341691493988]",5rk1/pp4p1/2p3Bp/3pbQ2/4nq2/P1N4P/1PP2PP1/4R1K1 w - - 6 21
Mup6L,8/ppR2kbp/6p1/5p2/3rp2B/4K3/P4PPP/8 b - - 2 26,f7g8 c7g7 g8g7 e3d4,1723,74,86,778,advantage endgame short,https://lichess.org/pHtSEUVL/black#51,,"['c7g7', 'g8g7', 'e3d4']","[0.01164594292640686, 0.7651785016059875, 0.8590701818466187]","['c7c8', 'g8g7', 'e3d4']","[0.0034841469023376703, 0.9868667125701904, 0.009649128653109074]","['c7g7', 'g8g7', 'e3d4']","['c7c8', 'g8f7', 'c8c7']","[0.6494737267494202, 0.7568287253379822, 0.9621834754943848]","[0.3089010417461395, 0.9779497981071472, 0.9266701340675354]","['c7g7', 'g8g7', 'e3d4']","[0.6494737267494202, 0.7568287253379822, 0.9621834754943848]",6k1/ppR3bp/6p1/5p2/3rp2B/8/PK3PPP/8 w - - 3 27
N0RVn,6k1/1pp2ppp/3p4/3P4/1P2P1b1/4B2q/4NbK1/Q4R2 w - - 5 32,g2f2 h3h2 f2e1 h2e2,2125,82,91,1969,endgame master mate mateIn2 short,https://lichess.org/pze5QhXn#62,,"['h3h2', 'f2e1', 'h2e2']","[0.10315121710300446, 1.0, 0.8660104870796204]","['h3f3', 'f2e1', 'h2e2']","[0.003270674031227827, 0.9909177422523499, 0.005811606999486685]","['h3h2', 'f2e1', 'h2e2']","['h3f3', 'f2g1', 'f3e3']","[0.6222925186157227, 1.0, 0.8770267367362976]","[0.3059902787208557, 0.992716908454895, 0.9310775995254517]","['h3h2', 'f2e1', 'h2e2']","[0.6222925186157227, 1.0, 0.8770267367362976]",6k1/1pp2ppp/3p4/3P4/1P2P1b1/7q/4NK2/Q2B1R2 b - - 0 32
NBzDj,r1b5/p2pN1pk/1p1Pp1Qp/8/8/3P4/q2BK1PP/8 b - - 7 27,h7h8 g6e8 h8h7 e8g8,1083,74,98,3224,endgame mate mateIn2 short,https://lichess.org/MVVXMi0j/black#53,,"['g6e8', 'h8h7', 'e8g8']","[0.32175925374031067, 1.0, 0.4054577946662903]","['g6e8', 'h8h7', 'e8g8']","[0.03465511277318001, 0.9604318737983704, 0.00491294777020812]","['g6e8', 'h8h7', 'e8g8']","['g6e4', 'a8b8', 'e7g6']","[0.4268874526023865, 1.0, 0.9237392544746399]","[0.4117177128791809, 0.7973478436470032, 0.7222263813018799]","['g6e8', 'h8h7', 'e8g8']","[0.4268874526023865, 1.0, 0.9237392544746399]",r1b4k/p2p2p1/1p1Pp1Qp/N7/8/3P4/q2BK1PP/8 w - - 8 28
NFFVb,r4rk1/pppb1p1p/5BpQ/4P3/4q3/5N2/PP3P1P/R3K2R w KQ - 2 18,e1f1 d7b5 f1g2 e4g4,1628,77,84,368,mate mateIn2 middlegame short,https://lichess.org/TGUBlYK6#34,Nimzowitsch_Defense Nimzowitsch_Defense_Scandinavian_Variation,"['d7b5', 'f1g2', 'e4g4']","[0.1171068474650383, 0.5055110454559326, 0.5902854800224304]","['e4f3', 'f1g2', 'e4g4']","[0.0007295681862160563, 0.9947675466537476, 0.004502890631556511]","['d7b5', 'f1g2', 'e4g4']","['e4c4', 'f1e1', 'c4e4']","[0.5842761993408203, 0.7129665613174438, 0.8819012641906738]","[0.3495196998119354, 0.7973899841308594, 0.8865559101104736]","['d7b5', 'f1g2', 'e4g4']","[0.5842761993408203, 0.7129665613174438, 0.8819012641906738]",r4rk1/pppb1p1p/5BpQ/4P3/4qp2/5N2/PP3P1P/R4K1R b - - 3 18
NSP87,3r3k/5pp1/7p/pp2P1qP/5n2/P1P2Q2/1P4P1/3BR1K1 w - - 4 32,f3g4 d8d1 g4g5 d1e1,1378,74,99,1264,crushing endgame short,https://lichess.org/6ZPuy0hJ#62,,"['d8d1', 'g4g5', 'd1e1']","[0.0267209280282259, 0.11376107484102249, 0.5350750684738159]","['d8d2', 'g4c8', 'd1e1']","[0.009168343618512154, 0.9784227013587952, 0.012408969923853874]","['d8d2', 'g4g5', 'h6g5']","['d8d1', 'g4g5', 'd1e1']","[0.4536442458629608, 0.8642635941505432, 0.9376193881034851]","[0.31830134987831116, 0.8909202218055725, 0.9234814643859863]","['d8d2', 'g4g5', 'h6g5']","[0.31830134987831116, 0.8909202218055725, 0.9234814643859863]",3r4/5pp1/7p/ppk1P1qP/5nQ1/P1P5/1P4P1/3BR1K1 b - - 5 32
Nd9Yn,3r2k1/1p3pp1/p1p2q1p/2P5/2bP2Q1/P1N1R2P/5PP1/6K1 b - - 0 27,d8d4 e3e8 g8h7 c3e4,2155,83,90,1667,advantage endgame short,https://lichess.org/79mP1C9u/black#53,,"['e3e8', 'g8h7', 'c3e4']","[0.08703823387622833, 1.0, 0.5067258477210999]","['c3e4', 'g8h7', 'c3e4']","[0.009451051242649555, 0.9679025411605835, 0.022646436467766762]","['g4c8', 'g8h7', 'c8b7']","['e3e8', 'g8h7', 'c3e4']","[0.38204753398895264, 0.7986629605293274, 0.8835105895996094]","[0.3158280849456787, 1.0, 0.7791941165924072]","['g4c8', 'g8h7', 'c8b7']","[0.3158280849456787, 1.0, 0.7791941165924072]",6k1/1p3pp1/p1p2q1p/2P5/2br2Q1/P3R2P/5PP1/5NK1 w - - 0 28
NojRD,r1b2k2/pp1n2p1/2p1R1Bp/8/3q4/PQ6/1P3PPP/6K1 b - - 1 22,d7f6 e6e8 f6e8 b3f7,1650,75,94,2221,clearance mate mateIn2 middlegame sacrifice short,https://lichess.org/GrnirESg/black#43,,"['e6e8', 'f6e8', 'b3f7']","[0.2669302225112915, 1.0, 0.8169891834259033]","['e6e8', 'f6e8', 'b3f7']","[0.0031459867022931576, 0.9871058464050293, 0.009748193435370922]","['e6e8', 'f6e8', 'b3f7']","['e6d6', 'f6d5', 'd6d8']","[0.4571831226348877, 1.0, 0.790049135684967]","[0.40075889229774475, 0.7911089658737183, 0.7799866199493408]","['e6e8', 'f6e8', 'b3f7']","[0.4571831226348877, 1.0, 0.790049135684967]",2b2k2/ppr3p1/2p1RnBp/8/3q4/PQ6/1P3PPP/6K1 w - - 2 23
NwCEI,r5k1/2q1bppp/p2pp3/P3n1P1/1p2PB1P/6Q1/1PrRNP2/3R2K1 b - - 5 23,a8c8 d2c2 c7c2 d1c1,2011,76,89,211,crushing master middlegame short,https://lichess.org/V5n5Py4e/black#45,,"['d2c2', 'c7c2', 'd1c1']","[0.20992745459079742, 0.6545653939247131, 0.4381285309791565]","['d2c2', 'c7c2', 'd1c1']","[0.02408229187130928, 0.9169979095458984, 0.05891977995634079]","['f4e5', 'c2d2', 'd1d2']","['d2c2', 'c7c2', 'd1c1']","[0.3792785108089447, 0.771632730960846, 0.922174870967865]","[0.3635169565677643, 0.8729414939880371, 0.9042805433273315]","['f4e5', 'c2d2', 'd1d2']","[0.3635169565677643, 0.8729414939880371, 0.9042805433273315]",6k1/2q1bppp/p2pp3/P3n1P1/1p2PB1P/5rQ1/1PrRNP2/3R2K1 w - - 6 24
O1mtS,1n1q2k1/rb3pp1/1p5p/p2NP3/P1pP4/2P2QP1/2P3BP/1R4K1 w - - 1 23,b1b6 b7d5 b6b8 d8b8,1603,333,100,4,equality middlegame short,https://lichess.org/eXT8BJ92#44,,"['b7d5', 'b6b8', 'd8b8']","[0.1605222374200821, 0.02172471024096012, 0.7864894270896912]","['b7d5', 'f3d5', 'd8b8']","[0.008206476457417011, 0.9673646688461304, 0.02442886494100094]","['b7d5', 'b6b8', 'd8b8']","['d8b6', 'd5b6', 'b7f3']","[0.6151753067970276, 0.8428987264633179, 0.9443854093551636]","[0.3070860803127289, 0.9455674290657043, 0.9356746673583984]","['b7d5', 'b6b8', 'd8b8']","[0.6151753067970276, 0.8428987264633179, 0.9443854093551636]",1n1q2k1/1b3pp1/1R5p/p2NP3/P1pP4/2P2QP1/2P1r1BP/6K1 b - - 0 23
O4rli,r4r1k/p1q1p2p/1p4p1/2pPb3/2P1P1b1/8/P1Q1B1PP/1RB2RK1 w - - 0 19,e2g4 e5h2 g1h1 f8f1,1222,76,91,2790,deflection kingsideAttack mate mateIn2 middlegame short,https://lichess.org/CyJpzAQa#36,Grunfeld_Defense Grunfeld_Defense_Exchange_Variation,"['e5h2', 'g1h1', 'f8f1']","[0.3536355197429657, 1.0, 0.6000028252601624]","['e5h2', 'g1h1', 'f8f1']","[0.01129851769655943, 0.943879246711731, 0.044822193682193756]","['e5d4', 'c1e3', 'd4e3']","['e5h2', 'g1h1', 'f8f1']","[0.4748806059360504, 0.958075225353241, 0.8873759508132935]","[0.4583454728126526, 1.0, 0.9216181635856628]","['e5d4', 'c1e3', 'd4e3']","[0.4583454728126526, 1.0, 0.9216181635856628]",r4r1k/p1q1p2p/1p4p1/2pPb3/2P1P1B1/8/P1Q2RPP/1RB3K1 b - - 0 19
OAXWS,r2qr1k1/4bp1p/p5pB/1p1bP3/3p2Q1/PB6/1PP3PP/R4R1K w - - 4 20,g4d4 d5g2 h1g2 d8d4,668,88,96,2360,crushing discoveredAttack kingsideAttack middlegame short,https://lichess.org/ybvgqCrY#38,,"['d5g2', 'h1g2', 'd8d4']","[0.013034540228545666, 0.8124533891677856, 0.6880355477333069]","['d5e6', 'h1g2', 'd8d4']","[0.03890509158372879, 0.7558994889259338, 0.2051953822374344]","['d5g2', 'h1g2', 'd8d4']","['d5b3', 'd4d8', 'e7d8']","[0.6104992032051086, 0.9797088503837585, 0.9125391244888306]","[0.3384738266468048, 0.8968732357025146, 0.7287343740463257]","['d5g2', 'h1g2', 'd8d4']","[0.6104992032051086, 0.9797088503837585, 0.9125391244888306]",r2qr1k1/3Rbp1p/p5pB/1p1bP3/3Q4/PB6/1PP3PP/5R1K b - - 0 20
OC3va,r1b1r1k1/pppp1ppp/8/4n1B1/1b4n1/2NQ4/PPP2PPP/R3KB1R w KQ - 0 11,d3g3 e5f3 e1d1 e8e1,1798,78,87,340,doubleCheck mate mateIn2 opening short,https://lichess.org/kW03sfqM#20,Vienna_Game Vienna_Game_Falkbeer_Variation,"['e5f3', 'e1d1', 'e8e1']","[0.2744390070438385, 1.0, 0.18846629559993744]","['e5f3', 'e1d1', 'f3g5']","[0.016705669462680817, 0.9368516206741333, 0.046442680060863495]","['e5f3', 'e1d1', 'e8e1']","['e5d3', 'e1d2', 'd3f2']","[0.4338226020336151, 1.0, 0.9248141646385193]","[0.35960832238197327, 0.9549932479858398, 0.8320968747138977]","['e5f3', 'e1d1', 'e8e1']","[0.4338226020336151, 1.0, 0.9248141646385193]",r1b1r1k1/pppp1ppp/8/4nBB1/1b4n1/2N3Q1/PPP2PPP/R3K2R b KQ - 1 11
OG6mG,6k1/5pp1/2Q4p/p1n1p3/P3n3/3NN3/2Pq1PPP/5K2 b - - 3 28,c5d3 c6a8 g8h7 a8e4,2019,75,91,2920,crushing endgame fork short,https://lichess.org/U4tgbink/black#55,,"['c6a8', 'g8h7', 'a8e4']","[0.031091555953025818, 1.0, 0.9625552296638489]","['c6c8', 'g8h7', 'a8e4']","[0.0003914457047358155, 0.9986660480499268, 0.0009425703319720924]","['c6c8', 'g8h7', 'c8f5']","['c6a8', 'g8h7', 'a8e4']","[0.48634281754493713, 1.0, 0.9290200471878052]","[0.44601061940193176, 1.0, 0.9113404154777527]","['c6c8', 'g8h7', 'c8f5']","[0.44601061940193176, 1.0, 0.9113404154777527]",6k1/3n1pp1/2Q4p/p3p3/P7/3nN3/2Pq1PPP/5K2 w - - 0 29
OHz0l,r1bQ4/1p3ppk/2p2n2/p4Pqp/4p3/P1N4P/1P4PK/4RR2 w - - 1 25,c3e4 f6g4 h3g4 g5d8,2190,77,92,4512,crushing discoveredAttack master middlegame short,https://lichess.org/rDRwRGer#48,,"['f6g4', 'h3g4', 'g5d8']","[0.08338063955307007, 0.5969682931900024, 0.7857432961463928]","['g5h4', 'h3g4', 'g5d8']","[0.025050051510334015, 0.6955949664115906, 0.2793550193309784]","['f6g4', 'h3g4', 'g5d8']","['f6e4', 'd8g5', 'e4g5']","[0.496305912733078, 0.7851802110671997, 0.9463493227958679]","[0.45594727993011475, 0.8881924152374268, 0.939464271068573]","['f6g4', 'h3g4', 'g5d8']","[0.496305912733078, 0.7851802110671997, 0.9463493227958679]",r1b5/1p3ppk/2p2n2/p4Pqp/4NQ2/P6P/1P4PK/4RR2 b - - 0 25
ONsmj,8/pp3pkp/2n3p1/3B2q1/3P2b1/1PB5/P4P1P/4Q1K1 w - - 3 24,d5c6 g4f3 g1f1 g5g2,1871,80,81,324,discoveredAttack endgame mate mateIn2 short,https://lichess.org/Qp7cvadB#46,,"['g4f3', 'g1f1', 'g5g2']","[0.07195258140563965, 1.0, 0.6154133677482605]","['g4h3', 'g1f1', 'g5g2']","[0.004061127547174692, 0.992091178894043, 0.0038476884365081787]","['g4f3', 'g1f1', 'g5g2']","['g4h3', 'g1h1', 'b7c6']","[0.512678325176239, 1.0, 0.8859785795211792]","[0.3521827757358551, 0.9923866987228394, 0.9085754156112671]","['g4f3', 'g1f1', 'g5g2']","[0.512678325176239, 1.0, 0.8859785795211792]",8/pp2Bpkp/6p1/6q1/3P2b1/1PB5/P4P1P/4Q1K1 b - - 0 24
OTKcL,3r4/6Q1/p2k1p1p/qp1B4/4P3/7P/5PPK/8 b - - 0 34,d6e5 g7g3 e5d4 g3e3,2099,77,87,816,crushing endgame short,https://lichess.org/Y9AITvZr/black#67,,"['g7g3', 'e5d4', 'g3e3']","[0.2256605178117752, 1.0, 0.4689153730869293]","['g7e7', 'e5d4', 'g3e3']","[0.1689082831144333, 0.8094051480293274, 0.021686507388949394]","['g7g3', 'e5d4', 'g3e3']","['g7e7', 'e5d4', 'e7f6']","[0.42158085107803345, 1.0, 0.8954216241836548]","[0.30212703347206116, 0.9862956404685974, 0.9130721092224121]","['g7g3', 'e5d4', 'g3e3']","[0.42158085107803345, 1.0, 0.8954216241836548]",3r4/6Q1/p4p1p/qp1B4/4P3/k6P/5PPK/8 w - - 1 35
OTXjy,r4r2/pppk1pQ1/5R2/4q1B1/1n1b4/2N4P/PP4PK/7R w - - 0 27,g5f4 e5f6 g7g4 f6e6,2081,79,90,2137,advantage middlegame short,https://lichess.org/ybT2jumh#52,,"['e5f6', 'g7g4', 'f6e6']","[0.02609802968800068, 0.608194887638092, 0.1293722540140152]","['f8g8', 'g7g4', 'd7e8']","[0.015601595863699913, 0.9259262084960938, 0.05847218632698059]","['e5f6', 'g7g4', 'f6e6']","['e5f4', 'f6f4', 'd4g7']","[0.5915229916572571, 0.7581354379653931, 0.9526195526123047]","[0.3281731903553009, 0.98421311378479, 0.915635347366333]","['e5f6', 'g7g4', 'f6e6']","[0.5915229916572571, 0.7581354379653931, 0.9526195526123047]",r4r2/pppk1pQ1/5R2/4q3/1n1b1B2/2NR3P/PP4PK/8 b - - 1 27
OX6QW,r2qkb1r/ppp2ppp/2n1b3/4n3/2Pp4/PQ3NP1/1P2PPBP/RNB2RK1 b kq - 3 9,e6c4 b3b7 a8b8 f3e5,2308,80,84,362,crushing opening short,https://lichess.org/psUjqHfU/black#17,Queens_Gambit_Declined Queens_Gambit_Declined_Albin_Countergambit,"['b3b7', 'a8b8', 'f3e5']","[0.43024805188179016, 0.7921028137207031, 0.28409141302108765]","['b3b7', 'a8b8', 'f3e5']","[0.04558449611067772, 0.8929038047790527, 0.06151172146201134]","['b3b7', 'a8b8', 'f3e5']","['b3a4', 'e5f3', 'g2f3']","[0.47614607214927673, 0.7083982229232788, 0.9179423451423645]","[0.34118640422821045, 0.8098325133323669, 0.9673676490783691]","['b3b7', 'a8b8', 'f3e5']","[0.47614607214927673, 0.7083982229232788, 0.9179423451423645]",rN1qkb1r/ppp2ppp/2n5/4n3/2bp4/PQ4P1/1P2PPBP/RNB2RK1 w kq - 0 10
OejSu,3q1k1r/1p3p2/p4N2/2b1p2p/3n3Q/1B2p2P/PPP2PP1/2KR4 w - - 2 20,f2e3 d4e2 c1b1 d8d1,1159,74,97,2148,deflection discoveredAttack mate mateIn2 middlegame queensideAttack short,https://lichess.org/JM7dY0nq#38,,"['d4e2', 'c1b1', 'd8d1']","[0.10716042667627335, 1.0, 0.4138975143432617]","['h8h6', 'c1b1', 'd8d1']","[0.013914305716753006, 0.9265381693840027, 0.05954747274518013]","['d4e2', 'c1b1', 'd8d1']","['d4b3', 'c2b3', 'c5e3']","[0.5587417483329773, 1.0, 0.8776214122772217]","[0.3318103551864624, 0.9608781933784485, 0.9286179542541504]","['d4e2', 'c1b1', 'd8d1']","[0.5587417483329773, 1.0, 0.8776214122772217]",3q1k1r/1p1b1p2/p4N2/4p2p/3n3Q/1B2P2P/PPP3P1/2KR4 b - - 0 20
OpuFN,5r1k/5P1p/3b2pB/pp1qr3/2p3QP/P1Pp4/1P5K/4RR2 w - - 1 34,h6f8 e5e2 h2g1 d6h2,2067,79,87,239,doubleCheck mate mateIn2 middlegame short,https://lichess.org/qzbELB04#66,,"['e5e2', 'h2g1', 'd6h2']","[0.19550755620002747, 0.6388757824897766, 0.3247259855270386]","['e5e1', 'h2g1', 'd6c5']","[0.002651400165632367, 0.9912478923797607, 0.006100672297179699]","['e5e2', 'h2g1', 'd6h2']","['e5e1', 'f8d6', 'd5d6']","[0.32917067408561707, 0.9577134251594543, 0.7550618052482605]","[0.3112247884273529, 0.9592072367668152, 0.8818373084068298]","['e5e2', 'h2g1', 'd6h2']","[0.32917067408561707, 0.9577134251594543, 0.7550618052482605]",5B1k/5P1p/3b2p1/pp2r3/2p3QP/P1Pp4/qP5K/4RR2 b - - 0 34
Ot92w,7k/p6n/3qb3/1Q1p4/3Pp3/1BP5/P1PB1rPP/R6K w - - 1 24,d2e1 e6d7 e1f2 d7b5,2143,77,91,1585,advantage middlegame short,https://lichess.org/sDomssce#46,,"['e6d7', 'e1f2', 'd7b5']","[0.029894787818193436, 0.44235527515411377, 0.731465756893158]","['e4e3', 'e1f2', 'd7b5']","[0.004598159343004227, 0.9772411584854126, 0.0181606262922287]","['e6d7', 'e1f2', 'd7b5']","['a7a6', 'b5e8', 'f2f8']","[0.47436901926994324, 0.8359580039978027, 0.9335724711418152]","[0.31843218207359314, 0.8328043222427368, 0.8839388489723206]","['e6d7', 'e1f2', 'd7b5']","[0.47436901926994324, 0.8359580039978027, 0.9335724711418152]",7k/p6n/3qb3/1Q1p4/3Pp3/1BP5/P1P2rPP/R1K1B3 b - - 2 24
Oxd8q,2r3n1/8/7p/1R4p1/2pBR1Pk/7P/3r1P2/6K1 w - - 1 39,b5c5 d2d4 c5c8 d4e4,1631,75,89,152,advantage endgame short,https://lichess.org/8InXhvSE#76,,"['d2d4', 'c5c8', 'd4e4']","[0.05166076123714447, 0.41244810819625854, 0.8762992024421692]","['c8c5', 'e4d4', 'd4e4']","[0.005840394180268049, 0.9860550761222839, 0.00810457207262516]","['c8c5', 'd4c5', 'h4h3']","['d2d4', 'c5c8', 'd4e4']","[0.5683470964431763, 0.8860949873924255, 0.7615112662315369]","[0.32694968581199646, 0.8551673293113708, 0.9713976979255676]","['c8c5', 'd4c5', 'h4h3']","[0.32694968581199646, 0.8551673293113708, 0.9713976979255676]",2r3n1/8/5P1p/2R3p1/2pBR1Pk/7P/3r1P2/6K1 b - - 2 39
P3ZGL,8/R4p1k/5r2/8/8/5N2/n5rP/3RK3 w - - 0 37,f3e5 a2c3 a7f7 f6f7,2353,86,85,584,crushing endgame short,https://lichess.org/Cw5FVVCF#72,,"['a2c3', 'a7f7', 'f6f7']","[0.2739069163799286, 0.32055240869522095, 0.6507282257080078]","['a2c3', 'a7f7', 'f6f7']","[0.08714266121387482, 0.9012525081634521, 0.011604837141931057]","['g2g1', 'e1d2', 'f6d6']","['a2c3', 'a7f7', 'f6f7']","[0.49391040205955505, 0.8194183111190796, 0.8280999660491943]","[0.3440605401992798, 0.9016480445861816, 0.9802652597427368]","['g2g1', 'e1d2', 'f6d6']","[0.3440605401992798, 0.9016480445861816, 0.9802652597427368]",1R6/R4p1k/5r2/4N3/8/8/n5rP/4K3 b - - 1 37
P4I4P,rn2k2r/pp2qppp/3bb3/8/3PQp2/1BP2N2/PP4PP/R1B2K1R w kq - 3 14,c1f4 e6c4 b3c4 e7e4,1759,167,100,24,discoveredAttack equality middlegame short,https://lichess.org/ufUFEN2a#26,,"['e6c4', 'b3c4', 'e7e4']","[0.023298604413866997, 0.0878121480345726, 0.713512659072876]","['e6b3', 'f1f2', 'e7e4']","[0.03516750782728195, 0.3630671203136444, 0.6017653942108154]","['e6b3', 'e4e7', 'e8e7']","['e6c4', 'b3c4', 'e7e4']","[0.4322800934314728, 0.858488142490387, 0.7496967315673828]","[0.36795100569725037, 0.8934140801429749, 0.9234738349914551]","['e6b3', 'e4e7', 'e8e7']","[0.36795100569725037, 0.8934140801429749, 0.9234738349914551]",rn2k2r/pp2qppp/3bb3/8/3PQB2/1BP1KN2/PP4PP/R6R b kq - 0 14
P6yUU,2rr2k1/1bq2ppp/p7/1pn1p1P1/1b2P2P/2N2B2/PPPBQ3/2KR3R w - - 8 21,c3d5 c5b3 c1b1 c7c2,2117,75,94,12363,discoveredAttack mate mateIn2 middlegame pin queensideAttack short,https://lichess.org/6EAgtxn6#40,,"['c5b3', 'c1b1', 'c7c2']","[0.02149074524641037, 0.5393152236938477, 0.2742442190647125]","['b7d5', 'c1b1', 'b3d2']","[0.01905166730284691, 0.9519050717353821, 0.029043231159448624]","['c5b3', 'c1b1', 'c7c2']","['b7d5', 'd2b4', 'd5a2']","[0.509741485118866, 0.8956443071365356, 0.9057837128639221]","[0.319563090801239, 0.8238675594329834, 0.713732123374939]","['c5b3', 'c1b1', 'c7c2']","[0.509741485118866, 0.8956443071365356, 0.9057837128639221]",3r2kr/1bq2ppp/p7/1pnNp1P1/1b2P2P/5B2/PPPBQ3/2KR3R b - - 9 21
PEc8P,5rk1/4p2p/3p4/3n1pNq/1p1P2nP/1P3Q2/1KP5/3B2R1 b - - 4 28,d5e3 f3e3 g4e3 d1h5,1971,74,82,397,crushing discoveredAttack master middlegame short,https://lichess.org/vGMwe6O9/black#55,,"['f3e3', 'g4e3', 'd1h5']","[0.05284297838807106, 0.33720919489860535, 0.5598863959312439]","['g5e6', 'g4e3', 'd1h5']","[0.011985155753791332, 0.9771892428398132, 0.010825549252331257]","['f3e3', 'g4e3', 'd1h5']","['g5e6', 'e3d1', 'g1d1']","[0.3536592423915863, 0.8276880979537964, 0.9470152258872986]","[0.30620431900024414, 0.8349126577377319, 0.7434691190719604]","['f3e3', 'g4e3', 'd1h5']","[0.3536592423915863, 0.8276880979537964, 0.9470152258872986]",5rk1/4p2p/3p2p1/5pNq/1p1P2nP/1P2nQ2/1KP5/3B2R1 w - - 5 29
PKrMW,r4r1k/p1p2pp1/3b3q/3p4/6b1/3BPN2/P1QN1PPP/R4RK1 w - - 3 19,c2c6 d6h2 f3h2 h6c6,1859,104,85,21,advantage discoveredAttack middlegame short,https://lichess.org/OvE4JSiA#36,Queens_Pawn_Game Queens_Pawn_Game_Mason_Variation,"['d6h2', 'f3h2', 'h6c6']","[0.09498266130685806, 0.786605715751648, 0.345505952835083]","['d6h2', 'f3h2', 'h6c6']","[0.004912740550935268, 0.9718325734138489, 0.023254740983247757]","['g4f3', 'g2g3', 'f3g4']","['d6h2', 'f3h2', 'h6c6']","[0.49178194999694824, 0.7554928660392761, 0.806786835193634]","[0.4540117084980011, 0.9911575317382812, 0.9197737574577332]","['g4f3', 'g2g3', 'f3g4']","[0.4540117084980011, 0.9911575317382812, 0.9197737574577332]",r4r1k/p1p2pp1/2Qb3q/2Rp4/6b1/3BPN2/P2N1PPP/5RK1 b - - 4 19
PZSxw,r2qrk1b/pp2Np1p/3pBPp1/2p3B1/3Q4/8/PPP2PPP/2KR3R b - - 0 15,c5d4 g5h6 h8g7 h6g7,1493,75,87,1236,mate mateIn2 middlegame short,https://lichess.org/4QHbMFMk/black#29,Scotch_Game Scotch_Game_Other_variations,"['g5h6', 'h8g7', 'h6g7']","[0.16506819427013397, 1.0, 0.5127698183059692]","['e6b3', 'h8g7', 'h6g7']","[0.004518760368227959, 0.9889675974845886, 0.006513685919344425]","['g5h6', 'h8g7', 'h6g7']","['e6b3', 'h8f6', 'g5f6']","[0.4016087055206299, 1.0, 0.7485347986221313]","[0.3001704812049866, 0.865662157535553, 0.9077602624893188]","['g5h6', 'h8g7', 'h6g7']","[0.4016087055206299, 1.0, 0.7485347986221313]",r2q1k1b/pp2Np1p/3pBPp1/6B1/3p4/2r5/PPP2PPP/2KR3R w - - 0 16
Pynxa,6k1/Q1p2ppp/4r3/8/4r1P1/1P6/P2RBKPP/q6R b - - 5 24,a1h1 a7a8 e6e8 a8e4,2063,74,91,2591,crushing endgame short,https://lichess.org/G8N4fSFP/black#47,,"['a7a8', 'e6e8', 'a8e4']","[0.25643792748451233, 1.0, 0.1841248869895935]","['d2d8', 'e6e8', 'a8c6']","[0.0020403435919433832, 0.99455726146698, 0.003402379574254155]","['d2d8', 'e6e8', 'd8e8']","['a7a8', 'e6e8', 'a8e4']","[0.46654272079467773, 1.0, 0.8885570168495178]","[0.3227938413619995, 1.0, 0.9199886322021484]","['d2d8', 'e6e8', 'd8e8']","[0.3227938413619995, 1.0, 0.9199886322021484]",6k1/Q1p2ppp/4r1q1/8/4r1P1/1P6/P2RBKPP/8 w - - 0 25
Pz4OE,rnb2rk1/p4ppN/4p3/1p1p4/2pPn3/1Pq1P1P1/P2N1PP1/R2QKB1R b KQ - 2 13,e4d2 h7f6 g7f6 d1g4,1762,91,87,47,kingsideAttack mate mateIn2 middlegame sacrifice short,https://lichess.org/OQiB5cp1/black#25,Indian_Defense Indian_Defense_Other_variations,"['h7f6', 'g7f6', 'd1g4']","[0.04958712309598923, 1.0, 0.21228590607643127]","['a1c1', 'g7f6', 'a1c1']","[0.0016626210417598486, 0.9928272366523743, 0.0055101728066802025]","['h7f6', 'g7f6', 'd1g4']","['a1c1', 'd2f3', 'e1e2']","[0.509684681892395, 1.0, 0.868553876876831]","[0.3467375338077545, 0.8734819293022156, 1.0]","['h7f6', 'g7f6', 'd1g4']","[0.509684681892395, 1.0, 0.868553876876831]",rnb2rk1/p4ppN/4p3/1p1p4/2pP4/1Pq1P1P1/P2nPPP1/R2QKB1R w KQ - 0 14
PzIUF,4r1k1/4rpp1/3p2qp/p1pPp3/PpP1R3/1P2QPPP/5P1K/4R3 w - - 0 27,f3f4 f7f5 e4e5 d6e5,2248,74,93,5584,advantage endgame short trappedPiece,https://lichess.org/KqHN6Hlq#52,,"['f7f5', 'e4e5', 'd6e5']","[0.29053059220314026, 0.5831179022789001, 0.6133602261543274]","['f7f6', 'e4e5', 'd6e5']","[0.04185932129621506, 0.921268880367279, 0.0368717759847641]","['f7f5', 'e4e5', 'd6e5']","['e5f4', 'e4e7', 'f4e3']","[0.3591906726360321, 0.7492891550064087, 0.8949807286262512]","[0.3512963652610779, 0.9493464231491089, 0.7475766539573669]","['f7f5', 'e4e5', 'd6e5']","[0.3591906726360321, 0.7492891550064087, 0.8949807286262512]",4r1k1/4rpp1/3p2qp/p1pPp3/PpP1RP2/1P4PP/5P1K/1Q2R3 b - - 0 27
Q1azF,8/R7/5pp1/1k2p2P/p4rP1/5PK1/8/8 b - - 2 49,b5b6 h5g6 b6a7 g6g7,1861,97,22,21,advancedPawn advantage endgame rookEndgame sacrifice short,https://lichess.org/y0BBGdHQ/black#97,,"['h5g6', 'b6a7', 'g6g7']","[0.03056032769382, 0.6624136567115784, 0.7105669975280762]","['a7a8', 'b6a7', 'g6g7']","[0.007285281550139189, 0.987051248550415, 0.005663416814059019]","['h5g6', 'b6a7', 'g6g7']","['h5h6', 'b6a7', 'h6h7']","[0.5314128994941711, 0.7435084581375122, 0.9839498996734619]","[0.31944939494132996, 0.8865624070167542, 0.981302797794342]","['h5g6', 'b6a7', 'g6g7']","[0.5314128994941711, 0.7435084581375122, 0.9839498996734619]",8/R7/1k3pp1/4p2P/p4rP1/5PK1/7p/8 w - - 3 50
Q1rVf,1kr5/p1pQR2R/1p1n4/8/8/2P4P/1q3PP1/6K1 w - - 0 30,d7d6 b2a1 g1h2 c7d6,2134,76,90,1041,advantage endgame intermezzo short,https://lichess.org/Kw3b4EjF#58,,"['b2a1', 'g1h2', 'c7d6']","[0.04031398519873619, 0.9738928079605103, 0.12494153529405594]","['c7d6', 'g1h2', 'a1c3']","[0.0058187758550047874, 0.9549106359481812, 0.03927060216665268]","['b2a1', 'g1h2', 'c7d6']","['b2b1', 'g1h2', 'b1h7']","[0.5441545844078064, 0.9546276330947876, 0.9328570365905762]","[0.3425973355770111, 0.9851648807525635, 0.8768752813339233]","['b2a1', 'g1h2', 'c7d6']","[0.5441545844078064, 0.9546276330947876, 0.9328570365905762]",1kr5/p1p1R1PR/1p1Q4/8/8/2P4P/1q3PP1/6K1 b - - 0 30
Q5LYB,4r2k/ppb3pp/1q2rp2/2pQP3/3p1B2/1P1P4/P3RPPP/4RK2 b - - 3 25,g7g5 e5f6 e6e2 e1e2,1387,79,85,163,crushing middlegame short,https://lichess.org/RucyYx7d/black#49,,"['e5f6', 'e6e2', 'e1e2']","[0.17730779945850372, 0.5749403238296509, 0.479656457901001]","['f4d2', 'e6e2', 'e1e2']","[0.027315504848957062, 0.9522467255592346, 0.02043781615793705]","['e5f6', 'e6e2', 'e1e2']","['f4g3', 'f6f5', 'f2f4']","[0.41211509704589844, 0.9072157740592957, 0.9301285743713379]","[0.32839614152908325, 0.7089415788650513, 0.8827781081199646]","['e5f6', 'e6e2', 'e1e2']","[0.41211509704589844, 0.9072157740592957, 0.9301285743713379]",4r2k/pp5p/1q2rp1b/2pQP1p1/3p1B2/1P1P4/P3RPPP/4RK2 w - - 0 26
Q6dYB,r1b1k3/pp4p1/2p1p1p1/q3r3/4PQ2/2P5/PP4PP/3RK2R b Kq - 0 19,e5h5 h1f1 h5f5 e4f5,1913,78,92,3905,crushing middlegame quietMove short,https://lichess.org/EaSDWxOn/black#37,Sicilian_Defense Sicilian_Defense_Pin_Variation,"['h1f1', 'h5f5', 'e4f5']","[0.29965177178382874, 0.8247905373573303, 0.4548000693321228]","['e1g1', 'h5f5', 'e4f5']","[0.0031015893910080194, 0.9942010045051575, 0.0026973646599799395]","['h1f1', 'h5f5', 'e4f5']","['e1g1', 'a5c5', 'f1f2']","[0.48447930812835693, 0.902494490146637, 0.9137099981307983]","[0.40232858061790466, 0.9072365164756775, 0.7055224776268005]","['h1f1', 'h5f5', 'e4f5']","[0.48447930812835693, 0.902494490146637, 0.9137099981307983]",r3k3/pp1b2p1/2p1p1p1/q6r/4PQ2/2P5/PP4PP/3RK2R w Kq - 1 20
QDLvK,1r3rk1/5ppp/8/1qppPp2/p2P4/1P4R1/P2Q2PP/R6K b - - 1 23,a4b3 d2h6 g7g6 g3h3,2186,78,87,248,crushing endgame master pin short,https://lichess.org/juOvtagb/black#45,,"['d2h6', 'g7g6', 'g3h3']","[0.13527102768421173, 0.852733850479126, 0.3156801462173462]","['g3b3', 'g7g6', 'g3h3']","[0.0030407493468374014, 0.9904208183288574, 0.006538379937410355]","['g3g7', 'g8g7', 'd2g5']","['d2h6', 'g7g6', 'g3h3']","[0.47047558426856995, 0.86530601978302, 0.9315834641456604]","[0.332432359457016, 0.8045300841331482, 0.7352442741394043]","['g3g7', 'g8g7', 'd2g5']","[0.332432359457016, 0.8045300841331482, 0.7352442741394043]",1r4k1/5ppp/8/1qppPp2/3Pr3/1p4R1/P2Q2PP/R6K w - - 0 24
QFgiM,r1bq4/pppn2bk/7p/3n4/2P1N2N/3BB3/PP4PP/5RK1 b - - 1 21,d5b4 e4f6 h7h8 h4g6,1278,75,98,5848,doubleCheck mate mateIn2 middlegame short,https://lichess.org/oMNpoHOc/black#41,,"['e4f6', 'h7h8', 'h4g6']","[0.17986874282360077, 1.0, 0.49106264114379883]","['d3b1', 'h7h8', 'h4g6']","[0.011746224015951157, 0.9157072305679321, 0.07254654914140701]","['e4g5', 'h7g8', 'd3h7']","['e4f6', 'h7h8', 'h4g6']","[0.5681574940681458, 0.7177885174751282, 0.8789393901824951]","[0.35621124505996704, 1.0, 0.8828812837600708]","['e4g5', 'h7g8', 'd3h7']","[0.35621124505996704, 1.0, 0.8828812837600708]",r1bq4/pppn2bk/6np/8/2P1N2N/3BB3/PP4PP/5RK1 w - - 2 22
QHtQX,4k3/2R2p2/7R/3Q2p1/2KP4/1q2P1P1/1r3PP1/8 w - - 2 34,c4c5 b3b4 c5c6 b4b6,2389,76,94,5839,endgame mate mateIn2 short,https://lichess.org/kDNvuXyf#66,,"['b3b4', 'c5c6', 'b4b6']","[0.048276130110025406, 1.0, 0.198342964053154]","['b3b5', 'c5c6', 'b2c2']","[0.0032855651807039976, 0.9902089834213257, 0.006505406927317381]","['b3b4', 'c5c6', 'b4b6']","['b3a3', 'c5c6', 'a3a6']","[0.48887550830841064, 1.0, 0.9246148467063904]","[0.40976497530937195, 0.9403405785560608, 0.8025562763214111]","['b3b4', 'c5c6', 'b4b6']","[0.48887550830841064, 1.0, 0.9246148467063904]",8/2R2p2/7R/k1KQ2p1/3P4/1q2P1P1/1r3PP1/8 b - - 3 34
QPy4H,r4rk1/3p1ppp/1p6/p1b1nq1n/5P2/P1N5/1PP3PP/R1B1RQ1K w - - 0 18,f4e5 h5g3 h2g3 f5h5,1054,83,93,6566,clearance kingsideAttack mate mateIn2 middlegame sacrifice short,https://lichess.org/Fft6u29p#34,Indian_Defense Indian_Defense_Reversed_Chigorin_Defense,"['h5g3', 'h2g3', 'f5h5']","[0.05961812660098076, 1.0, 0.906980574131012]","['f5f1', 'h2g3', 'f5h5']","[0.014277380891144276, 0.9680470824241638, 0.01767556369304657]","['h5g3', 'h2g3', 'f5h5']","['f5f1', 'e1f1', 'f7f5']","[0.42395418882369995, 1.0, 0.8388097882270813]","[0.3311467468738556, 1.0, 0.8422438502311707]","['h5g3', 'h2g3', 'f5h5']","[0.42395418882369995, 1.0, 0.8388097882270813]",r4rk1/3p1ppp/1p6/p3Pq1n/8/P1N5/1PP3PP/RbB1RQ1K b - - 0 18
QWbp5,4rrk1/ppp1qppp/3p4/P2P4/4n3/P1P2N2/B5PP/R1B1Q2K w - - 1 18,f3d4 e4g3 h2g3 e7e1,1237,75,96,2335,crushing discoveredAttack kingsideAttack middlegame short,https://lichess.org/zqs1G5An#34,Italian_Game Italian_Game_Two_Knights_Defense,"['e4g3', 'h2g3', 'e7e1']","[0.1298632025718689, 0.019843310117721558, 0.7720969319343567]","['e7f6', 'e1g3', 'e7e1']","[0.042613741010427475, 0.9424792528152466, 0.014906996861100197]","['e4g3', 'h2g3', 'e7e1']","['e4c3', 'e1e7', 'e8e7']","[0.41721296310424805, 0.9565410017967224, 0.9514975547790527]","[0.3360952138900757, 0.7136209011077881, 0.9394272565841675]","['e4g3', 'h2g3', 'e7e1']","[0.41721296310424805, 0.9565410017967224, 0.9514975547790527]",4rrk1/ppp1qppp/3p4/P2P4/3Nn3/P1P5/B5PP/2B1Q1RK b - - 2 18
QX1sl,5kr1/p2pr2p/1p1Q4/4Pp2/3n3q/3B4/P1PB1PPP/R4RK1 w - - 0 20,d2b4 d4f3 g1h1 h4h2,1298,75,96,1773,kingsideAttack mate mateIn2 middlegame pin short,https://lichess.org/9FMIDwh8#38,,"['d4f3', 'g1h1', 'h4h2']","[0.48143282532691956, 1.0, 0.7194771766662598]","['d4f3', 'g1h1', 'h4h2']","[0.006637297570705414, 0.9536385536193848, 0.03972416743636131]","['d4f3', 'g1h1', 'h4h2']","['g8g2', 'g1g2', 'h4g4']","[0.45908376574516296, 1.0, 0.9121750593185425]","[0.4206683039665222, 0.976673424243927, 0.9143000841140747]","['d4f3', 'g1h1', 'h4h2']","[0.45908376574516296, 1.0, 0.9121750593185425]",5kr1/p2pr2p/1p1QR3/4Pp2/1B1n3q/3B4/P1P2PPP/R5K1 b - - 1 20
QYUPN,6k1/ppq2p2/3n3p/2NP2p1/2P2PP1/1P2Q2P/P6K/8 w - - 0 36,f4f5 d6f5 d5d6 c7d6,1841,76,86,107,crushing discoveredAttack endgame short,https://lichess.org/ISVKIqov#70,,"['d6f5', 'd5d6', 'c7d6']","[0.08467748761177063, 0.1810149997472763, 0.6895046234130859]","['c7a5', 'h2h1', 'c7d6']","[0.008999941870570183, 0.9739112257957458, 0.017088860273361206]","['d6f5', 'd5d6', 'c7d6']","['d6c4', 'e3g3', 'c7c5']","[0.43384668231010437, 0.7534568309783936, 0.9487060904502869]","[0.3630017936229706, 0.9380080699920654, 0.8465922474861145]","['d6f5', 'd5d6', 'c7d6']","[0.43384668231010437, 0.7534568309783936, 0.9487060904502869]",6k1/ppq2p2/3n3p/2NPPPp1/2P3P1/1P2Q2P/P6K/8 b - - 0 36
R15yL,r1b2rk1/ppqn1pp1/2p4p/3p4/3P2nB/2NBP1K1/PPQ1NPP1/R4R2 w - - 3 14,g3g4 d7f6 g4f3 c8g4,1305,78,95,13180,doubleCheck mate mateIn2 middlegame short,https://lichess.org/O28BFTaz#26,Queens_Gambit_Declined Queens_Gambit_Declined_Exchange_Variation,"['d7f6', 'g4f3', 'c8g4']","[0.07189349830150604, 1.0, 0.19345131516456604]","['d7c5', 'g4f3', 'c8g4']","[0.020448148250579834, 0.8492562174797058, 0.13029567897319794]","['d7e5', 'g4g3', 'e5d3']","['d7f6', 'g4f3', 'c8g4']","[0.519096851348877, 0.9655081629753113, 0.8342645168304443]","[0.39419764280319214, 1.0, 0.885830819606781]","['d7e5', 'g4g3', 'e5d3']","[0.39419764280319214, 1.0, 0.885830819606781]",r1b2rk1/ppqn1pp1/2p4p/3p1Q2/3P2KB/2NBP3/PP2NPP1/R4R2 b - - 0 14
R3kqA,8/p3q2p/2p3k1/2P1r1p1/4N3/7r/PQ4K1/1R2R3 b - - 4 35,e5e4 e1e4 e7e4 g2h3,2110,77,87,686,advantage endgame short,https://lichess.org/E9oQXPqX/black#69,,"['e1e4', 'e7e4', 'g2h3']","[0.09639563411474228, 0.9279645085334778, 0.7155495882034302]","['g2h3', 'e7e4', 'g2h3']","[0.0058823577128350735, 0.9803069233894348, 0.013810706324875355]","['b2c2', 'h3h4', 'b1b4']","['e1e4', 'e7e4', 'g2h3']","[0.39287811517715454, 0.9123521447181702, 0.7070100903511047]","[0.3440788984298706, 0.8274182677268982, 0.98745197057724]","['b2c2', 'h3h4', 'b1b4']","[0.3440788984298706, 0.8274182677268982, 0.98745197057724]",5q2/p6p/2p3k1/2P3p1/4r3/7r/PQ4K1/1R2R3 w - - 0 36
R6yNC,3r1r2/pp3pQp/2n1b1p1/4p2k/2q3P1/4P2P/1P3R2/5RK1 b - - 0 25,e6g4 g7h7 h5g5 h3h4,2045,75,94,8121,mate mateIn2 middlegame short,https://lichess.org/xC8111Cs/black#49,,"['g7h7', 'h5g5', 'h3h4']","[0.06538896262645721, 1.0, 0.09668350219726562]","['b2b3', 'h5g5', 'f2f5']","[0.009959729388356209, 0.9798611402511597, 0.010179172269999981]","['h3g4', 'c4g4', 'f2g2']","['g7h7', 'h5g5', 'h3h4']","[0.44012314081192017, 0.9320347309112549, 0.8976457118988037]","[0.40857231616973877, 1.0, 0.8641799092292786]","['h3g4', 'c4g4', 'f2g2']","[0.40857231616973877, 1.0, 0.8641799092292786]",3r1r2/pp3pQp/6p1/4p2k/2q3bn/4P2P/1P3R2/5RK1 w - - 0 26
RIuLQ,2k1r2r/R1p3p1/6p1/3Q1Pq1/3P4/7P/P1P2PK1/7R w - - 3 35,g2h2 h8h3 h2h3 e8h8,1716,74,92,2858,attraction endgame mate mateIn2 sacrifice short,https://lichess.org/tllvrQhi#68,,"['h8h3', 'h2h3', 'e8h8']","[0.01660972833633423, 1.0, 0.6163661479949951]","['g5f4', 'h2h3', 'e8h8']","[0.0014183439780026674, 0.9948504567146301, 0.003731167409569025]","['g5f4', 'h2g2', 'f4g5']","['h8h3', 'h2h3', 'e8h8']","[0.5946817994117737, 0.9678244590759277, 0.916060209274292]","[0.3456362187862396, 1.0, 0.8430488705635071]","['g5f4', 'h2g2', 'f4g5']","[0.3456362187862396, 1.0, 0.8430488705635071]",2k1r2r/2p3p1/6p1/3Q1Pq1/3P4/7P/P1P2P1K/1R5R b - - 4 35
RK2tO,r5k1/5ppp/1pN5/1P6/2P5/3rB3/p4PPP/R5K1 w - - 2 27,c6b4 d3d1 a1d1 a2a1q,929,75,95,1534,advancedPawn advantage endgame promotion short,https://lichess.org/zEPawwaH#52,,"['d3d1', 'a1d1', 'a2a1q']","[0.017941640689969063, 1.0, 0.31267836689949036]","['d3b3', 'a1d1', 'a2a1q']","[0.0032137837260961533, 0.9909991025924683, 0.005787081550806761]","['d3d1', 'a1d1', 'a2a1q']","['d3b3', 'b4a2', 'a8a2']","[0.44722557067871094, 1.0, 0.9282237887382507]","[0.42940694093704224, 0.9300541877746582, 0.7592727541923523]","['d3d1', 'a1d1', 'a2a1q']","[0.44722557067871094, 1.0, 0.9282237887382507]",6kr/5ppp/1p6/1P6/1NP5/3rB3/p4PPP/R5K1 b - - 3 27
RNls2,5rk1/2p3p1/6r1/4pp2/P2bN2q/5Q1P/2B2P1K/R4R2 b - - 0 28,f5e4 c2b3 g8h7 f3f8,1751,75,93,7101,crushing deflection master masterVsMaster middlegame short,https://lichess.org/f0OeDTPV/black#55,,"['c2b3', 'g8h7', 'f3f8']","[0.033655282109975815, 0.6241216659545898, 0.054070740938186646]","['f3b3', 'g8h7', 'f3f4']","[0.030419813469052315, 0.36323919892311096, 0.6063410043716431]","['c2b3', 'g8h7', 'f3f8']","['f3e4', 'f8f2', 'f1f2']","[0.38170579075813293, 0.8097369074821472, 0.9219136834144592]","[0.3739694654941559, 0.7602121233940125, 0.9715269804000854]","['c2b3', 'g8h7', 'f3f8']","[0.38170579075813293, 0.8097369074821472, 0.9219136834144592]",5rk1/2p3p1/6r1/4p3/P3p2q/5Q1P/2Bb1P1K/R4R2 w - - 0 29
ROSVh,6r1/1ppQ1kr1/3p1q2/p3p2R/P3P3/2PPN3/1P1K4/8 b - - 8 43,f7g6 d7h3 f6f2 d2d1,2463,95,89,44,endgame,https://lichess.org/FykRgQVe/black#85,,"['d7h3', 'f6f2', 'd2d1']","[0.5490787029266357, 0.28538617491722107, 0.5793030261993408]","['d7h3', 'g6f7', 'd2d1']","[0.00660677021369338, 0.987684965133667, 0.0057082874700427055]","['d7h3', 'f6f2', 'd2d1']","['d7g4', 'g6f7', 'g4d7']","[0.4603927433490753, 0.8207893371582031, 0.7273024916648865]","[0.4437209367752075, 0.9891608357429504, 0.7981853485107422]","['d7h3', 'f6f2', 'd2d1']","[0.4603927433490753, 0.8207893371582031, 0.7273024916648865]",2q3r1/1ppQ2r1/3p2k1/p3p2R/P3P3/2PPN3/1P1K4/8 w - - 9 44
RSm6S,8/3n4/3k1p1N/3PpP1P/2p1P3/pPK5/8/8 w - - 0 48,h6g8 a3a2 c3b2 c4b3,2047,76,87,197,advancedPawn crushing endgame knightEndgame master short,https://lichess.org/VU3cGgh8#94,,"['a3a2', 'c3b2', 'c4b3']","[0.5466786026954651, 0.8887062668800354, 0.5611273646354675]","['a3a2', 'c3b2', 'c4b3']","[0.012287578545510769, 0.9802549481391907, 0.007457492407411337]","['d7c5', 'b3c4', 'c5e4']","['a3a2', 'c3b2', 'c4b3']","[0.4452202320098877, 0.9207963943481445, 0.8191173076629639]","[0.43233010172843933, 0.9611701965332031, 0.9418461322784424]","['d7c5', 'b3c4', 'c5e4']","[0.43233010172843933, 0.9611701965332031, 0.9418461322784424]",8/3n4/3k1p2/3PpP1P/2p1P3/pPK1N3/8/8 b - - 1 48
Rae2P,2rr4/pp3p1p/5kpQ/q3pN2/2b1P3/2P2P2/P2R2PP/3R2K1 b - - 3 23,d8d2 h6h4 g6g5 h4h6,2086,78,86,188,mate mateIn2 middlegame short,https://lichess.org/L2KhwGJ1/black#45,,"['h6h4', 'g6g5', 'h4h6']","[0.0906573161482811, 0.06737475097179413, 0.7171863913536072]","['d1d2', 'f6e6', 'h4h6']","[0.0057183681055903435, 0.9914703965187073, 0.0028112120926380157]","['d1d2', 'a5b6', 'f5e3']","['h6h4', 'g6g5', 'h4h6']","[0.4536598026752472, 0.7941166162490845, 0.8500123023986816]","[0.3283326327800751, 0.8726944923400879, 0.8813889622688293]","['d1d2', 'a5b6', 'f5e3']","[0.3283326327800751, 0.8726944923400879, 0.8813889622688293]",2r2N2/pp3p1p/5kpQ/q3p3/2b1P3/2P2P2/P2r2PP/3R2K1 w - - 0 24
RanIu,3r3r/p2R4/2p2p1p/2b1p1p1/2B2k2/P6P/6PK/5R2 b - - 10 39,f4e3 f1f3 e3e4 c4d3,1873,78,85,414,endgame mate mateIn2 short,https://lichess.org/kC9JdpK7/black#77,,"['f1f3', 'e3e4', 'c4d3']","[0.20588131248950958, 1.0, 0.12027397006750107]","['f1f3', 'e3e4', 'c4d3']","[0.020551903173327446, 0.8227461576461792, 0.1567019671201706]","['f1e1', 'e3f4', 'e1f1']","['f1f3', 'e3e4', 'c4d3']","[0.5140134692192078, 0.9928921461105347, 0.7082943916320801]","[0.42781054973602295, 1.0, 0.9064940214157104]","['f1e1', 'e3f4', 'e1f1']","[0.42781054973602295, 1.0, 0.9064940214157104]",3r3r/p2R4/2p2p1p/4p1p1/2Bb4/P3k2P/6PK/5R2 w - - 11 40
RflrR,1rb2r1k/1p4pp/3N3q/2P5/1P2pNnb/4P1P1/1B3P2/2RQ1RK1 b - - 1 30,h4g3 d6f7 h8g8 f7h6,1814,77,78,66,crushing kingsideAttack master middlegame short,https://lichess.org/xROn9LdZ/black#59,,"['d6f7', 'h8g8', 'f7h6']","[0.0626244992017746, 0.281904399394989, 0.8892125487327576]","['f2g3', 'f8f7', 'f7h6']","[0.007093110587447882, 0.9613879919052124, 0.03151887655258179]","['b2g7', 'h8g7', 'd1d4']","['d6f7', 'h8g8', 'f7h6']","[0.5073865056037903, 0.7421518564224243, 0.844382107257843]","[0.36262914538383484, 0.9213382601737976, 0.9181496500968933]","['b2g7', 'h8g7', 'd1d4']","[0.36262914538383484, 0.9213382601737976, 0.9181496500968933]",1rb2r1k/1p4pp/3N3q/2P5/1P2pNn1/3bP3/1B3P2/2RQ1RK1 w - - 0 31
RlZcx,5r1k/7N/3pp1r1/p4p2/1p2bP1R/1P6/P1P5/2K1R3 b - - 0 34,f8g8 h7f8 h8g7 f8g6,2103,78,83,213,advantage discoveredAttack endgame short,https://lichess.org/zEG8u7i6/black#67,,"['h7f8', 'h8g7', 'f8g6']","[0.12437082827091217, 0.970488429069519, 0.8406198024749756]","['h7g5', 'h8g7', 'f8g6']","[0.004037439823150635, 0.9904623627662659, 0.005500196944922209]","['h7f6', 'h8g7', 'f6g8']","['h7f8', 'h8g7', 'f8g6']","[0.5050615072250366, 0.9919376969337463, 0.8337356448173523]","[0.31024789810180664, 0.8027468323707581, 0.9338874816894531]","['h7f6', 'h8g7', 'f6g8']","[0.31024789810180664, 0.8027468323707581, 0.9338874816894531]",6rk/7N/3pp1rp/p4p2/1p2bP1R/1P6/P1P5/2K1R3 w - - 1 35
RmbcM,4r1k1/1p6/p2p3p/3P2P1/3q4/2N3Q1/P1K2rP1/2R4R w - - 1 29,c2b1 d4b4 b1a1 b4b2,1110,76,82,191,mate mateIn2 middlegame short,https://lichess.org/gJXUHKl2#56,,"['d4b4', 'b1a1', 'b4b2']","[0.299706369638443, 1.0, 0.8430566787719727]","['d4b6', 'b1a1', 'b4b2']","[0.0013914980227127671, 0.9950398802757263, 0.0035686627961695194]","['d4b4', 'b1a1', 'b4b2']","['d4b6', 'c3b5', 'b6b5']","[0.5186203122138977, 1.0, 0.9029403924942017]","[0.3317281901836395, 0.9945372939109802, 0.9015534520149231]","['d4b4', 'b1a1', 'b4b2']","[0.5186203122138977, 1.0, 0.9029403924942017]",4r1k1/1p6/p2p3p/3P2P1/3q4/2N3Q1/P1P2rP1/1KR4R b - - 2 29
Rvaf2,4r1k1/pp3rRp/3p1q2/3Qp3/8/2P2p1P/1P3P1K/6R1 b - - 0 30,g8f8 g7g8 f8e7 d5b7,1617,97,76,30,crushing endgame interference short,https://lichess.org/EvajEuWA/black#59,,"['g7g8', 'f8e7', 'd5b7']","[0.5290119051933289, 1.0, 0.40090522170066833]","['g7g8', 'f8e7', 'd5b7']","[0.009405703283846378, 0.9841724634170532, 0.006421864964067936]","['g7g8', 'f8e7', 'd5b7']","['g7f7', 'f6f7', 'd5d6']","[0.5290443897247314, 1.0, 0.8790836930274963]","[0.3523024916648865, 1.0, 0.9207587838172913]","['g7g8', 'f8e7', 'd5b7']","[0.5290443897247314, 1.0, 0.8790836930274963]",4rk2/pp3rRp/3p1q2/4p3/8/2P2p1P/1P3P1K/2Q3R1 w - - 1 31
SFvTF,r1q3k1/1Q2bpp1/P6p/4p3/2P1Pn2/4BNP1/5PKP/R7 w - - 5 29,g2f1 c8b7 a6b7 a8a1,2300,76,91,485,advantage middlegame short,https://lichess.org/zlhmn6Zn#56,,"['c8b7', 'a6b7', 'a8a1']","[0.006280872039496899, 0.8435127139091492, 0.12198866158723831]","['c8c4', 'a6b7', 'a8a1']","[0.010561653412878513, 0.9445526599884033, 0.044885750859975815]","['c8b7', 'a6b7', 'a8a1']","['c8h3', 'f1e1', 'e7b4']","[0.5455363988876343, 0.8931075930595398, 0.9243866205215454]","[0.366759330034256, 0.9947355389595032, 0.7201533317565918]","['c8b7', 'a6b7', 'a8a1']","[0.5455363988876343, 0.8931075930595398, 0.9243866205215454]",r1q3k1/1Q2bpp1/P6p/4p3/n1P1P3/4BNP1/5P1P/R4K2 b - - 6 29
SR8qD,8/2Kp4/8/P7/2P2k2/1P4pp/6R1/8 w - - 0 42,g2a2 h3h2 a5a6 h2h1q,1846,75,81,109,advancedPawn crushing endgame promotion rookEndgame short,https://lichess.org/L5sXyiEh#82,,"['h3h2', 'a5a6', 'h2h1q']","[0.2147544026374817, 0.14242377877235413, 0.4480349123477936]","['g3g2', 'a2a1', 'h2h1q']","[0.016463899984955788, 0.9766704440116882, 0.006865603383630514]","['h3h2', 'a5a6', 'h2h1q']","['g3g2', 'a5a6', 'g2g1q']","[0.4974203407764435, 0.7441628575325012, 0.9057101607322693]","[0.4802148938179016, 0.77646404504776, 0.9463571310043335]","['h3h2', 'a5a6', 'h2h1q']","[0.4974203407764435, 0.7441628575325012, 0.9057101607322693]",8/2Kp1P2/8/P7/2P2k2/1P4pp/R7/8 b - - 1 42
SRpg0,8/3R4/p1r3pk/1p3p1p/r6P/P1P2PP1/3K4/4R3 b - - 4 37,a4a3 e1e7 g6g5 e7h7,1523,75,90,93,crushing endgame quietMove rookEndgame short,https://lichess.org/Kdjcpk2u/black#73,,"['e1e7', 'g6g5', 'e7h7']","[0.5686920881271362, 0.5504935383796692, 0.2729780972003937]","['e1e7', 'g6g5', 'e7h7']","[0.0020372371654957533, 0.9951466917991638, 0.002816056367009878]","['e1e8', 'g6g5', 'e8h8']","['e1e7', 'g6g5', 'e7h7']","[0.43043047189712524, 0.781490683555603, 0.7524673938751221]","[0.41488364338874817, 0.8360406756401062, 0.8129189014434814]","['e1e8', 'g6g5', 'e8h8']","[0.41488364338874817, 0.8360406756401062, 0.8129189014434814]",8/2pR4/p1r3pk/1p3p1p/7P/r1P2PP1/3K4/4R3 w - - 0 38
SYUma,5rkr/p3q1pp/1p2P3/n1pQ4/1bNp4/1P6/P1P1RPPP/5RK1 b - - 1 25,f8d8 d5d8 e7d8 e6e7,1426,85,73,33,advancedPawn advantage middlegame sacrifice short,https://lichess.org/CtaySN9J/black#49,,"['d5d8', 'e7d8', 'e6e7']","[0.006552744656801224, 0.8115371465682983, 0.24992938339710236]","['d5f3', 'e7d8', 'e6e7']","[0.003893823130056262, 0.9924018383026123, 0.003704338800162077]","['d5d8', 'e7d8', 'e6e7']","['d5e4', 'a5c4', 'b3c4']","[0.3897799849510193, 0.9845069050788879, 0.9336714148521423]","[0.3236985206604004, 0.7109423875808716, 0.9222374558448792]","['d5d8', 'e7d8', 'e6e7']","[0.3897799849510193, 0.9845069050788879, 0.9336714148521423]",3r2kr/p3q1pp/Rp2P3/n1pQ4/1bNp4/1P6/P1P2PPP/5RK1 w - - 2 26
SYsZk,7k/1b1p1p2/p4q1p/1p1pNPr1/1P1P1Q2/P1r4P/5P1K/3R1R2 w - - 3 31,f4h4 g5g2 h2g2 f6h4,1112,78,89,814,crushing discoveredAttack middlegame short,https://lichess.org/hz9wWkUo#60,,"['g5g2', 'h2g2', 'f6h4']","[0.024190647527575493, 0.8939443230628967, 0.6777297258377075]","['h8g7', 'h2g2', 'f6h4']","[0.005275818519294262, 0.9873517751693726, 0.00737243564799428]","['g5g2', 'h2g2', 'f6h4']","['g5f5', 'h4f6', 'f5f6']","[0.39677807688713074, 0.8405460119247437, 0.9388594627380371]","[0.3339295983314514, 0.8894286155700684, 0.9900434017181396]","['g5g2', 'h2g2', 'f6h4']","[0.39677807688713074, 0.8405460119247437, 0.9388594627380371]",7k/1b1p1p2/p4q1p/1p1pNPr1/1P1P3Q/P1r4P/1K3P2/3R1R2 b - - 4 31
SaxGl,2kr4/4Qp1p/2p1pNp1/P7/1P6/5bP1/5P1P/3q1RK1 w - - 3 35,a5a6 d1f1 g1f1 d8d1,1214,78,64,318,attraction endgame mate mateIn2 sacrifice short,https://lichess.org/cVyEXIVx#68,,"['d1f1', 'g1f1', 'd8d1']","[0.020382633432745934, 1.0, 0.5612830519676208]","['d1e2', 'g1f1', 'd8d1']","[0.000657849304843694, 0.9979369640350342, 0.00140521174762398]","['c6c5', 'e7c5', 'c8b8']","['d1f1', 'g1f1', 'd8d1']","[0.46770623326301575, 0.9092753529548645, 0.9865820407867432]","[0.3386630117893219, 1.0, 0.9517046213150024]","['c6c5', 'e7c5', 'c8b8']","[0.3386630117893219, 1.0, 0.9517046213150024]",2kr4/4Qp1p/P1p1pNp1/8/1P1P4/5bP1/5P1P/3q1RK1 b - - 0 35
Sbfis,8/8/1Q2p1pk/P2pP2p/3P3n/2p5/q4rPP/2RR1B1K w - - 0 38,b6b1 f2f1 d1f1 a2g2,1721,78,97,15454,discoveredAttack mate mateIn2 middlegame short,https://lichess.org/ekmwBUt8#74,,"['f2f1', 'd1f1', 'a2g2']","[0.012575346045196056, 1.0, 0.9136461019515991]","['h4g2', 'd1f1', 'a2g2']","[0.003184014465659857, 0.9801004528999329, 0.01671551540493965]","['f2f1', 'd1f1', 'a2g2']","['a2b1', 'c1b1', 'c3c2']","[0.4379243850708008, 1.0, 0.9212237000465393]","[0.39380091428756714, 0.9555985331535339, 0.9365485310554504]","['f2f1', 'd1f1', 'a2g2']","[0.4379243850708008, 1.0, 0.9212237000465393]",8/8/4p1pk/P2pP2p/3P3n/2p5/q4rPP/1Q1R1BRK b - - 1 38
SknMr,r4rk1/pp4pp/3bR3/3p4/3n4/3BBN2/Pq1Q1KPP/R7 b - - 1 18,b2a1 d3h7 g8h7 e3d4,2381,83,89,590,advantage kingsideAttack middlegame short,https://lichess.org/rBulDXGE/black#35,French_Defense French_Defense_Tarrasch_Variation,"['d3h7', 'g8h7', 'e3d4']","[0.026291655376553535, 0.5892304182052612, 0.34700143337249756]","['e6d6', 'g8h7', 'e3d4']","[0.0034251422621309757, 0.989930272102356, 0.006644603796303272]","['d3h7', 'g8h7', 'e3d4']","['e6d6', 'd4f3', 'g2f3']","[0.5730398893356323, 0.9552467465400696, 0.930753767490387]","[0.35337764024734497, 0.7990843057632446, 0.8714746832847595]","['d3h7', 'g8h7', 'e3d4']","[0.5730398893356323, 0.9552467465400696, 0.930753767490387]",r5k1/pp4pp/3bR3/3p4/r2n4/3BBN2/P2Q1KPP/q7 w - - 0 19
Su3n5,4r3/pp3k1p/2b3p1/2Pp2q1/1P3n2/1B3P2/P1RQ2PP/5RK1 w - - 0 35,f1e1 f4h3 g1f1 c6b5,2198,74,95,207,crushing middlegame pin short,https://lichess.org/dF9tTfWq#68,,"['f4h3', 'g1f1', 'c6b5']","[0.6738267540931702, 0.369577020406723, 0.15526151657104492]","['f4h3', 'g1h1', 'h3f4']","[0.010403222404420376, 0.9413837194442749, 0.04821302741765976]","['f4h3', 'g1f1', 'c6b5']","['g5g2', 'd2g2', 'e8e1']","[0.5143859386444092, 0.7578479647636414, 0.8726051449775696]","[0.3707488179206848, 1.0, 0.9212982654571533]","['f4h3', 'g1f1', 'c6b5']","[0.5143859386444092, 0.7578479647636414, 0.8726051449775696]",4r3/pp3k1p/2b3p1/2Pp2q1/1P3n2/2B2P2/P1RQ2PP/4R1K1 b - - 1 35
SzKy3,8/1rRr1pk1/1p1Pq1pp/p7/2R1pQPP/P3P3/1P3P2/6K1 b - - 3 31,d7d6 c7b7 d6d1 g1h2,2590,96,88,165,crushing endgame hangingPiece short,https://lichess.org/pbyuf3Mr/black#61,,"['c7b7', 'd6d1', 'g1h2']","[0.1278020143508911, 0.5180469751358032, 0.5236078500747681]","['g1g2', 'd6d1', 'g1h2']","[0.04938599839806557, 0.9337189793586731, 0.016895024105906487]","['c7b7', 'd6d1', 'g1h2']","['c4e4', 'b7c7', 'e4e6']","[0.3913283348083496, 0.7795959711074829, 0.8469652533531189]","[0.3607516884803772, 0.80633145570755, 0.9428350329399109]","['c7b7', 'd6d1', 'g1h2']","[0.3913283348083496, 0.7795959711074829, 0.8469652533531189]",8/1rR2pk1/1p1rq1pp/p7/2R1pQPP/P3P3/1P3P2/K7 w - - 0 32
TE502,4rk2/1p6/p2p1Rpp/1q6/2Q5/7P/5PPK/8 b - - 0 42,f8e7 f6f7 e7d8 c4c7,2105,74,93,8274,endgame mate mateIn2 short,https://lichess.org/4mHx9EXG/black#83,,"['f6f7', 'e7d8', 'c4c7']","[0.1285308301448822, 1.0, 0.8738982677459717]","['c4f7', 'e7d8', 'c4c7']","[0.029844406992197037, 0.9599907994270325, 0.01016473863273859]","['f6f7', 'e7d8', 'c4c7']","['c4e6', 'e7d8', 'e6d6']","[0.3654422163963318, 1.0, 0.8852375745773315]","[0.3324457108974457, 1.0, 0.8880369067192078]","['f6f7', 'e7d8', 'c4c7']","[0.3654422163963318, 1.0, 0.8852375745773315]",4r3/1p2k3/p2p1Rpp/1q6/2Q5/7P/5PP1/4K3 w - - 1 43
TRciI,R1b1r1k1/1p4p1/2pp3p/1P6/2P5/2NQ2Pq/1B2PP1n/6K1 w - - 0 28,d3g6 h2f3 e2f3 e8e1,1891,78,95,11349,kingsideAttack mate mateIn2 middlegame sacrifice short,https://lichess.org/OeJ3O3zF#54,,"['h2f3', 'e2f3', 'e8e1']","[0.03848167136311531, 1.0, 0.5209821462631226]","['h3f1', 'e2f3', 'e8e1']","[0.0007719463319517672, 0.9972898960113525, 0.0019382423488423228]","['h2f3', 'e2f3', 'e8e1']","['h3f1', 'g1h2', 'f1f2']","[0.45427387952804565, 1.0, 0.9161747694015503]","[0.3117382824420929, 1.0, 0.9084828495979309]","['h2f3', 'e2f3', 'e8e1']","[0.45427387952804565, 1.0, 0.9161747694015503]",R1b1r1k1/1p4p1/2pp2Qp/1P6/2P1N3/6Pq/1B2PP1n/6K1 b - - 1 28
TaJEP,r4b1r/pp1kp1pp/2np4/2NN4/2B2B2/8/PP3nPP/2KR4 b - - 2 15,d6c5 d5f6 d7c8 c4e6,2085,76,94,4297,doubleCheck mate mateIn2 middlegame short,https://lichess.org/dwXWzs89/black#29,Indian_Defense Indian_Defense_Spielmann-Indian,"['d5f6', 'd7c8', 'c4e6']","[0.06830142438411713, 1.0, 0.13932064175605774]","['d1d2', 'd7c8', 'f6e8']","[0.003549085697159171, 0.9846845865249634, 0.01176628191024065]","['d5f6', 'd7c8', 'c4e6']","['d5b6', 'd7e8', 'b6a8']","[0.5194823145866394, 1.0, 0.8646278381347656]","[0.3164684772491455, 1.0, 0.7033514976501465]","['d5f6', 'd7c8', 'c4e6']","[0.5194823145866394, 1.0, 0.8646278381347656]",r4b1r/pp1kp1pp/6n1/2pN4/2B2B2/8/PP3nPP/2KR4 w - - 0 16
TewGP,rnQ4N/pp2k1pp/2p2nB1/8/3P3q/2N5/PPP3Pb/R1B4K w - - 7 18,c8b7 h2c7 h1g1 h4e1,2109,75,95,5085,discoveredAttack mate mateIn2 middlegame short,https://lichess.org/qsuP2RjA#34,Caro-Kann_Defense Caro-Kann_Defense_von_Hennig_Gambit,"['h2c7', 'h1g1', 'h4e1']","[0.09321793168783188, 1.0, 0.44389379024505615]","['b8d7', 'h1g1', 'h4e1']","[0.005086054559797049, 0.9920825958251953, 0.0028313554357737303]","['h2c7', 'h1g1', 'h4e1']","['b8d7', 'c1g5', 'h4g5']","[0.6422044634819031, 1.0, 0.8541131019592285]","[0.3366624414920807, 0.7668353319168091, 0.8832155466079712]","['h2c7', 'h1g1', 'h4e1']","[0.6422044634819031, 1.0, 0.8541131019592285]",rn5N/pQ2k1pp/2p2nB1/8/3P4/2N4q/PPP3Pb/R1B4K b - - 0 18
U6Jjn,1r2kbnr/ppp2ppp/2n1p3/3Q4/4N3/5N2/PP3PPP/1RB1R1K1 b k - 0 13,e6d5 e4f6 e8d8 e1e8,1441,75,97,1976,doubleCheck mate mateIn2 middlegame short,https://lichess.org/tmm4jwqc/black#25,French_Defense French_Defense_Two_Knights_Variation,"['e4f6', 'e8d8', 'e1e8']","[0.019005412235856056, 1.0, 0.16200006008148193]","['e4c3', 'e8d8', 'f6d5']","[0.03188018128275871, 0.9140413403511047, 0.05407846346497536]","['e4d6', 'e8d7', 'd6f7']","['e4f6', 'e8d8', 'e1e8']","[0.5007625818252563, 0.9732667207717896, 0.9237030148506165]","[0.3314371705055237, 1.0, 0.8803978562355042]","['e4d6', 'e8d7', 'd6f7']","[0.3314371705055237, 1.0, 0.8803978562355042]",1r2kbnr/ppp2ppp/2n5/3p4/4N3/4pN2/PP3PPP/1RB1R1K1 w k - 0 14
ULF8m,5Q2/pp4pk/2p4r/3b1pq1/3P4/8/PPP3PP/R4BRK w - - 3 26,a1e1 h6h2 h1h2 g5h4,1178,77,93,990,attraction kingsideAttack mate mateIn2 middlegame sacrifice short,https://lichess.org/9OvhcaIe#50,,"['h6h2', 'h1h2', 'g5h4']","[0.0261225625872612, 1.0, 0.3651721775531769]","['g5f4', 'h1h2', 'g5h4']","[0.0017833446618169546, 0.9949449896812439, 0.003271629801020026]","['g5f4', 'f8f5', 'f4f5']","['h6h2', 'h1h2', 'g5h4']","[0.5462290048599243, 0.9151377081871033, 0.9526990056037903]","[0.3357274830341339, 1.0, 0.8159672617912292]","['g5f4', 'f8f5', 'f4f5']","[0.3357274830341339, 1.0, 0.8159672617912292]",8/pp4pk/2p4r/3b1pq1/3P4/2Q5/PPP3PP/4RBRK b - - 4 26
UOlFW,8/1R1P2p1/p3kp2/8/p6P/8/1P1r3r/1K4R1 b - - 0 38,d2d7 g1e1 e6d6 e1d1,1198,74,93,690,advantage endgame master rookEndgame short,https://lichess.org/GbTA6hs2/black#75,,"['g1e1', 'e6d6', 'e1d1']","[0.040022362023591995, 0.7893583178520203, 0.49349960684776306]","['b7b6', 'e6d6', 'e1d1']","[0.007985546253621578, 0.967033863067627, 0.024980513378977776]","['g1e1', 'e6d6', 'e1d1']","['b7d7', 'e6d7', 'g1g7']","[0.5538396239280701, 0.7865164875984192, 0.911658763885498]","[0.39177194237709045, 0.9232690334320068, 0.9523486495018005]","['g1e1', 'e6d6', 'e1d1']","[0.5538396239280701, 0.7865164875984192, 0.911658763885498]",8/1R1r2p1/p2rkp2/8/p6P/8/1P6/1K4R1 w - - 0 39
UPYiF,8/8/p2kp3/2p5/2P2P2/P2K4/8/8 b - - 1 43,e6e5 d3e4 e5f4 e4f4,2383,82,76,141,crushing endgame pawnEndgame short,https://lichess.org/t4N4YPsR/black#85,,"['d3e4', 'e5f4', 'e4f4']","[0.430192232131958, 0.9442453980445862, 0.863426685333252]","['d3e4', 'e5f4', 'e4f4']","[0.017834410071372986, 0.9733548760414124, 0.008810720406472683]","['f4f5', 'd6e7', 'd3e3']","['d3e4', 'e5f4', 'e4f4']","[0.5119232535362244, 0.9487499594688416, 0.7163215279579163]","[0.43287286162376404, 0.7184695601463318, 0.9856040477752686]","['f4f5', 'd6e7', 'd3e3']","[0.43287286162376404, 0.7184695601463318, 0.9856040477752686]",8/7p/p2k4/2p1p3/2P2P2/P2K4/8/8 w - - 0 44
UQQch,r1b2rk1/bp3pQp/p5p1/P1qp4/3N4/1P1B4/1B3PPP/R4nK1 b - - 1 21,g8g7 d4f5 g7g8 f5h6,2195,73,93,8780,doubleCheck mate mateIn2 middlegame short,https://lichess.org/jLPlTDEU/black#41,,"['d4f5', 'g7g8', 'f5h6']","[0.04937881976366043, 1.0, 0.5150795578956604]","['b3b4', 'g7g8', 'f5h6']","[0.021254858002066612, 0.5833418369293213, 0.39540329575538635]","['d4f5', 'g7g8', 'f5h6']","['d4e6', 'g7g8', 'e6c5']","[0.44740214943885803, 1.0, 0.8297984600067139]","[0.3101060688495636, 0.8705229163169861, 0.7786071300506592]","['d4f5', 'g7g8', 'f5h6']","[0.44740214943885803, 1.0, 0.8297984600067139]",r1b2r2/bp3p1p/p4kp1/P1qp4/3N4/1P1B4/1B3PPP/R4nK1 w - - 0 22
UUp5g,5k2/4npp1/p6p/1rR2P2/3p4/3P2P1/1rR4P/4N1K1 b - - 0 34,e7f5 c5f5 b2c2 f5b5,2116,81,87,422,advantage endgame short,https://lichess.org/FEHMdjHQ/black#67,,"['c5f5', 'b2c2', 'f5b5']","[0.004523941315710545, 0.07008521258831024, 0.07939618825912476]","['c2b2', 'b5f5', 'e1c2']","[0.02308902144432068, 0.8191713690757751, 0.15773963928222656]","['c5c8', 'f8e7', 'c8c7']","['c5f5', 'b2c2', 'f5b5']","[0.42055925726890564, 1.0, 0.7203015089035034]","[0.32875216007232666, 0.7579914927482605, 0.9507620930671692]","['c5c8', 'f8e7', 'c8c7']","[0.32875216007232666, 0.7579914927482605, 0.9507620930671692]",5k2/4npp1/p6p/1rR5/3p4/3P2P1/1rR4P/4N1K1 w - - 0 35
UbbZ0,8/8/5p2/7R/P3pk2/1r4PP/7K/8 b - - 0 36,b3g3 h5f5 f4f5 h2g3,1957,93,86,31,crushing deflection endgame rookEndgame short,https://lichess.org/k3D8gchk/black#71,,"['h5f5', 'f4f5', 'h2g3']","[0.010704162530601025, 0.9436631798744202, 0.8839871883392334]","['h5h4', 'f4f5', 'h2g3']","[0.004952262621372938, 0.9750701189041138, 0.01997765153646469]","['h5f5', 'f4f5', 'h2g3']","['h5h4', 'f4f3', 'h4e4']","[0.5941355228424072, 0.8962132334709167, 0.9932734966278076]","[0.33330124616622925, 0.9527777433395386, 0.948492169380188]","['h5f5', 'f4f5', 'h2g3']","[0.5941355228424072, 0.8962132334709167, 0.9932734966278076]",8/7K/5p2/7R/P3pk2/6rP/8/8 w - - 0 37
UfFnf,5rk1/p3npb1/bp2p2p/3qN1p1/3P2P1/4Q2P/PP3P1B/R2R2K1 w - - 2 23,e3f3 g7e5 f3d5 e5h2,1566,74,92,597,crushing kingsideAttack master middlegame sacrifice short,https://lichess.org/5cUgDP0u#44,,"['g7e5', 'f3d5', 'e5h2']","[0.00755614647641778, 0.4051894545555115, 0.41937243938446045]","['a6b7', 'f3d5', 'e5h2']","[0.005187321454286575, 0.9878528118133545, 0.006959827616810799]","['g7e5', 'f3d5', 'e5h2']","['d5f3', 'e5f3', 'a6e2']","[0.5694559812545776, 0.7554671168327332, 0.9219672083854675]","[0.3613906502723694, 0.9567024111747742, 0.9353132843971252]","['g7e5', 'f3d5', 'e5h2']","[0.5694559812545776, 0.7554671168327332, 0.9219672083854675]",5rk1/p3npb1/bp2p2p/3qN1p1/3P2P1/2R2Q1P/PP3P1B/R5K1 b - - 3 23
UhXg1,2r2r1k/pp1n3p/2p5/4B1R1/2qP4/2P2R2/P1Q4P/6K1 b - - 3 24,d7e5 c2h7 h8h7 f3h3,1755,75,96,8025,attraction mate mateIn2 middlegame sacrifice short,https://lichess.org/08qSty3s/black#47,,"['c2h7', 'h8h7', 'f3h3']","[0.007612344343215227, 1.0, 0.5000371336936951]","['f3f8', 'h8h7', 'f3h3']","[0.002838970860466361, 0.9888280630111694, 0.008333010599017143]","['c2h7', 'h8h7', 'f3h3']","['f3f8', 'c8f8', 'g5f5']","[0.385558158159256, 1.0, 0.930674135684967]","[0.3247138261795044, 0.9956812858581543, 0.7741756439208984]","['c2h7', 'h8h7', 'f3h3']","[0.385558158159256, 1.0, 0.930674135684967]",4rr1k/pp5p/2p5/4n1R1/2qP4/2P2R2/P1Q4P/6K1 w - - 0 25
VE68d,3r2k1/5ppp/8/pQ1P4/1b6/1P3P1P/4R1P1/3qBK2 b - - 0 27,d8d5 e2e8 b4f8 b5b8,2343,76,78,72,crushing defensiveMove endgame short,https://lichess.org/lkTEtmKC/black#53,,"['e2e8', 'b4f8', 'b5b8']","[0.09004572033882141, 1.0, 0.3785451650619507]","['b5e8', 'b4f8', 'b5b8']","[0.0037415786646306515, 0.9902499318122864, 0.006008526310324669]","['b5b4', 'd1e2', 'f1e2']","['e2e8', 'b4f8', 'b5b8']","[0.39821600914001465, 0.9342090487480164, 0.9797800183296204]","[0.36777234077453613, 1.0, 0.7931802272796631]","['b5b4', 'd1e2', 'f1e2']","[0.36777234077453613, 1.0, 0.7931802272796631]",6k1/5ppp/8/pQ1r4/1b6/1P3P1P/p3R1P1/3qBK2 w - - 0 28
VNbQb,2kr4/Qp1n2pR/p1q1N3/2pn1pN1/8/3P2P1/PP2PPK1/8 w - - 1 29,e6d8 d5e3 g2h3 c6h1,2210,83,91,3267,anastasiaMate doubleCheck mate mateIn2 middlegame short,https://lichess.org/5s9udoh8#56,,"['d5e3', 'g2h3', 'c6h1']","[0.20805132389068604, 0.06793885678052902, 0.17022168636322021]","['d5e3', 'g2g1', 'c6g2']","[0.010399148799479008, 0.941298246383667, 0.04830260947346687]","['d5e3', 'g2h3', 'c6h1']","['d5f4', 'g2f1', 'c6g2']","[0.4613387882709503, 0.9939525723457336, 0.872732937335968]","[0.4217321574687958, 0.9971864819526672, 0.8185116052627563]","['d5e3', 'g2h3', 'c6h1']","[0.4613387882709503, 0.9939525723457336, 0.872732937335968]",2kN4/Qp1n2p1/p1q5/2pn1pN1/8/3P2P1/PP2PPKR/8 b - - 0 29
VPsaG,2r3q1/5k2/1p3Rr1/p2P3Q/5P1n/7P/PP4P1/4R1K1 b - - 0 44,f7f6 h5e5 f6f7 e5e7,2061,76,93,10767,endgame mate mateIn2 short,https://lichess.org/BHw859ZB/black#87,,"['h5e5', 'f6f7', 'e5e7']","[0.22167763113975525, 1.0, 0.6834269165992737]","['h5h4', 'f6f7', 'e5e7']","[0.003894635010510683, 0.9906700849533081, 0.00543530099093914]","['h5e5', 'f6f7', 'e5e7']","['h5h4', 'f6g7', 'f4f5']","[0.5068190097808838, 1.0, 0.8364703059196472]","[0.40037599205970764, 0.9637058973312378, 0.8302688598632812]","['h5e5', 'f6f7', 'e5e7']","[0.5068190097808838, 1.0, 0.8364703059196472]",2r3q1/8/1p3kr1/p2P3Q/1R3P1n/7P/PP4P1/6K1 w - - 0 45
VQl40,2rqr1k1/p2nbp2/4p2Q/p2pP1N1/3P3P/P2bR3/5PP1/R1B3K1 b - - 4 25,d3g6 g5e6 e7f8 e6f8,2293,81,87,414,crushing master middlegame short,https://lichess.org/xNqN2i9K/black#49,,"['g5e6', 'e7f8', 'e6f8']","[0.12736506760120392, 0.01760234870016575, 0.1674582064151764]","['e3g3', 'f7e6', 'e6d8']","[0.0035824240185320377, 0.9922502636909485, 0.004167321138083935]","['g5f7', 'g8f7', 'e3f3']","['g5e6', 'e7f8', 'e6f8']","[0.4912770688533783, 0.849107563495636, 0.7610623836517334]","[0.3972278833389282, 0.9098744988441467, 0.869970440864563]","['g5f7', 'g8f7', 'e3f3']","[0.3972278833389282, 0.9098744988441467, 0.869970440864563]",2rqr1k1/p2nbp2/4p1bQ/p2pP1N1/3P3P/P3R3/1K3PP1/R1B5 w - - 5 26
VRo7A,r4rk1/1p4pp/p1p2pq1/3p4/3Pb3/1B2P1NQ/PP3PnP/2RR2K1 w - - 0 24,g3e4 g2f4 h3g3 f4e2,1583,75,90,1029,crushing discoveredAttack kingsideAttack middlegame short,https://lichess.org/KKvBWqOa#46,,"['g2f4', 'h3g3', 'f4e2']","[0.3291822075843811, 0.857669472694397, 0.3441667854785919]","['g2f4', 'h3g3', 'g6e4']","[0.006649383809417486, 0.9680777788162231, 0.02527281455695629]","['g2f4', 'h3g3', 'f4e2']","['g2e3', 'e4g3', 'e3d1']","[0.6041046977043152, 0.8202025294303894, 0.9294199347496033]","[0.32769179344177246, 0.7299621105194092, 0.9269425868988037]","['g2f4', 'h3g3', 'f4e2']","[0.6041046977043152, 0.8202025294303894, 0.9294199347496033]",r4rk1/1p4pp/p1p2pq1/3p4/3PN3/1B2P2Q/PP1R1PnP/2R3K1 b - - 0 24
Vc1MG,8/5pkR/4pN2/n2pP1p1/1p3PB1/1P6/6PK/q7 b - - 1 40,g7g6 f4f5 e6f5 g4h5,2036,89,83,93,endgame mate mateIn2 short,https://lichess.org/nnoLXcrs/black#79,,"['f4f5', 'e6f5', 'g4h5']","[0.023758210241794586, 1.0, 0.8748079538345337]","['g4h5', 'e6f5', 'g4h5']","[0.0058227162808179855, 0.992218017578125, 0.0019592272583395243]","['h7h8', 'g5f4', 'h8g8']","['f4f5', 'e6f5', 'g4h5']","[0.35174304246902466, 0.7687702775001526, 0.8955655097961426]","[0.33911871910095215, 1.0, 0.9444049596786499]","['h7h8', 'g5f4', 'h8g8']","[0.33911871910095215, 1.0, 0.9444049596786499]",8/5p1R/4p1k1/n2pP1p1/Np3PB1/1P6/6PK/q7 w - - 2 41
VnZ4f,r4rk1/pp3ppp/1npp4/6RQ/1P2Pq2/1B3P2/P6P/3R3K b - - 1 23,h7h6 g5f5 f4e3 b3f7,2681,88,67,33,advantage kingsideAttack middlegame short,https://lichess.org/Sq8eQ2R4/black#45,,"['g5f5', 'f4e3', 'b3f7']","[0.34990194439888, 0.4614655375480652, 0.14070823788642883]","['g5f5', 'f4e3', 'd1g1']","[0.019556201994419098, 0.9591344594955444, 0.02130936272442341]","['g5f5', 'f4e3', 'b3f7']","['h5h6', 'f4f3', 'h1g1']","[0.3742450177669525, 0.9131325483322144, 0.7323781251907349]","[0.34045255184173584, 0.9259892702102661, 0.9619593620300293]","['g5f5', 'f4e3', 'b3f7']","[0.3742450177669525, 0.9131325483322144, 0.7323781251907349]",r4rk1/pp3pp1/1npp3p/R5RQ/1P2Pq2/1B3P2/P6P/7K w - - 0 24
VsA7I,5rk1/pb1p1Rpp/1p4n1/2p5/2Q5/1B2r1RP/PP1q2PK/8 b - - 0 22,e3g3 f7f8 g8f8 c4f7,1898,79,93,5851,attraction doubleCheck kingsideAttack mate mateIn2 middlegame short,https://lichess.org/gAu4bOmQ/black#43,,"['f7f8', 'g8f8', 'c4f7']","[0.15104834735393524, 1.0, 0.6866574287414551]","['f7f8', 'g8f8', 'c4f7']","[0.009974210523068905, 0.9228468537330627, 0.06717894971370697]","['f7f8', 'g8f8', 'c4f7']","['f7d7', 'b7d5', 'c4d5']","[0.4113537669181824, 1.0, 0.9020821452140808]","[0.3709820806980133, 0.7786042094230652, 0.8984347581863403]","['f7f8', 'g8f8', 'c4f7']","[0.4113537669181824, 1.0, 0.9020821452140808]",5rk1/pb1p1Rpp/1p6/2p5/2Q5/1B4rP/PP1q1nPK/8 w - - 0 23
Vtcrz,r3kbnr/ppp1pppp/8/3q4/8/2NB1n2/PPP2P1P/R1BQ1K1R b kq - 1 8,f3d2 f1e2 d5f3 e2d2,1765,213,33,3,advantage defensiveMove opening short,https://lichess.org/IjyVFk7B/black#15,Nimzowitsch_Defense Nimzowitsch_Defense_Declined_Variation,"['f1e2', 'd5f3', 'e2d2']","[0.23845821619033813, 0.0835426077246666, 0.781659722328186]","['f1g1', 'd5e5', 'e2d2']","[0.13213303685188293, 0.8099105358123779, 0.05795638635754585]","['f1e2', 'd5f3', 'e2d2']","['f1g1', 'd5g5', 'd1g4']","[0.6020840406417847, 0.8957198262214661, 0.9945270419120789]","[0.3734606206417084, 0.7816357612609863, 1.0]","['f1e2', 'd5f3', 'e2d2']","[0.6020840406417847, 0.8957198262214661, 0.9945270419120789]",r3kbnr/ppp1pppp/8/3q1B2/8/2N5/PPPn1P1P/R1BQ1K1R w kq - 2 9
WEavY,r3rnk1/5pNp/2pbq3/1p4B1/p2P4/3B4/PPPQ1P1P/1K4Rb b - - 0 19,g8g7 g5f6 g7f6 d2g5,2050,75,95,10255,attraction doubleCheck master mate mateIn2 middlegame sacrifice short,https://lichess.org/yz4kyylQ/black#37,Caro-Kann_Defense Caro-Kann_Defense_Tartakower_Variation,"['g5f6', 'g7f6', 'd2g5']","[0.04840351641178131, 1.0, 0.4536701440811157]","['g5h6', 'g7f6', 'd2g5']","[0.003936384338885546, 0.9901092052459717, 0.005954400636255741]","['g5h6', 'g7h8', 'h6g7']","['g5f6', 'g7f6', 'd2g5']","[0.45316073298454285, 0.9904972314834595, 0.7577241659164429]","[0.311007559299469, 1.0, 0.8528984189033508]","['g5h6', 'g7h8', 'h6g7']","[0.311007559299469, 1.0, 0.8528984189033508]",r3rnk1/5p1p/2pbq3/1p4B1/p2P4/3B4/PPPQ1P1P/1K4Rb w - - 0 20
WTfjV,4Q1k1/1pp2rp1/1p6/4p1n1/4N1q1/2PP4/PP3P2/5K1R b - - 9 30,f7f8 e4f6 g7f6 e8g6,2016,78,92,1078,endgame mate mateIn2 pin sacrifice short,https://lichess.org/jRMqx9kh/black#59,,"['e4f6', 'g7f6', 'e8g6']","[0.059634894132614136, 1.0, 0.8199630379676819]","['e8a4', 'g7f6', 'e8g6']","[0.0025126643013209105, 0.9928809404373169, 0.004606349393725395]","['h1h8', 'g8h8', 'e8f8']","['e4f6', 'g7f6', 'e8g6']","[0.429635614156723, 1.0, 0.9289216995239258]","[0.3040259778499603, 1.0, 0.9343292713165283]","['h1h8', 'g8h8', 'e8f8']","[0.3040259778499603, 1.0, 0.9343292713165283]",4Qrk1/1pp3p1/1p6/4p1n1/4N3/2PP1q2/PP3P2/5K1R w - - 10 31
WZMBS,8/pp3p1K/5k2/3p2p1/1P6/6P1/4PP1P/8 w - - 0 35,h7h6 g5g4 h6h5 f6f5,2582,87,82,128,crushing defensiveMove endgame pawnEndgame quietMove short,https://lichess.org/OEodSb8u#68,,"['g5g4', 'h6h5', 'f6f5']","[0.11115174740552902, 0.5436563491821289, 0.8539727926254272]","['b7b6', 'h6h5', 'f6f5']","[0.021829791367053986, 0.9694038033485413, 0.008766427636146545]","['g5g4', 'h6h5', 'f6f5']","['a7a6', 'h2h4', 'g5h4']","[0.5385598540306091, 0.7600772976875305, 0.9225442409515381]","[0.31672242283821106, 0.7339906692504883, 0.8837403059005737]","['g5g4', 'h6h5', 'f6f5']","[0.5385598540306091, 0.7600772976875305, 0.9225442409515381]",8/pp3p1P/5k1K/3p2p1/1P6/6P1/4PP1P/8 b - - 1 35
WZiFM,4k3/ppp3Bp/4p3/2b5/4R3/P7/1PPr1rPP/5RK1 w - - 0 20,f1f2 d2d1 e4e1 d1e1,1491,74,93,1079,endgame mate mateIn2 pin short,https://lichess.org/ILCLoiZx#38,,"['d2d1', 'e4e1', 'd1e1']","[0.27440157532691956, 1.0, 0.8060734272003174]","['d2d1', 'e4e1', 'd1e1']","[0.0012834452791139483, 0.9974489808082581, 0.0012674949830397964]","['d2f2', 'g7d4', 'c5d4']","['d2d1', 'e4e1', 'd1e1']","[0.4643659293651581, 0.7549635171890259, 0.9073489308357239]","[0.3974202275276184, 1.0, 0.9373835325241089]","['d2f2', 'g7d4', 'c5d4']","[0.3974202275276184, 1.0, 0.9373835325241089]",4k3/ppp3Bp/4p3/2b5/3R4/P7/1PPr1RPP/6K1 b - - 0 20
Widb4,5rk1/6pp/3b4/p3NPP1/1n2P3/1Q1pq1N1/1P4K1/R7 b - - 2 31,g8h8 e5g6 h7g6 a1h1,2066,145,33,10,mate mateIn2 middlegame sacrifice short,https://lichess.org/K1tjRsIn/black#61,,"['e5g6', 'h7g6', 'a1h1']","[0.020338794216513634, 1.0, 0.6117846965789795]","['e5f7', 'h7g6', 'a1h1']","[0.0047303480096161366, 0.9862550497055054, 0.009014558047056198]","['b3e6', 'd6e5', 'e6e5']","['e5g6', 'h7g6', 'a1h1']","[0.433815062046051, 0.7220808267593384, 0.9014812111854553]","[0.3910057246685028, 1.0, 0.9226102828979492]","['b3e6', 'd6e5', 'e6e5']","[0.3910057246685028, 1.0, 0.9226102828979492]",5r1k/6pp/3b4/p3NPP1/1n2P3/1Q1pq1N1/1P6/R2K4 w - - 3 32
WkO5a,3rr1k1/2p2Rp1/1pp3qp/6n1/2Q5/2N5/PPP3PP/5RK1 b - - 2 23,b6b5 f7f8 g8h7 c4g8,1654,75,96,14723,doubleCheck kingsideAttack mate mateIn2 middlegame short,https://lichess.org/tPB65zcW/black#45,,"['f7f8', 'g8h7', 'c4g8']","[0.048541173338890076, 1.0, 0.02798626199364662]","['f7g7', 'g8h7', 'c4c5']","[0.020230039954185486, 0.8650678396224976, 0.11470212787389755]","['f7f8', 'g8h7', 'c4g8']","['f7f6', 'b5c4', 'f6g6']","[0.582449734210968, 1.0, 0.8556138873100281]","[0.34139397740364075, 0.7697280049324036, 0.9242571592330933]","['f7f8', 'g8h7', 'c4g8']","[0.582449734210968, 1.0, 0.8556138873100281]",4r1k1/2p2Rp1/2p1r1qp/1p4n1/2Q5/2N5/PPP3PP/5RK1 w - - 0 24
WkpOV,8/2Q5/3P1rkp/3q1pp1/4p3/7P/1P3PP1/R5K1 w - - 2 36,a1a8 d5a8 d6d7 f6f8,1874,76,87,89,advantage defensiveMove endgame hangingPiece short,https://lichess.org/p41HqbtZ#70,,"['d5a8', 'd6d7', 'f6f8']","[0.6517247557640076, 0.6847518086433411, 0.29822447896003723]","['d5a8', 'd6d7', 'f6f8']","[0.004596303682774305, 0.9929351210594177, 0.0024685035459697247]","['d5a8', 'd6d7', 'f6f8']","['d5d1', 'g1h2', 'd1d6']","[0.31397420167922974, 0.8730214238166809, 0.9060698747634888]","[0.3003460168838501, 1.0, 0.9162322878837585]","['d5a8', 'd6d7', 'f6f8']","[0.31397420167922974, 0.8730214238166809, 0.9060698747634888]",R7/2Q5/3P1rkp/3qPpp1/4p3/7P/1P3PP1/6K1 b - - 3 36
WphVH,5r1k/1pq4p/1n4pb/p3N3/Pnp1P3/1QBr2P1/1P3PBP/2R2RK1 b - - 0 23,c4b3 e5f7 h8g8 f7h6,2004,78,85,79,doubleCheck kingsideAttack mate mateIn2 middlegame short,https://lichess.org/4WZjIgWh/black#45,,"['e5f7', 'h8g8', 'f7h6']","[0.0702134221792221, 1.0, 0.45915332436561584]","['c3b4', 'h8g8', 'f7h6']","[0.013048439286649227, 0.9145891666412354, 0.07236239314079285]","['e5f7', 'h8g8', 'f7h6']","['e5d3', 'h8g8', 'c3b4']","[0.5407832860946655, 1.0, 0.9193164110183716]","[0.38663142919540405, 0.9101882576942444, 0.7625635266304016]","['e5f7', 'h8g8', 'f7h6']","[0.5407832860946655, 1.0, 0.9193164110183716]",5r1k/1p5p/1n4pb/p3N3/Pn2P3/1pBr2P1/1P2qPBP/2R2RK1 w - - 0 24
WuLxT,5kn1/4p3/1Q2P3/p1pBPpPq/2P2B1p/5b2/PP5K/8 w - - 3 44,b6c5 h5g4 d5f3 g4f4,1723,76,100,74,advantage endgame short,https://lichess.org/BMdY8ttq#86,,"['h5g4', 'd5f3', 'g4f4']","[0.44207191467285156, 0.061073821038007736, 0.5057962536811829]","['h5g4', 'c5f2', 'g4f4']","[0.007054151501506567, 0.9736261367797852, 0.019319653511047363]","['h5g4', 'd5f3', 'g4f4']","['f3d5', 'c5d5', 'h5e2']","[0.5636167526245117, 0.7663750648498535, 0.938995361328125]","[0.3531891405582428, 0.8984360098838806, 0.9268802404403687]","['h5g4', 'd5f3', 'g4f4']","[0.5636167526245117, 0.7663750648498535, 0.938995361328125]",5kn1/4pP2/4P3/p1QBPpPq/2P2B1p/5b2/PP5K/8 b - - 0 44
XB4Y6,2r3rk/5p1p/2pp1Pp1/p1p1n1P1/Bq2P2Q/1P2N1K1/P1P3P1/3R4 b - - 2 28,b4c3 h4h7 h8h7 d1h1,1394,75,96,17133,attraction kingsideAttack mate mateIn2 middlegame sacrifice short,https://lichess.org/mFtCFJCZ/black#55,,"['h4h7', 'h8h7', 'd1h1']","[0.009733644314110279, 1.0, 0.6087134480476379]","['g3f2', 'h8h7', 'd1h1']","[0.00414667371660471, 0.9906612038612366, 0.005192072130739689]","['g3f2', 'h7h5', 'g2g4']","['h4h7', 'h8h7', 'd1h1']","[0.41270074248313904, 0.7809467911720276, 0.8479994535446167]","[0.3126712143421173, 1.0, 0.8903023600578308]","['g3f2', 'h7h5', 'g2g4']","[0.3126712143421173, 1.0, 0.8903023600578308]",2r3rk/4Rp1p/2pp1Pp1/p1p1n1P1/B3P2Q/1Pq1N1K1/P1P3P1/8 w - - 3 29
XDVJn,2rqr1k1/4bppp/p7/3pNbB1/P1pP2n1/2P1RN2/5PPP/R2Q2K1 w - - 1 25,g5e7 g4e3 e7d8 e3d1,1622,74,91,2129,crushing middlegame short,https://lichess.org/L3fkUWRf#48,,"['g4e3', 'e7d8', 'e3d1']","[0.21149972081184387, 0.6568071246147156, 0.830011248588562]","['d8e7', 'e7d8', 'e3d1']","[0.0015812310157343745, 0.995583713054657, 0.0028350220527499914]","['g4e3', 'e7d8', 'e3d1']","['e8e7', 'e5g4', 'f5g4']","[0.544498860836029, 0.7696501612663269, 0.9277306199073792]","[0.3986705541610718, 0.7768885493278503, 0.9203521013259888]","['g4e3', 'e7d8', 'e3d1']","[0.544498860836029, 0.7696501612663269, 0.9277306199073792]",2rqr3/4Bppp/p7/3pNb2/P1pP2n1/2P1RN2/1k3PPP/R2Q2K1 b - - 0 25
XJSyx,r3r1k1/1bp2ppp/p7/1pbqN3/8/PP1P1Q1P/1P3PP1/R1B2RK1 w - - 2 16,c1f4 d5e5 f4e5 b7f3,2235,88,67,34,advantage discoveredAttack middlegame short,https://lichess.org/7G3GxSdZ#30,Ruy_Lopez Ruy_Lopez_Morphy_Defense,"['d5e5', 'f4e5', 'b7f3']","[0.0007316312985494733, 0.47694331407546997, 0.7323983311653137]","['d5f3', 'f4e5', 'b7f3']","[0.3159918189048767, 0.6375248432159424, 0.04648328199982643]","['c5d4', 'f3d5', 'b7d5']","['d5e5', 'f4e5', 'b7f3']","[0.3066461682319641, 0.7095685601234436, 0.9269662499427795]","[0.30454620718955994, 0.7864696979522705, 0.918774425983429]","['c5d4', 'f3d5', 'b7d5']","[0.30454620718955994, 0.7864696979522705, 0.918774425983429]",r3r1k1/1bp2ppp/p7/1pbqN3/5B2/PP1P1Q1P/1P1R1PP1/R5K1 b - - 3 16
XNHTw,NnbR4/ppp1rpbp/2k3p1/4n3/8/8/PPP2PPP/4KBNR w K - 0 13,d8c8 e5f3 e1d1 e7e1,1676,75,95,14952,doubleCheck mate mateIn2 middlegame short,https://lichess.org/stKILc06#24,Pirc_Defense Pirc_Defense_Byrne_Variation,"['e5f3', 'e1d1', 'e7e1']","[0.013393627479672432, 1.0, 0.2294030487537384]","['c6d7', 'e1d1', 'e7d7']","[0.016590524464845657, 0.9593032598495483, 0.024106239899992943]","['e5f3', 'e1d1', 'e7e1']","['e5d3', 'e1d2', 'd3f2']","[0.4085876941680908, 1.0, 0.9131568670272827]","[0.4038780629634857, 0.979929506778717, 0.8970456719398499]","['e5f3', 'e1d1', 'e7e1']","[0.4085876941680908, 1.0, 0.9131568670272827]",NnR5/ppp1rpbp/2k3p1/4n3/4N3/8/PPP2PPP/4KB1R b K - 0 13
Xfepi,1kr5/1p2pp2/p2p3p/2nP2p1/2R1P1P1/1Pp2P2/6BP/5RK1 w - - 3 30,b3b4 c5b3 c4c8 b8c8,2127,93,74,22,advantage endgame quietMove short,https://lichess.org/xuGULRJj#58,,"['c5b3', 'c4c8', 'b8c8']","[0.03839344531297684, 0.97516930103302, 0.7499618530273438]","['c5a4', 'c4c8', 'b8c8']","[0.010932784527540207, 0.9586986303329468, 0.030368607491254807]","['c5d3', 'c4d4', 'd3f4']","['c5b3', 'c4c8', 'b8c8']","[0.5627853274345398, 0.7403101325035095, 0.8605507016181946]","[0.38291046023368835, 0.9585764408111572, 0.9844543933868408]","['c5d3', 'c4d4', 'd3f4']","[0.38291046023368835, 0.9585764408111572, 0.9844543933868408]",1kr4B/1p2pp2/p2p3p/2nP2p1/1PR1P1P1/2p2P2/7P/5RK1 b - - 0 30
Y4J48,1k1r4/2p1r1Qp/1q2Pp2/1p1n4/8/6B1/5PPP/R3R1K1 w - - 1 28,g7f7 e7f7 e6f7 b6c6,1605,367,82,1,crushing defensiveMove middlegame short,https://lichess.org/LmRo2jew#54,,"['e7f7', 'e6f7', 'b6c6']","[0.7437509298324585, 0.506608247756958, 0.12750355899333954]","['e7f7', 'e6f7', 'd8f8']","[0.005812054965645075, 0.9889171123504639, 0.005270820111036301]","['e7f7', 'e6f7', 'b6c6']","['b8b7', 'f7h5', 'e7e6']","[0.4396195709705353, 0.9221686124801636, 0.8388147354125977]","[0.33889999985694885, 0.9177751541137695, 0.7902231216430664]","['e7f7', 'e6f7', 'b6c6']","[0.4396195709705353, 0.9221686124801636, 0.8388147354125977]",1k6/2p1rQ1p/1q2Pp2/1prn4/8/6B1/5PPP/R3R1K1 b - - 2 28
YFpW2,r3r1k1/p4p1p/1p1p4/3P1pB1/2n1p3/6RP/P2R1PP1/6K1 b - - 1 23,c4d2 g5e7 g8h8 e7f6,2278,77,86,271,discoveredAttack endgame mate mateIn2 short,https://lichess.org/OpBIkSa7/black#45,,"['g5e7', 'g8h8', 'e7f6']","[0.11933142691850662, 1.0, 0.6891428828239441]","['g5h6', 'g8h8', 'e7f6']","[0.0018894511740654707, 0.9924079179763794, 0.005702621769160032]","['g5e7', 'g8h8', 'e7f6']","['g5h6', 'g8h8', 'h6g7']","[0.510373592376709, 1.0, 0.8879125714302063]","[0.36318421363830566, 1.0, 0.9181416630744934]","['g5e7', 'g8h8', 'e7f6']","[0.510373592376709, 1.0, 0.8879125714302063]",4r1k1/p4p1p/1p1p4/3P1pB1/4p3/2r3RP/P2n1PP1/6K1 w - - 0 24
YJI3G,6k1/6r1/3pP1N1/3Pb2Q/p7/Pp3PK1/1P1q4/3N3R w - - 1 37,g3g4 d2f4 g4h3 f4g3,1871,76,94,1256,mate mateIn2 middlegame pin short,https://lichess.org/5WccVDdZ#72,,"['d2f4', 'g4h3', 'f4g3']","[0.007696069777011871, 1.0, 0.48360803723335266]","['d2g2', 'g4h3', 'f4g3']","[0.0022433362901210785, 0.9945502877235413, 0.003206393215805292]","['d2g2', 'g4f5', 'g2c2']","['d2f4', 'g4h3', 'f4g3']","[0.47097715735435486, 0.9585253000259399, 0.9208950400352478]","[0.40190863609313965, 1.0, 0.9173223972320557]","['d2g2', 'g4f5', 'g2c2']","[0.40190863609313965, 1.0, 0.9173223972320557]",6k1/8/3pP1N1/3Pb2Q/p5K1/Pp3P2/1Prq4/3N3R b - - 2 37
YMzwc,5k1r/5p2/p3b2p/7B/2p5/5RRP/P5PK/3r4 b - - 5 43,h8g8 g3g8 f8g8 f3g3,1397,76,93,3865,attraction crushing endgame short,https://lichess.org/C5AOOncT/black#85,,"['g3g8', 'f8g8', 'f3g3']","[0.3170430064201355, 0.9380980730056763, 0.032156433910131454]","['g3g8', 'f8g8', 'h5f7']","[0.008618050254881382, 0.9756510853767395, 0.015730923041701317]","['f3f7', 'e6f7', 'h5d1']","['g3g8', 'f8g8', 'f3g3']","[0.3595408499240875, 0.9949511289596558, 0.7547513246536255]","[0.3038191497325897, 0.9235742688179016, 0.939258337020874]","['f3f7', 'e6f7', 'h5d1']","[0.3038191497325897, 0.9235742688179016, 0.939258337020874]",5kr1/5p2/p3b2p/7B/2p5/5RRP/Pp4PK/3r4 w - - 6 44
YQLUu,1k1rr3/p2N2pp/P3bp2/8/1Q1p2P1/5PqP/2P1B3/1n3K1R b - - 1 33,b8c7 b4c5 c7d7 e2b5,2118,78,87,157,mate mateIn2 middlegame sacrifice short,https://lichess.org/1qC41A4W/black#65,,"['b4c5', 'c7d7', 'e2b5']","[0.09454900026321411, 1.0, 0.35798466205596924]","['d7c5', 'c7d7', 'e2b5']","[0.002398709999397397, 0.9835901856422424, 0.014011059887707233]","['b4b7', 'c7d6', 'b7b4']","['b4c5', 'c7d7', 'e2b5']","[0.4787774384021759, 1.0, 0.9227779507637024]","[0.4132656455039978, 1.0, 0.9134275317192078]","['b4b7', 'c7d6', 'b7b4']","[0.4132656455039978, 1.0, 0.9134275317192078]",4r3/p1kN2pp/P3bp1r/8/1Q1p2P1/5PqP/2P1B3/1n3K1R w - - 2 34
YWYf1,r5rk/5p1p/p4R2/2p1B3/1p2P1Q1/8/qPP3PP/4R1K1 b - - 2 24,g8g4 f6g6 f7f6 e5f6,1830,80,84,253,discoveredAttack endgame mate mateIn2 short,https://lichess.org/0oLjOJpZ/black#47,,"['f6g6', 'f7f6', 'e5f6']","[0.0483432374894619, 1.0, 0.05863036587834358]","['f6f7', 'f7f6', 'g6g4']","[0.002204078948125243, 0.9940263032913208, 0.0037695872597396374]","['f6a6', 'h8g8', 'a6a2']","['f6g6', 'f7f6', 'e5f6']","[0.5991461277008057, 0.7784202098846436, 0.9156401753425598]","[0.34067484736442566, 1.0, 0.9302453994750977]","['f6a6', 'h8g8', 'a6a2']","[0.34067484736442566, 1.0, 0.9302453994750977]",r6k/5prp/p4R2/2p1B3/1p2P3/8/qPP3PP/4R1K1 w - - 0 25
YZVa3,3r1k2/ppp3Rp/5B2/2q5/2p2Q2/3b1P2/PP4PP/4K3 b - - 8 28,d8e8 f6e5 d3f5 f4f5,2048,81,92,2744,discoveredAttack endgame mate mateIn2 short,https://lichess.org/nwb5tQR7/black#55,,"['f6e5', 'd3f5', 'f4f5']","[0.0627230778336525, 1.0, 0.5918872952461243]","['e1d1', 'd3f5', 'f4f5']","[0.01608005352318287, 0.9746509194374084, 0.009268994443118572]","['f6e7', 'f8g7', 'f4f6']","['f6e5', 'd3f5', 'f4f5']","[0.531120777130127, 1.0, 0.9226529002189636]","[0.4090679883956909, 1.0, 0.9056814312934875]","['f6e7', 'f8g7', 'f4f6']","[0.4090679883956909, 1.0, 0.9056814312934875]",4rk2/ppp4p/5B2/2q5/2p2Q2/3b1P2/PP4PP/4K2R w - - 9 29
Yb8mZ,2R5/6pk/1Q3b1p/8/1P6/8/3q1PPP/4rNK1 w - - 2 34,b6b8 e1f1 g1f1 d2d1,1054,83,92,148,attraction endgame mate mateIn2 sacrifice short,https://lichess.org/fxBA9Oda#66,,"['e1f1', 'g1f1', 'd2d1']","[0.07198955118656158, 1.0, 0.7360223531723022]","['d2d1', 'g1f1', 'd2d1']","[0.0020506796427071095, 0.9965482354164124, 0.0014010604936629534]","['d2e2', 'c8h8', 'h7g6']","['e1f1', 'g1f1', 'd2d1']","[0.3837476968765259, 0.9327597618103027, 1.0]","[0.3262665271759033, 1.0, 0.9259924292564392]","['d2e2', 'c8h8', 'h7g6']","[0.3262665271759033, 1.0, 0.9259924292564392]",2R5/6pk/5b1p/8/QP6/8/3q1PPP/4rNK1 b - - 3 34
YewjH,8/R3Q1pk/4p2p/3pP3/4q1KP/4B1P1/P7/8 w - - 3 39,e3f4 h6h5 g4h5 e4g6,1996,83,68,84,attraction endgame mate mateIn2 short,https://lichess.org/eechXRl8#76,,"['h6h5', 'g4h5', 'e4g6']","[0.11826629936695099, 0.434853196144104, 0.5692718029022217]","['e4e2', 'g4h5', 'e4g6']","[0.0021517493296414614, 0.9942398071289062, 0.003608400234952569]","['e4e2', 'g4h3', 'e2f1']","['h6h5', 'g4h5', 'e4g6']","[0.575043797492981, 1.0, 0.942815363407135]","[0.31046637892723083, 0.8934081196784973, 0.8558066487312317]","['e4e2', 'g4h3', 'e2f1']","[0.31046637892723083, 0.8934081196784973, 0.8558066487312317]",8/R3Q1pk/4p2p/3pP3/4qBKP/6P1/P4P2/8 b - - 4 39
YgYY8,r2q2r1/1b3k2/2p2P2/pp1pP3/4B1p1/P3b1N1/1PQ3P1/R4RK1 w - - 0 25,g1h2 g8h8 e4h7 d8g8,1910,78,93,7842,clearance crushing middlegame pin short,https://lichess.org/7h9MUpM2#48,,"['g8h8', 'e4h7', 'd8g8']","[0.7092710733413696, 0.9843668341636658, 0.013279426842927933]","['g8h8', 'e4h7', 'f7e6']","[0.0027622596826404333, 0.9934244155883789, 0.003813310759142041]","['d5e4', 'c2b3', 'd8d5']","['g8h8', 'e4h7', 'd8g8']","[0.39121487736701965, 0.7568651437759399, 0.9500867128372192]","[0.30785077810287476, 0.9688982963562012, 0.7744204998016357]","['d5e4', 'c2b3', 'd8d5']","[0.30785077810287476, 0.9688982963562012, 0.7744204998016357]",r2q2r1/1b2Nk2/2p2P2/pp1pP3/4B1p1/P3b3/1PQ3PK/R4R2 b - - 1 25
YhVVF,5r1k/p1p3pp/8/2R5/1P1q1r2/P4BQ1/7P/4R1K1 w - - 1 31,g3f2 f4g4 g1f1 d4d3,2204,83,90,887,crushing master middlegame short,https://lichess.org/I7gzNkQF#60,,"['f4g4', 'g1f1', 'd4d3']","[0.05434713140130043, 0.6481584310531616, 0.777404248714447]","['f4f3', 'g1f1', 'd4d3']","[0.002677104901522398, 0.9952691197395325, 0.002053789095953107]","['d4f2', 'g1f2', 'f4f3']","['f4g4', 'g1f1', 'd4d3']","[0.35211655497550964, 0.9954004883766174, 0.9342918992042542]","[0.32305246591567993, 0.8828399181365967, 0.872837483882904]","['d4f2', 'g1f2', 'f4f3']","[0.32305246591567993, 0.8828399181365967, 0.872837483882904]",5r1k/p1pP2pp/8/2R5/1P1q1r2/P4B2/5Q1P/4R1K1 b - - 2 31
YpEQd,8/6R1/3p2p1/1Q1Pp1k1/6P1/P1P2r2/1PK5/4q3 w - - 0 48,b5e8 f3f2 c2b3 e1d1,1906,76,87,388,crushing endgame short,https://lichess.org/IAbEseQm#94,,"['f3f2', 'c2b3', 'e1d1']","[0.25970038771629333, 0.8995237946510315, 0.42548850178718567]","['e1e4', 'c2b3', 'e1d1']","[0.004793145228177309, 0.9918065071105957, 0.003400317393243313]","['e1e4', 'c2b3', 'e4d5']","['f3f2', 'c2b3', 'e1d1']","[0.4170941710472107, 0.9659832119941711, 0.7752025127410889]","[0.4102904200553894, 0.9840296506881714, 0.7706684470176697]","['e1e4', 'c2b3', 'e4d5']","[0.4102904200553894, 0.9840296506881714, 0.7706684470176697]",8/6R1/3pQ1p1/3Pp1k1/6P1/P1P2r2/1PK5/4q3 b - - 1 48
ZBFhY,8/1n2Bkp1/4bp1p/2pp4/Bb1N4/rP2P2P/5PP1/1R4K1 w - - 2 30,d4c2 f7e7 c2a3 b4a3,2027,78,86,49,crushing master middlegame short,https://lichess.org/eaTdoGAn#58,,"['f7e7', 'c2a3', 'b4a3']","[0.36234697699546814, 0.2905157804489136, 0.6106289625167847]","['f7e7', 'c2a3', 'b4a3']","[0.02939455956220627, 0.9569873213768005, 0.013618159107863903]","['f7e7', 'c2a3', 'b4a3']","['e6f5', 'c2a3', 'f5b1']","[0.4348680377006531, 0.8627238273620605, 0.9354140758514404]","[0.3214418292045593, 0.7264716625213623, 0.8667876720428467]","['f7e7', 'c2a3', 'b4a3']","[0.4348680377006531, 0.8627238273620605, 0.9354140758514404]",8/4Bkp1/4bp1p/2pp4/Bb6/rP2P2P/n1N2PP1/1R4K1 b - - 3 30
ZDYoo,4r1k1/5p2/R4N1R/1Pp2nq1/8/1P6/1P4PP/6K1 b - - 1 36,g8f8 f6h7 f8g7 h7g5,1954,199,82,6,crushing endgame fork short,https://lichess.org/mw5eVcaR/black#71,,"['f6h7', 'f8g7', 'h7g5']","[0.07387834787368774, 0.7633203268051147, 0.7781745195388794]","['h6h8', 'f8g7', 'h7g5']","[0.005955250468105078, 0.973739504814148, 0.020305220037698746]","['f6h7', 'f8g7', 'h7g5']","['h6h8', 'f8g7', 'h8e8']","[0.5798349380493164, 0.8309239149093628, 0.9270732998847961]","[0.3580869436264038, 0.9815694093704224, 0.8780865669250488]","['f6h7', 'f8g7', 'h7g5']","[0.5798349380493164, 0.8309239149093628, 0.9270732998847961]",4rk2/5p2/5N1R/1Pp2nq1/8/1P6/1P4PP/4R1K1 w - - 2 37
ZGrYb,4r2r/p2k3p/qp1P2p1/5p2/1BPbN1n1/6P1/P1Q2P1P/1R2R1K1 w - - 1 25,c2d3 e8e4 e1e4 d4f2,2057,74,93,2029,advantage kingsideAttack middlegame short,https://lichess.org/Mdtr1Web#48,,"['e8e4', 'e1e4', 'd4f2']","[0.2134850025177002, 0.41178417205810547, 0.5218251347541809]","['e8e4', 'e1e4', 'd4f2']","[0.010065904818475246, 0.9525237679481506, 0.037410326302051544]","['e8e4', 'e1e4', 'd4f2']","['g4e5', 'e4f6', 'd7d8']","[0.5176529884338379, 0.8915905356407166, 0.7597450613975525]","[0.3338392674922943, 0.9154384136199951, 0.7343271970748901]","['e8e4', 'e1e4', 'd4f2']","[0.5176529884338379, 0.8915905356407166, 0.7597450613975525]",4r2r/p2k3p/qp1P2p1/5p2/1BPbN1n1/3Q2P1/P4PKP/1R2R3 b - - 2 25
ZM4JD,q3kb1r/p1p3p1/1p2p3/5p2/4PBn1/2NP2Pp/PP2QR2/R5K1 w k - 2 20,e4f5 h3h2 f2h2 f8c5,2388,79,61,60,advancedPawn crushing middlegame short,https://lichess.org/ZCyq3oYr#38,,"['h3h2', 'f2h2', 'f8c5']","[0.25989946722984314, 0.36074167490005493, 0.5697471499443054]","['f8c5', 'g1f1', 'f8c5']","[0.0062370700761675835, 0.9756754636764526, 0.0180874802172184]","['h3h2', 'f2h2', 'f8c5']","['g4f2', 'e2e6', 'f8e7']","[0.3077959716320038, 0.9937976002693176, 0.8552466630935669]","[0.3033478260040283, 0.7416042685508728, 0.7886514663696289]","['h3h2', 'f2h2', 'f8c5']","[0.3077959716320038, 0.9937976002693176, 0.8552466630935669]",q3kb1r/p1p3p1/Np2p3/5P2/5Bn1/3P2Pp/PP2QR2/R5K1 b k - 0 20
ZOVrx,r5k1/pp3ppp/6r1/3pP3/2p2B2/P1q1P2Q/2B2PPP/R4K2 w - - 0 22,a1c1 c3d2 e3e4 d2f4,1655,74,96,12348,crushing middlegame short,https://lichess.org/TG06XnGM#42,,"['c3d2', 'e3e4', 'd2f4']","[0.08046920597553253, 0.45571061968803406, 0.6117671728134155]","['c3a3', 'e3e4', 'd2f4']","[0.009620431810617447, 0.9649233222007751, 0.025456270202994347]","['c3d2', 'e3e4', 'd2f4']","['c3b2', 'e3e4', 'd5d4']","[0.4003274142742157, 0.7365776896476746, 0.9184398651123047]","[0.3331764042377472, 0.9119755029678345, 0.9184502959251404]","['c3d2', 'e3e4', 'd2f4']","[0.4003274142742157, 0.7365776896476746, 0.9184398651123047]",r5k1/pp3ppp/6r1/3pPQ2/2p2B2/P1q1P3/2B2PPP/2R2K2 b - - 1 22
ZRTp8,q1r3k1/2p5/r2pNbpp/1p1Pnp2/1P6/2Q1P3/1B3PPP/1R1R2K1 w - - 2 28,b1a1 e5f3 g2f3 f6c3,1383,75,93,1727,crushing discoveredAttack middlegame short,https://lichess.org/FN5Sjm9X#54,,"['e5f3', 'g2f3', 'f6c3']","[0.07089715451002121, 0.2539505660533905, 0.6905534863471985]","['a6a1', 'g1h1', 'f6c3']","[0.007712231948971748, 0.9771388173103333, 0.015148958191275597]","['e5f3', 'g2f3', 'f6c3']","['a6a1', 'd1a1', 'a8d5']","[0.43378251791000366, 0.952358067035675, 0.9206488728523254]","[0.4301401674747467, 0.7712210416793823, 0.7018007040023804]","['e5f3', 'g2f3', 'f6c3']","[0.43378251791000366, 0.952358067035675, 0.9206488728523254]",q1r3k1/2p5/r2pNbpp/1p1Pnp2/1P6/4P3/1B1Q1PPP/R2R2K1 b - - 3 28
ZX6fv,r4rk1/pppq2pp/2n5/5p2/1bBP4/4P3/PP1N1PP1/R2QK2R b KQ - 1 17,g8h8 h1h7 h8h7 d1h5,1541,75,97,3162,attraction kingsideAttack mate mateIn2 middlegame sacrifice short,https://lichess.org/zvcO7iC9/black#33,Horwitz_Defense Horwitz_Defense_Other_variations,"['h1h7', 'h8h7', 'd1h5']","[0.002653903793543577, 1.0, 0.5628165006637573]","['a2a3', 'h8h7', 'd1h5']","[0.18131142854690552, 0.7267324328422546, 0.09195611625909805]","['h1h7', 'h8h7', 'd1h5']","['a2a3', 'b4d2', 'd1d2']","[0.4343303143978119, 1.0, 0.8979064226150513]","[0.3008260726928711, 0.9145348072052002, 0.9236094355583191]","['h1h7', 'h8h7', 'd1h5']","[0.4343303143978119, 1.0, 0.8979064226150513]",r4r1k/pppq2pp/2n5/4Bp2/1b1P4/4P3/PP1N1PP1/R2QK2R w KQ - 2 18
ZeKBL,2rrnb2/2q2p1k/4pPpB/p2pP3/2pP2P1/2p4R/PP1Q2BP/2R3K1 b - - 0 28,c3d2 h6g7 h7g8 h3h8,1899,76,86,655,discoveredAttack mate mateIn2 middlegame short,https://lichess.org/YXY8PKXC/black#55,,"['h6g7', 'h7g8', 'h3h8']","[0.03820722550153732, 1.0, 0.7982190847396851]","['h6f8', 'h7g8', 'h3h8']","[0.0055224960669875145, 0.983763575553894, 0.01071389950811863]","['h6g7', 'h7g8', 'h3h8']","['h6f8', 'h7g8', 'c1d1']","[0.4771057069301605, 1.0, 0.8350985050201416]","[0.3599536716938019, 1.0, 0.7015454173088074]","['h6g7', 'h7g8', 'h3h8']","[0.4771057069301605, 1.0, 0.8350985050201416]",3rnb2/2q2p1k/4pPpB/p2pP3/2pP2P1/3r3R/PP1p2BP/2R3K1 w - - 0 29
Zga1Y,r1b2rk1/pp3ppp/1b6/1p2q2n/2QN4/4B1PP/PP2PPB1/3R1RK1 w - - 0 18,c4b5 b6d4 b5e5 d4e5,1401,74,85,244,advantage middlegame short,https://lichess.org/c863FDD8#34,Queens_Gambit_Declined Queens_Gambit_Declined_Albin_Countergambit,"['b6d4', 'b5e5', 'd4e5']","[0.010389360599219799, 0.7289760708808899, 0.5443143844604492]","['b6c5', 'b5e5', 'd4e5']","[0.02990831807255745, 0.4744545817375183, 0.49563708901405334]","['b6d4', 'b5e5', 'd4e5']","['e5b5', 'd4b5', 'b6e3']","[0.575829803943634, 0.8089239001274109, 0.9395487904548645]","[0.3459323048591614, 0.9278876185417175, 0.7820796370506287]","['b6d4', 'b5e5', 'd4e5']","[0.575829803943634, 0.8089239001274109, 0.9395487904548645]",r1b3k1/pp3ppp/1b6/1Q2q2n/3N4/4BrPP/PP2PPB1/3R1RK1 b - - 0 18
Zm4bd,r3kb1r/pp3pp1/2n3q1/8/3nN3/2N3Bb/PPP3BP/R3QRK1 b kq - 2 17,h3g2 e4f6 e8d8 e1e8,1836,76,91,624,doubleCheck mate mateIn2 opening short,https://lichess.org/Z0z2lwR6/black#33,Zukertort_Opening Zukertort_Opening_Tennison_Gambit,"['e4f6', 'e8d8', 'e1e8']","[0.3248569369316101, 1.0, 0.14460527896881104]","['e4f6', 'e8d8', 'a1d1']","[0.015541008673608303, 0.890623927116394, 0.09383507072925568]","['e4f6', 'e8d8', 'e1e8']","['e4d6', 'e8d7', 'f1f7']","[0.4010995924472809, 1.0, 0.8439993262290955]","[0.3333287835121155, 0.9611708521842957, 0.8778082728385925]","['e4f6', 'e8d8', 'e1e8']","[0.4010995924472809, 1.0, 0.8439993262290955]",r3kb1r/pp3pp1/2n3q1/8/B2nN3/2N5/PPP3bP/R3QRK1 w kq - 0 18
ZrMi5,2r4r/1b4k1/p4p2/1p2p3/4Bn2/P3QP2/1P2n1PP/R3R2K w - - 3 29,e4b7 h8h2 h1h2 c8h8,1233,84,85,679,anastasiaMate attraction mate mateIn2 middlegame sacrifice short,https://lichess.org/KfajtfBs#56,,"['h8h2', 'h1h2', 'c8h8']","[0.05843758210539818, 1.0, 0.7118025422096252]","['e2g3', 'h1h2', 'c8h8']","[0.006100303027778864, 0.9692054390907288, 0.024694234132766724]","['e2g3', 'h1g1', 'c8c2']","['h8h2', 'h1h2', 'c8h8']","[0.3525579869747162, 1.0, 0.8573471903800964]","[0.3406512141227722, 1.0, 0.8795403242111206]","['e2g3', 'h1g1', 'c8c2']","[0.3406512141227722, 1.0, 0.8795403242111206]",2r3nr/1B4k1/p4p2/1p2p3/8/P3QP2/1P2n1PP/R3R2K b - - 0 29
a6bFD,rnb2rk1/ppp5/5p1B/4p2Q/2P1P3/2P5/P2K3R/3R2q1 b - - 1 21,g1g4 h6f8 g4h5 h2h5,2199,85,54,42,advantage middlegame short,https://lichess.org/2sOQf1YE/black#41,,"['h6f8', 'g4h5', 'h2h5']","[0.2464427649974823, 0.3101542294025421, 0.6012899279594421]","['h6f8', 'g8f8', 'h2h5']","[0.014362744055688381, 0.9825765490531921, 0.0030606945510953665]","['h5g4', 'c8g4', 'd1g1']","['h6f8', 'g4h5', 'h2h5']","[0.3500780761241913, 0.9902481436729431, 0.8185811042785645]","[0.3308212459087372, 0.8384724855422974, 0.9140953421592712]","['h5g4', 'c8g4', 'd1g1']","[0.3308212459087372, 0.8384724855422974, 0.9140953421592712]",rnb2rk1/ppp5/3R1p1B/4p2Q/2P1P1q1/2P5/P2K3R/8 w - - 2 22
a6vhu,r2r4/1R1bkpp1/4p3/2N1P3/pBpP1Pp1/8/5K1P/8 b - - 1 34,a4a3 c5a6 e7e8 a6c7,2355,80,65,190,discoveredAttack endgame mate mateIn2 short,https://lichess.org/4CpFDdQF/black#67,,"['c5a6', 'e7e8', 'a6c7']","[0.07067260891199112, 1.0, 0.524522602558136]","['f4f5', 'e7e8', 'a6c7']","[0.002666675951331854, 0.9853716492652893, 0.01196164172142744]","['c5d7', 'e7e8', 'd7b6']","['c5a6', 'e7e8', 'a6c7']","[0.4929390549659729, 1.0, 0.7014002203941345]","[0.3495512008666992, 1.0, 0.8988668918609619]","['c5d7', 'e7e8', 'd7b6']","[0.3495512008666992, 1.0, 0.8988668918609619]",r2r4/1R1bkpp1/3pp3/2N1P3/1BpP1Pp1/p7/5K1P/8 w - - 0 35
a7dBS,1k1r4/p1p3pp/1b6/1Q1B4/4P3/P2n2Pq/1P1Nb2P/R1B2R1K w - - 1 21,b5c6 h3f1 d2f1 e2f3,1928,89,92,10377,doubleBishopMate kingsideAttack mate mateIn2 middlegame sacrifice short,https://lichess.org/UoU65HHi#40,,"['h3f1', 'd2f1', 'e2f3']","[0.008907406590878963, 1.0, 0.39791783690452576]","['e2f1', 'd2f1', 'e2f3']","[0.001634749467484653, 0.9957734942436218, 0.0025917470920830965]","['h3f1', 'd2f1', 'e2f3']","['d8d5', 'f1f8', 'h3c8']","[0.4726773202419281, 1.0, 0.8983519077301025]","[0.39287325739860535, 0.8452786803245544, 0.9061320424079895]","['h3f1', 'd2f1', 'e2f3']","[0.4726773202419281, 1.0, 0.8983519077301025]",1k1r4/p1p3pp/1bQ5/3B1R2/4P3/P2n2Pq/1P1Nb2P/2B2R1K b - - 2 21
a90yM,1R2rk2/4p1bp/1R2B1p1/2B5/3Pn3/6P1/1p2PPKP/1r6 b - - 3 36,e4c5 b8e8 f8e8 b6b8,936,79,90,581,attraction mate mateIn2 middlegame short,https://lichess.org/2WKoPddZ/black#71,,"['b8e8', 'f8e8', 'b6b8']","[0.13051193952560425, 1.0, 0.33963337540626526]","['e6a2', 'f8e8', 'e6a2']","[0.002596604870632291, 0.9950681924819946, 0.002335169818252325]","['d4c5', 'g7e5', 'b8b7']","['b8e8', 'f8e8', 'b6b8']","[0.5280482769012451, 0.8234667181968689, 0.7142045497894287]","[0.3860073983669281, 1.0, 0.8598735332489014]","['d4c5', 'g7e5', 'b8b7']","[0.3860073983669281, 1.0, 0.8598735332489014]",1R2rk2/B3p1bp/1R4p1/2n5/3P4/6P1/1p2PPKP/1r6 w - - 0 37
aFW0u,8/ppp1P3/1b3r2/8/k7/8/PP4KP/4R1n1 b - - 0 39,f6f2 g2h1 g1f3 e7e8q,2439,82,74,141,advancedPawn advantage defensiveMove endgame promotion short,https://lichess.org/cV1WUSkL/black#77,,"['g2h1', 'g1f3', 'e7e8q']","[0.27434784173965454, 0.15125560760498047, 0.1566324681043625]","['g2g3', 'f2e2', 'e1e4']","[0.024064142256975174, 0.9714393615722656, 0.00449654646217823]","['g2h1', 'g1f3', 'e7e8q']","['g2g3', 'g1e2', 'g3g4']","[0.6140367388725281, 0.8040493726730347, 0.9519210457801819]","[0.37462612986564636, 0.886481523513794, 0.8624804019927979]","['g2h1', 'g1f3', 'e7e8q']","[0.6140367388725281, 0.8040493726730347, 0.9519210457801819]",8/ppp1P3/1b6/1R6/k7/8/PP3rKP/6n1 w - - 1 40
aOJF7,6r1/p1p2p1k/3br2p/4N3/4R3/1PP5/P4PP1/4R1K1 w - - 3 27,e5g4 g8g4 e4e6 f7e6,1422,74,94,17418,advantage endgame short,https://lichess.org/UboWHCD1#52,,"['g8g4', 'e4e6', 'f7e6']","[0.06542686372995377, 0.6575292348861694, 0.750421404838562]","['e6e4', 'e4e6', 'f7e6']","[0.01357466634362936, 0.9403775930404663, 0.04604782536625862]","['e6g6', 'g4e3', 'f7f5']","['g8g4', 'e4e6', 'f7e6']","[0.36558979749679565, 0.8769291639328003, 0.8471259474754333]","[0.3259054124355316, 0.8419336080551147, 0.9186135530471802]","['e6g6', 'g4e3', 'f7f5']","[0.3259054124355316, 0.8419336080551147, 0.9186135530471802]",6r1/p1p2p1k/3br2p/8/3RR1N1/1PP5/P4PP1/6K1 b - - 4 27
aTf9G,2k5/1b6/1Pp5/2Qp4/3b1q2/7P/P4P2/R4RK1 w - - 0 33,c5b4 d4f2 f1f2 f4b4,1626,126,28,13,crushing discoveredAttack endgame short,https://lichess.org/nF6nEOJl#64,,"['d4f2', 'f1f2', 'f4b4']","[0.008740507066249847, 0.6049004197120667, 0.2986585199832916]","['c6c5', 'f1f2', 'f4b4']","[0.014434972777962685, 0.9797754287719727, 0.00578960170969367]","['d4f2', 'f1f2', 'f4b4']","['f4g3', 'g1h1', 'g3h3']","[0.5876755118370056, 0.911189079284668, 0.9313837885856628]","[0.33053141832351685, 1.0, 0.8679123520851135]","['d4f2', 'f1f2', 'f4b4']","[0.5876755118370056, 0.911189079284668, 0.9313837885856628]",2k5/1b6/1Pp5/3p3Q/3b1q2/7P/P4P2/R4RK1 b - - 1 33
aWMUZ,4kb1r/1Qp1pppp/1p2q3/4n3/3r4/5N2/PPPP1PPP/R1B1K2R w KQk - 2 12,f3d4 e5d3 e1d1 d3f2,1934,79,91,4841,deflection doubleCheck mate mateIn2 middlegame short,https://lichess.org/o4VwEDZo#22,Scandinavian_Defense Scandinavian_Defense_Modern_Variation,"['e5d3', 'e1d1', 'd3f2']","[0.09621071815490723, 0.4090234339237213, 0.11296413838863373]","['e5d3', 'e1f1', 'e6g4']","[0.01707345061004162, 0.1820995807647705, 0.8008269667625427]","['e5f3', 'e1d1', 'f3d4']","['e5d3', 'e1d1', 'd3f2']","[0.496376097202301, 0.9506309628486633, 0.9158449769020081]","[0.4267856478691101, 0.9477720260620117, 0.8072779774665833]","['e5f3', 'e1d1', 'f3d4']","[0.4267856478691101, 0.9477720260620117, 0.8072779774665833]",4kb1r/2p1pppp/1p2q3/4n3/3NQ3/8/PPPP1PPP/R1B1K2R b KQk - 0 12
aansX,3rbrk1/1p2q1pn/p6p/2ppPB2/1nP2Q1P/4P1P1/PB1N1R2/5RK1 b - - 0 24,b4d3 f5h7 g8h7 f4f8,1447,74,89,3546,crushing discoveredAttack kingsideAttack middlegame short,https://lichess.org/qeqSKUoc/black#47,,"['f5h7', 'g8h7', 'f4f8']","[0.19949108362197876, 0.810509204864502, 0.7302378416061401]","['f5d3', 'g8h7', 'f4f8']","[0.006927999202162027, 0.9833033680915833, 0.009768662042915821]","['f5h7', 'g8h7', 'f4f8']","['f5d3', 'f8f4', 'e3f4']","[0.5556036829948425, 0.9691081643104553, 0.9154915809631348]","[0.3564518690109253, 0.926551878452301, 0.7222414612770081]","['f5h7', 'g8h7', 'f4f8']","[0.5556036829948425, 0.9691081643104553, 0.9154915809631348]",3rbrk1/1p2q1p1/p6p/2ppPB2/n1P2Q1P/3nP1P1/PB1N1R2/5RK1 w - - 1 25
apgiW,r2q2k1/2p1r1pp/bpQ1p3/p2p4/3P4/2P2N2/P4PPP/R3R1K1 w - - 0 19,e1e6 a6b7 c6b7 e7e6,2097,76,94,6454,advantage deflection middlegame short,https://lichess.org/3Zfto92x#36,Ponziani_Opening Ponziani_Opening_Other_variations,"['a6b7', 'c6b7', 'e7e6']","[0.22161054611206055, 0.22742342948913574, 0.3277386724948883]","['e7e6', 'a1e1', 'e7e6']","[0.011492066085338593, 0.9593532681465149, 0.029154643416404724]","['a6b5', 'c6a8', 'd8a8']","['a6b7', 'c6b7', 'e7e6']","[0.47816699743270874, 0.8572066426277161, 0.8641678094863892]","[0.34505099058151245, 0.8905956745147705, 0.9419925808906555]","['a6b5', 'c6a8', 'd8a8']","[0.34505099058151245, 0.8905956745147705, 0.9419925808906555]",r2q2kr/2p3pp/bpQ1R3/p2p4/3P4/2P2N2/P4PPP/R5K1 b - - 0 19
aseh5,8/p1Q5/1p2p1p1/2p1kpn1/8/P7/1P1n1P2/KBq5 b - - 16 38,e5d4 c7d6 d4c4 d6d3,1923,82,86,135,endgame mate mateIn2 short,https://lichess.org/6S6utuRb/black#75,,"['c7d6', 'd4c4', 'd6d3']","[0.4702908396720886, 1.0, 0.35360613465309143]","['c7d6', 'd4c4', 'd6d3']","[0.007104520220309496, 0.9527639150619507, 0.04013156145811081]","['c7d6', 'd4c4', 'd6d3']","['c7d7', 'd4e5', 'd7c7']","[0.4754599332809448, 1.0, 0.9259894490242004]","[0.31672316789627075, 0.8028886318206787, 0.8832899332046509]","['c7d6', 'd4c4', 'd6d3']","[0.4754599332809448, 1.0, 0.9259894490242004]",8/p1Q5/1p2p1p1/2p2pn1/3k4/P7/1P1n4/KBq5 w - - 17 39
atfdw,r4r2/pp2R1k1/3p1np1/3P3p/1nP5/1P4P1/PB5P/R5K1 b - - 2 24,f8f7 e7f7 g7f7 a1f1,1935,75,95,6719,advantage middlegame short,https://lichess.org/Oj6wPxTS/black#47,,"['e7f7', 'g7f7', 'a1f1']","[0.0529925599694252, 0.5893811583518982, 0.8803547620773315]","['a1f1', 'g7f7', 'a1f1']","[0.0022280735429376364, 0.9946063160896301, 0.0031655775383114815]","['b2f6', 'g7f6', 'e7e6']","['e7f7', 'g7f7', 'a1f1']","[0.32239899039268494, 0.7883933186531067, 0.7212573885917664]","[0.30003005266189575, 0.9578473567962646, 0.9505410194396973]","['b2f6', 'g7f6', 'e7e6']","[0.30003005266189575, 0.9578473567962646, 0.9505410194396973]",r7/pp2Rrk1/3p1npn/3P3p/2P5/1P4P1/PB5P/R5K1 w - - 3 25
avchO,2r3k1/Q2R1ppp/4p3/4P3/2q1B3/8/1r3PPP/5RK1 w - - 3 23,d7f7 c4f1 g1f1 c8c1,1386,75,93,3028,attraction mate mateIn2 middlegame sacrifice short,https://lichess.org/Pj5FSWBv#44,,"['c4f1', 'g1f1', 'c8c1']","[0.02315709926187992, 1.0, 0.20667532086372375]","['c4e4', 'g1f1', 'c8c1']","[0.0035697289276868105, 0.9658797979354858, 0.030550535768270493]","['c4f1', 'g1f1', 'c8c1']","['c4e4', 'f7g7', 'g8h8']","[0.5066136717796326, 1.0, 0.8786525130271912]","[0.3041447401046753, 0.7051692605018616, 0.9853469133377075]","['c4f1', 'g1f1', 'c8c1']","[0.5066136717796326, 1.0, 0.8786525130271912]",2r3k1/Q4Rpp/2r1p3/4P3/2q1B3/8/5PPP/5RK1 b - - 0 23
awTlA,3rqnk1/pb2r2p/1p1p3Q/2pP2N1/2P1B3/1P3R2/P5PP/6K1 b - - 6 24,e7e4 f3f8 e8f8 h6h7,1280,77,86,1477,fork mate mateIn2 middlegame short,https://lichess.org/HnnQcVZS/black#47,,"['f3f8', 'e8f8', 'h6h7']","[0.16344070434570312, 1.0, 0.8354125618934631]","['f3f7', 'e8f8', 'h6h7']","[0.0036155281122773886, 0.9877704381942749, 0.008613958023488522]","['f3f8', 'e8f8', 'h6h7']","['g5e4', 'e8e4', 'h6g5']","[0.5359319448471069, 1.0, 0.9067214727401733]","[0.34983566403388977, 0.7072932720184326, 0.9241408705711365]","['f3f8', 'e8f8', 'h6h7']","[0.5359319448471069, 1.0, 0.9067214727401733]",4qnk1/pb5p/1p1p3Q/2pP2N1/2P1r3/1P3R1r/P5PP/6K1 w - - 0 25
azNEN,r3bbnr/5kp1/2p1p2p/p2pP3/PqpP3N/4B3/5PPP/1R1Q1RK1 b - - 3 16,b4e7 d1h5 g7g6 h5g6,1610,76,95,11684,mate mateIn2 middlegame short,https://lichess.org/N6qulQ59/black#31,French_Defense French_Defense_Advance_Variation,"['d1h5', 'g7g6', 'h5g6']","[0.3363300859928131, 1.0, 0.25385966897010803]","['d1f3', 'g7g6', 'h4g6']","[0.004306400660425425, 0.9897875785827637, 0.00590597465634346]","['d1h5', 'g7g6', 'h5g6']","['d1f3', 'g8f6', 'e5f6']","[0.45272478461265564, 1.0, 0.9250171780586243]","[0.36551162600517273, 0.9942649006843567, 0.769010066986084]","['d1h5', 'g7g6', 'h5g6']","[0.45272478461265564, 1.0, 0.9250171780586243]",r3bb1r/4qkp1/2p1p2p/p2pP3/P1pP3N/2n1B3/5PPP/1R1Q1RK1 w - - 4 17
b2myL,r2qk2r/2p1bppp/p1n1pn2/1p3b2/2BP4/P1N1PN1P/1P3PP1/R1BQR1K1 w kq - 0 11,c3b5 a6b5 c4b5 d8d5,2210,76,85,147,advantage opening short,https://lichess.org/UKyNz1wi#20,Queens_Gambit_Declined Queens_Gambit_Declined_Chigorin_Defense,"['a6b5', 'c4b5', 'd8d5']","[0.7415742874145508, 0.8492546677589417, 0.4207569658756256]","['a6b5', 'c4b5', 'd8d5']","[0.015030399896204472, 0.9569702744483948, 0.02799934521317482]","['c6a5', 'b5c3', 'a5c4']","['a6b5', 'c4b5', 'd8d5']","[0.4852142930030823, 0.8594578504562378, 0.7965114116668701]","[0.4210343360900879, 0.9214879274368286, 0.8235094547271729]","['c6a5', 'b5c3', 'a5c4']","[0.4210343360900879, 0.9214879274368286, 0.8235094547271729]",r2qk2r/1Rp1bppp/p1n1pn2/1N3b2/2BP4/P3PN1P/1P3PP1/2BQR1K1 b kq - 0 11
bGwt9,3Q4/1p5k/pN4p1/P1R1p2p/4Pb2/1P1R4/4K1q1/8 w - - 3 53,e2d1 g2f1 d1c2 f1c1,1373,77,100,117,endgame mate mateIn2 short,https://lichess.org/342gw74u#104,,"['g2f1', 'd1c2', 'f1c1']","[0.4050624966621399, 1.0, 0.5495877861976624]","['g2f1', 'd1c2', 'f1c1']","[0.0032573300413787365, 0.981759786605835, 0.014982873573899269]","['g2f1', 'd1c2', 'f1c1']","['g2g1', 'd1e2', 'g1g2']","[0.49538880586624146, 1.0, 0.934388279914856]","[0.3002059757709503, 0.953795313835144, 0.7544822096824646]","['g2f1', 'd1c2', 'f1c1']","[0.49538880586624146, 1.0, 0.934388279914856]",3Q4/1p5k/p5p1/P1R1p2p/4Pb2/1P1R4/2N3q1/3K4 b - - 4 53
bIwiJ,4Nk2/5P2/p1b1P1p1/6P1/6p1/2P3P1/R3RK2/3r2r1 w - - 3 39,a2a6 g1f1 f2e3 f1f3,2032,95,85,323,endgame mate mateIn2 short,https://lichess.org/ITqYCX1W#76,,"['g1f1', 'f2e3', 'f1f3']","[0.1603354811668396, 1.0, 0.2255110740661621]","['g1g2', 'f2e3', 'f1f3']","[0.0012001022696495056, 0.9956606030464172, 0.0031393226236104965]","['g1f1', 'f2e3', 'f1f3']","['g1g2', 'f2e3', 'g2g3']","[0.5210729241371155, 1.0, 0.8133022785186768]","[0.31085219979286194, 1.0, 0.7883687019348145]","['g1f1', 'f2e3', 'f1f3']","[0.5210729241371155, 1.0, 0.8133022785186768]",4Nk2/5P2/R3P1p1/6P1/4b1p1/2P3P1/4RK2/3r2r1 b - - 0 39
bJIOM,r4rk1/ppp3p1/2n1N2p/2bpPn2/5B1q/2P5/PPQ3PP/RN3R1K w - - 2 16,e6c5 f5g3 h1g1 g3f1,1928,82,79,38,crushing kingsideAttack middlegame pin short,https://lichess.org/Gw4IA3Zp#30,Kings_Gambit_Accepted Kings_Gambit_Accepted_MacLeod_Defense,"['f5g3', 'h1g1', 'g3f1']","[0.0459011048078537, 0.7870166301727295, 0.725791871547699]","['f5d4', 'h1g1', 'g3f1']","[0.012194798327982426, 0.9397590756416321, 0.04804614558815956]","['f5e3', 'c2f2', 'h4f2']","['f5g3', 'h1g1', 'g3f1']","[0.47840452194213867, 0.8402711749076843, 0.7148142457008362]","[0.416368305683136, 0.9299206733703613, 0.8242797255516052]","['f5e3', 'c2f2', 'h4f2']","[0.416368305683136, 0.9299206733703613, 0.8242797255516052]",r4rk1/ppp3p1/2n4p/2NpPn2/5B1q/2P5/PPQ2RPP/RN5K b - - 0 16
bPBY0,r2q1rk1/pp2bppp/2npbn2/2pN4/2P1PN2/6P1/PP1P2BP/R1BQ1RK1 b - - 0 10,e6g4 d5f6 e7f6 d1g4,1418,75,83,1761,advantage kingsideAttack middlegame short,https://lichess.org/rj8GDjrg/black#19,Sicilian_Defense Sicilian_Defense_Staunton-Cochrane_Variation,"['d5f6', 'e7f6', 'd1g4']","[0.022165462374687195, 0.8860852718353271, 0.6433460712432861]","['d1e1', 'e7f6', 'd1g4']","[0.020814450457692146, 0.9548499584197998, 0.02433553896844387]","['d5f6', 'e7f6', 'd1g4']","['d5e7', 'd8e7', 'd1e1']","[0.48337122797966003, 0.8483090400695801, 0.9356502890586853]","[0.3331410586833954, 0.8268191814422607, 0.7293784022331238]","['d5f6', 'e7f6', 'd1g4']","[0.48337122797966003, 0.8483090400695801, 0.9356502890586853]",r2q1rk1/pp2bppp/2np1n2/2pN4/1NP1P1b1/6P1/PP1P2BP/R1BQ1RK1 w - - 1 11
bXJyt,5k2/p4p1Q/1p1rq3/2p1pR2/8/P2PP1P1/7P/6K1 b - - 4 32,d6d3 h7h8 f8e7 f5e5,1660,75,96,6102,crushing endgame master masterVsMaster pin short,https://lichess.org/Nh3jc46w/black#63,,"['h7h8', 'f8e7', 'f5e5']","[0.263532429933548, 1.0, 0.5244045853614807]","['h7h8', 'f8e7', 'f5e5']","[0.003402640111744404, 0.9891408681869507, 0.00745646096765995]","['f5f7', 'e6f7', 'h7d3']","['h7h8', 'f8e7', 'f5e5']","[0.5145542621612549, 0.9050871133804321, 0.9500200748443604]","[0.332066148519516, 1.0, 0.8760795593261719]","['f5f7', 'e6f7', 'h7d3']","[0.332066148519516, 1.0, 0.8760795593261719]",5k2/p4p1Q/1p2q3/2p1pR2/8/P2rP1P1/p6P/6K1 w - - 0 33
bZY2V,1r5k/1Q5p/1Np1p3/2Pp4/p2P3b/P1K1q3/6RP/6R1 w - - 2 37,c3b4 e3b3 b4a5 b3b5,1736,74,93,819,mate mateIn2 middlegame short,https://lichess.org/vptBoKuh#72,,"['e3b3', 'b4a5', 'b3b5']","[0.08887207508087158, 1.0, 0.030567366629838943]","['h4e1', 'b4a5', 'b8b7']","[0.009031061083078384, 0.9878169894218445, 0.003151912475004792]","['e3b3', 'b4a5', 'b3b5']","['h4e1', 'b4a4', 'e3d4']","[0.4368455111980438, 1.0, 0.8812862038612366]","[0.39495769143104553, 0.9550155997276306, 0.9073056578636169]","['e3b3', 'b4a5', 'b3b5']","[0.4368455111980438, 1.0, 0.8812862038612366]",1r5k/7p/QNp1p3/2Pp4/pK1P3b/P3q3/6RP/6R1 b - - 3 37
baJwk,4R3/5pk1/2Np3P/8/p5K1/q2n2P1/8/7R b - - 0 42,g7g6 e8g8 g6h7 g8g7,2339,85,86,391,crushing endgame short,https://lichess.org/iPFEIp0Y/black#83,,"['e8g8', 'g6h7', 'g8g7']","[0.24591882526874542, 0.6781209111213684, 0.7727745175361633]","['e8g8', 'g6h7', 'g8g7']","[0.005469162482768297, 0.9909406900405884, 0.003590176347643137]","['e8g8', 'g6h7', 'g8g7']","['h6h7', 'd3f2', 'g4f4']","[0.37131041288375854, 0.9745805859565735, 0.9245567917823792]","[0.3096858859062195, 0.7239397168159485, 0.8861767053604126]","['e8g8', 'g6h7', 'g8g7']","[0.37131041288375854, 0.9745805859565735, 0.9245567917823792]",4R3/5p2/2Npn1kP/8/p5K1/q5P1/8/7R w - - 1 43
bn7BO,1rb3r1/3q1Q1k/1pR4p/p2p2p1/N2Pn3/8/PP2B1PP/5RK1 b - - 2 23,g8g7 c6h6 h7h6 f7h5,1891,77,84,357,attraction mate mateIn2 middlegame sacrifice short,https://lichess.org/yvEjqPQ2/black#45,,"['c6h6', 'h7h6', 'f7h5']","[0.030364971607923508, 1.0, 0.6859568953514099]","['f7d7', 'h7h6', 'f7h5']","[0.0150865837931633, 0.9776381850242615, 0.007275193929672241]","['c6h6', 'h7h6', 'f7h5']","['f7d7', 'c8d7', 'c6b6']","[0.5054084658622742, 1.0, 0.8634746670722961]","[0.3877078890800476, 0.9344133734703064, 0.9001365900039673]","['c6h6', 'h7h6', 'f7h5']","[0.5054084658622742, 1.0, 0.8634746670722961]",1rbB4/3q1Qrk/1pR4p/p2p2p1/N2Pn3/8/PP4PP/5RK1 w - - 3 24
bndjD,r4rk1/pppn2pp/3p1p2/2q5/3nPRN1/2NP3P/PPPQ2P1/5RK1 w - - 4 18,a2a3 d4f3 g1h1 f3d2,1142,76,96,7579,crushing doubleCheck middlegame short,https://lichess.org/8vhauT7O#34,Three_Knights_Opening Three_Knights_Opening_Other_variations,"['d4f3', 'g1h1', 'f3d2']","[0.04732189327478409, 1.0, 0.9446665644645691]","['c7c6', 'g1h1', 'f3d2']","[0.011918832547962666, 0.9725558161735535, 0.015525339171290398]","['d4f3', 'g1h1', 'f3d2']","['d4e2', 'g1h2', 'e2f4']","[0.5408507585525513, 1.0, 0.9140672087669373]","[0.36256805062294006, 0.8475687503814697, 0.902640163898468]","['d4f3', 'g1h1', 'f3d2']","[0.5408507585525513, 1.0, 0.9140672087669373]",r4rk1/pppn2pp/3p1p2/2q5/3nPRN1/P1NP3P/1PP2QP1/5RK1 b - - 0 18
bpoPm,r1b2rk1/ppb1qp1p/4pp2/3pP3/8/2PB3N/PP4PP/R2Q1RK1 b - - 0 15,c7e5 d1g4 g8h8 g4h4,2576,88,83,92,crushing middlegame short,https://lichess.org/nYdmIqRG/black#29,Queens_Pawn_Game Queens_Pawn_Game_Other_variations,"['d1g4', 'g8h8', 'g4h4']","[0.17203651368618011, 1.0, 0.511067271232605]","['d1h5', 'g8h8', 'g4h4']","[0.006499444134533405, 0.98539137840271, 0.00810923334211111]","['d1g4', 'g8h8', 'g4h4']","['d3h7', 'g8h7', 'd1h5']","[0.48194634914398193, 1.0, 0.7072707414627075]","[0.404390811920166, 0.7672637104988098, 0.9289261102676392]","['d1g4', 'g8h8', 'g4h4']","[0.48194634914398193, 1.0, 0.7072707414627075]",r4rkb/pp2qp1p/4pp2/3pb3/8/2PB3N/PP4PP/R2Q1RK1 w - - 0 16
bytn2,r1bq1rk1/pp2ppbp/3p2p1/4N3/3B2Q1/1P1B4/P1P2PPP/RN2K2R w KQ - 0 11,e5f7 c8g4 f7d8 g7d4,2324,82,91,1027,advantage capturingDefender opening short,https://lichess.org/fqVr5Qay#20,Indian_Defense Indian_Defense_Spielmann-Indian,"['c8g4', 'f7d8', 'g7d4']","[0.3832548260688782, 0.864100456237793, 0.7693021297454834]","['c8g4', 'f7d8', 'g7d4']","[0.0142418397590518, 0.9691200256347656, 0.016638103872537613]","['d8a5', 'b3b4', 'a5b4']","['c8g4', 'f7d8', 'g7d4']","[0.45945480465888977, 0.7695226073265076, 0.7398070693016052]","[0.4367838203907013, 0.9023554921150208, 0.9168798327445984]","['d8a5', 'b3b4', 'a5b4']","[0.4367838203907013, 0.9023554921150208, 0.9168798327445984]",r1bq1rk1/pp2pNbp/3p2p1/8/6Q1/1P1BB3/P1P2PPP/RN2K2R b KQ - 0 11
cFRDh,r7/pp4k1/2p3p1/3p2q1/3P2b1/2PBbP2/P3Q1K1/4R2R w - - 0 31,e2e3 g4h3 g2h3 a8h8,1788,75,95,9159,attraction doubleCheck mate mateIn2 middlegame sacrifice short,https://lichess.org/v68VR7Gz#60,,"['g4h3', 'g2h3', 'a8h8']","[0.3653353452682495, 0.4645632207393646, 0.29212483763694763]","['g4h3', 'g2h3', 'a8h8']","[0.03439341112971306, 0.6857866048812866, 0.2798199951648712]","['g4f3', 'g2f3', 'a8f8']","['g4h3', 'g2h3', 'a8h8']","[0.5120352506637573, 0.9671071171760559, 0.8194551467895508]","[0.39844638109207153, 0.9479019641876221, 0.9198424220085144]","['g4f3', 'g2f3', 'a8f8']","[0.39844638109207153, 0.9479019641876221, 0.9198424220085144]",r1B5/pp4k1/2p3p1/3p2q1/3P2b1/2P1QP2/P5K1/4R2R b - - 0 31
cK2zE,3r1rk1/1bp2pp1/pb1q1n1p/1p2p1B1/4P3/1BP2Q2/PP1N1PPP/3RR1K1 w - - 0 16,d2c4 b5c4 d1d6 d8d6,2293,76,85,483,advantage master middlegame short,https://lichess.org/laHi6m6a#30,Ruy_Lopez Ruy_Lopez_Morphy_Defense,"['b5c4', 'd1d6', 'd8d6']","[0.3344363868236542, 0.6460257172584534, 0.18028613924980164]","['b5c4', 'd1d6', 'h6g5']","[0.0021351135801523924, 0.9930360913276672, 0.004828829783946276]","['b5c4', 'd1d6', 'd8d6']","['d6e7', 'g5f6', 'e7f6']","[0.3409636914730072, 0.82086580991745, 0.9256852865219116]","[0.3219074606895447, 0.7726468443870544, 0.8453583121299744]","['b5c4', 'd1d6', 'd8d6']","[0.3409636914730072, 0.82086580991745, 0.9256852865219116]",1r3rk1/1bp2pp1/pb1q1n1p/1p2p1B1/2N1P3/1BP2Q2/PP3PPP/3RR1K1 b - - 1 16
cR3WR,3rrbk1/5ppb/2q4p/1p3P2/2p1NQP1/2P4P/1P4B1/2R1R1K1 b - - 1 28,d8d3 e4f6 c6f6 e1e8,882,88,96,1863,advantage deflection discoveredAttack kingsideAttack middlegame short,https://lichess.org/AvmDKbVI/black#55,,"['e4f6', 'c6f6', 'e1e8']","[0.0330403670668602, 0.9079208970069885, 0.3153775930404663]","['g1h1', 'c6f6', 'e1e8']","[0.013674219138920307, 0.9615350961685181, 0.024790700525045395]","['e4f2', 'e8e1', 'c1e1']","['e4f6', 'c6f6', 'e1e8']","[0.35357385873794556, 0.8870416879653931, 0.9913051724433899]","[0.3320960998535156, 0.9255077838897705, 0.8953526020050049]","['e4f2', 'e8e1', 'c1e1']","[0.3320960998535156, 0.9255077838897705, 0.8953526020050049]",4rbk1/5ppb/2q4p/1p3P2/2p1NQP1/2Pr3P/1P1B4/2R1R1K1 w - - 2 29
cWTmP,2k5/ppp1nN1Q/6p1/2b1p3/8/1PB5/PK2q1PP/R6R w - - 3 27,b2c1 c5a3 c3b2 e2b2,1800,445,-100,2,advantage middlegame queensideAttack short,https://lichess.org/IG5dQW2Q#52,,"['c5a3', 'c3b2', 'e2b2']","[0.6735932230949402, 0.15482372045516968, 0.4379381835460663]","['c5a3', 'c1b1', 'e2b2']","[0.0023060478270053864, 0.9940683841705322, 0.0036255652084946632]","['c5a3', 'c3b2', 'e2b2']","['c5e3', 'c1b1', 'e2d3']","[0.49697983264923096, 0.9863450527191162, 0.8358919024467468]","[0.4344121217727661, 0.967829704284668, 0.9154289960861206]","['c5a3', 'c3b2', 'e2b2']","[0.49697983264923096, 0.9863450527191162, 0.8358919024467468]",2k5/ppp1nN1Q/2R3p1/2b1p3/8/1PB5/P3q1PP/2K4R b - - 4 27
ccPX2,2r1r1k1/pp3ppp/1b1B4/1P1bP3/P2pN2q/5Q1P/5PP1/R3R1K1 b - - 2 25,c8c3 e4f6 g7f6 f3d5,1693,75,86,172,crushing discoveredAttack master middlegame short,https://lichess.org/MGzKIIGd/black#49,,"['e4f6', 'g7f6', 'f3d5']","[0.09466050565242767, 0.517966628074646, 0.5578086376190186]","['f3f5', 'g7f6', 'f3d5']","[0.0037801952566951513, 0.9896851778030396, 0.006534635089337826]","['f3f5', 'd5e6', 'f5g5']","['e4f6', 'g7f6', 'f3d5']","[0.4267437756061554, 0.7131741046905518, 0.8445123434066772]","[0.3355274200439453, 0.7320767045021057, 0.8261923789978027]","['f3f5', 'd5e6', 'f5g5']","[0.3355274200439453, 0.7320767045021057, 0.8261923789978027]",6k1/pp3ppp/1b1B4/1P1bP3/P2pN2q/2r1rQ1P/5PP1/R3R1K1 w - - 3 26
ccdue,r1b3k1/pp3pp1/2n4p/4r2n/2P3P1/3B1P1K/P1N2q1P/R1BQ3R w - - 3 19,h1f1 h5f4 c1f4 e5h5,1432,75,93,7080,clearance mate mateIn2 middlegame pin sacrifice short,https://lichess.org/nl4pdHYr#36,Sicilian_Defense Sicilian_Defense_Taimanov_Variation,"['h5f4', 'c1f4', 'e5h5']","[0.10739395767450333, 1.0, 0.30591338872909546]","['f2c5', 'c1f4', 'e5h5']","[0.006530806887894869, 0.9800173044204712, 0.013451920822262764]","['h5f4', 'c1f4', 'e5h5']","['f2b6', 'h3g2', 'h5f6']","[0.35688963532447815, 1.0, 0.8630144000053406]","[0.3199332654476166, 0.7686507105827332, 0.8783092498779297]","['h5f4', 'c1f4', 'e5h5']","[0.35688963532447815, 1.0, 0.8630144000053406]",r5k1/ppb2pp1/2n4p/4r2n/2P3P1/3B1P1K/P1N2q1P/R1BQ1R2 b - - 4 19
chVqO,5R2/p1K4k/q5p1/p1P5/1b6/8/5Qp1/8 b - - 13 59,b4c5 f2h4 h7g7 h4h8,1618,75,94,1549,endgame mate mateIn2 short,https://lichess.org/ztvAgwzR/black#117,,"['f2h4', 'h7g7', 'h4h8']","[0.36833059787750244, 1.0, 0.714045524597168]","['f2h4', 'h7g7', 'h4h8']","[0.006937988102436066, 0.9895896315574646, 0.0034723153803497553]","['f2f7', 'h7h6', 'f7f4']","['f2h4', 'h7g7', 'h4h8']","[0.4676530063152313, 1.0, 0.7683364152908325]","[0.34229880571365356, 1.0, 0.8920261859893799]","['f2f7', 'h7h6', 'f7f4']","[0.34229880571365356, 1.0, 0.8920261859893799]",8/p1K4k/q5p1/p1b1R3/8/8/5Qp1/8 w - - 0 60
cnkMj,6k1/p1p2pq1/3p2p1/r5P1/2P2P2/rnR1P2P/P1Q3BK/R7 w - - 0 35,a1d1 b3a1 c3a3 a1c2,1903,74,92,4926,advantage master middlegame short,https://lichess.org/xvfrUqgs#68,,"['b3a1', 'c3a3', 'a1c2']","[0.08251802623271942, 0.3826391398906708, 0.6684119701385498]","['a3a2', 'c3a3', 'a1c2']","[0.011465220712125301, 0.9661518931388855, 0.02238287590444088]","['b3c5', 'c3a3', 'a5a3']","['b3a1', 'c3a3', 'a1c2']","[0.43697449564933777, 0.9178577661514282, 0.93180912733078]","[0.3776804208755493, 0.8852373957633972, 0.9345228672027588]","['b3c5', 'c3a3', 'a5a3']","[0.3776804208755493, 0.8852373957633972, 0.9345228672027588]",6k1/p1p2pq1/3p2p1/rR4P1/2P2P2/rn2P2P/P1Q3BK/3R4 b - - 1 35
d3KW5,5r1k/1p1r2pp/3P1p2/1pQ1nq2/4p1b1/4P1P1/BB1R1PP1/2R3K1 w - - 4 32,c5b5 e5f3 g2f3 f5b5,1484,77,92,5301,advantage discoveredAttack middlegame short,https://lichess.org/qWhxy3iV#62,,"['e5f3', 'g2f3', 'f5b5']","[0.012104402296245098, 0.7155443429946899, 0.7536392211914062]","['f8a8', 'g2f3', 'f5b5']","[0.009820172563195229, 0.955245316028595, 0.03493450954556465]","['e5f3', 'g2f3', 'f5b5']","['e5d3', 'b5f5', 'g4f5']","[0.3770039975643158, 0.9759818315505981, 0.9397844672203064]","[0.3008216619491577, 0.8644503355026245, 0.9261369705200195]","['e5f3', 'g2f3', 'f5b5']","[0.3770039975643158, 0.9759818315505981, 0.9397844672203064]",5r1k/1p1r2pp/3P1p2/1Q2nq2/4p1b1/1R2P1P1/BB3PP1/2R3K1 b - - 0 32
dQrzL,3r1k2/1pr2nq1/p2bBp2/5P1Q/4p1R1/7P/PP4P1/3R3K b - - 11 35,g7h6 g4g8 f8g8 h5h6,2313,76,89,1288,crushing middlegame pin short,https://lichess.org/A0q1KWjk/black#69,,"['g4g8', 'f8g8', 'h5h6']","[0.01386935357004404, 0.9024838209152222, 0.287847101688385]","['h5h6', 'f8g8', 'h5h6']","[0.01640731655061245, 0.9110960364341736, 0.07249660044908524]","['e6f7', 'h6h5', 'f7h5']","['g4g8', 'f8g8', 'h5h6']","[0.6377266049385071, 0.9183897972106934, 0.9227041602134705]","[0.3041858673095703, 0.9770979881286621, 0.9365865588188171]","['e6f7', 'h6h5', 'f7h5']","[0.3041858673095703, 0.9770979881286621, 0.9365865588188171]",3r1k2/1pr2n2/p2bBp2/5P1Q/4p1R1/7P/PPq3P1/3R3K w - - 12 36
dUwmv,4r1k1/pp6/6p1/3p4/3P4/2BqN1Pb/PP3P1P/4Q1KR w - - 8 27,e1d1 e8e3 d1d3 e3d3,1274,298,-100,3,crushing middlegame short,https://lichess.org/r3KqgEag#52,,"['e8e3', 'd1d3', 'e3d3']","[0.43628931045532227, 0.713726818561554, 0.801102876663208]","['e8e3', 'd1d3', 'e3d3']","[0.015040362253785133, 0.9242525100708008, 0.06070716679096222]","['e8e3', 'd1d3', 'e3d3']","['d3d1', 'e3d1', 'e8e2']","[0.5076823830604553, 0.8819347620010376, 0.9320727586746216]","[0.33187708258628845, 0.9928020238876343, 0.7790799140930176]","['e8e3', 'd1d3', 'e3d3']","[0.5076823830604553, 0.8819347620010376, 0.9320727586746216]",4r1k1/pp6/6p1/1R1p4/3P4/2BqN1Pb/PP3P1P/3Q2K1 b - - 9 27
dgYbz,r2q1k2/pb2b1p1/1pn1p1B1/3pP2Q/8/2N1p1N1/PPP3PP/6K1 b - - 1 18,e7c5 h5h8 f8e7 h8g7,1250,76,98,430,deflection mate mateIn2 middlegame short,https://lichess.org/WeL2TAmx/black#35,Caro-Kann_Defense Caro-Kann_Defense_Maroczy_Variation,"['h5h8', 'f8e7', 'h8g7']","[0.2258816808462143, 1.0, 0.6294139623641968]","['h5h8', 'f8e7', 'h8g7']","[0.004124159924685955, 0.9916161894798279, 0.004259674809873104]","['h5h8', 'f8e7', 'h8g7']","['h5f3', 'f8g8', 'g6f7']","[0.5471444725990295, 1.0, 0.9154565930366516]","[0.3800264000892639, 0.7257176637649536, 0.7180109024047852]","['h5h8', 'f8e7', 'h8g7']","[0.5471444725990295, 1.0, 0.9154565930366516]",r2q1k2/p4bp1/1pn1p1B1/2bpP2Q/8/2N1p1N1/PPP3PP/6K1 w - - 2 19
dnQCG,3rr1k1/p5p1/bp2PP1p/3p4/2P1qP2/P1Q4P/1B6/2R2RK1 b - - 0 25,e8e6 f6f7 g8f7 c3g7,1392,77,85,661,advancedPawn attraction crushing discoveredAttack kingsideAttack middlegame short,https://lichess.org/rSNxpjHm/black#49,,"['f6f7', 'g8f7', 'c3g7']","[0.038790810853242874, 0.9125626683235168, 0.16929426789283752]","['f1e1', 'g8f7', 'f4f5']","[0.006193784065544605, 0.9897790551185608, 0.004027186892926693]","['c3g3', 'e4e3', 'g3e3']","['f6f7', 'g8f7', 'c3g7']","[0.4246353805065155, 0.8887990117073059, 0.9476217031478882]","[0.33210423588752747, 0.9304256439208984, 0.8862756490707397]","['c3g3', 'e4e3', 'g3e3']","[0.33210423588752747, 0.9304256439208984, 0.8862756490707397]",3r2k1/p5p1/bp2rP1p/3pp3/2P1qP2/P1Q4P/1B6/2R2RK1 w - - 0 26
dpXoi,rk6/1pq2p1p/PQp2p2/4p3/1p1nP3/6P1/5P1P/R2R3K w - - 5 32,a6b7 a8a1 b6c7 b8c7,1419,75,92,1740,crushing endgame short,https://lichess.org/poBN1TYA#62,,"['a8a1', 'b6c7', 'b8c7']","[0.272154837846756, 0.035791438072919846, 0.9518802165985107]","['a8a7', 'd1a1', 'b8c7']","[0.0031049519311636686, 0.986895740032196, 0.009999344125390053]","['a8a1', 'b6c7', 'b8c7']","['c7b7', 'b6d8', 'b7c8']","[0.40820619463920593, 0.9107145667076111, 0.9968311190605164]","[0.30789831280708313, 0.857011616230011, 1.0]","['a8a1', 'b6c7', 'b8c7']","[0.40820619463920593, 0.9107145667076111, 0.9968311190605164]",r3k3/1Pq2p1p/1Qp2p2/4p3/1p1nP3/6P1/5P1P/R2R3K b - - 0 32
drBcM,r3kb1r/1ppnq1p1/p1n1p1Qp/3pP3/8/5N2/PB1N1PPP/2R1R1K1 b kq - 2 15,e8d8 c1c6 b7c6 f3d4,1734,105,79,20,crushing middlegame sacrifice short,https://lichess.org/rySWS1s9/black#29,Scotch_Game Scotch_Game_Scotch_Gambit,"['c1c6', 'b7c6', 'f3d4']","[0.05146118998527527, 0.6270763874053955, 0.41915163397789]","['d2b3', 'b7c6', 'f3d4']","[0.02749558351933956, 0.9423127174377441, 0.03019167110323906]","['c1c6', 'b7c6', 'f3d4']","['d2b3', 'e7e8', 'g6g4']","[0.4311538636684418, 0.8961520791053772, 0.9119448661804199]","[0.3652803301811218, 0.8037774562835693, 0.7145387530326843]","['c1c6', 'b7c6', 'f3d4']","[0.4311538636684418, 0.8961520791053772, 0.9119448661804199]",r2k1b1r/1ppnq1p1/p1n1p2p/3pP3/8/5N2/PB1N1PPP/Q1R1R1K1 w - - 3 16
dxeQy,rnb1kb1r/ppppqNpp/5p2/8/2B1n3/8/PPPP1PPP/RNBQK2R w KQkq - 2 6,f7h8 e4c3 c4e2 c3d1,1390,74,95,16415,advantage discoveredAttack opening pin short,https://lichess.org/FCOOyP8g#10,Russian_Game Russian_Game_Italian_Variation,"['e4c3', 'c4e2', 'c3d1']","[0.32365846633911133, 0.6202051639556885, 0.9886493682861328]","['e4c3', 'c4e2', 'c3d1']","[0.06144146993756294, 0.6897606253623962, 0.24879789352416992]","['e4c3', 'c4e2', 'c3d1']","['e4g3', 'c4e2', 'g3h1']","[0.5717047452926636, 0.8104972243309021, 0.9340438842773438]","[0.3575301468372345, 0.9815182089805603, 0.907767653465271]","['e4c3', 'c4e2', 'c3d1']","[0.5717047452926636, 0.8104972243309021, 0.9340438842773438]",rnb1kb1N/ppppq1pp/5pN1/8/2B1n3/8/PPPP1PPP/R1BQK2R b KQq - 0 6
eK3ax,4Q3/6pp/3BN2k/3pPn2/4bPp1/7P/6r1/3R1K2 w - - 3 34,h3h4 f5g3 f1e1 g2e2,1990,73,94,8311,mate mateIn2 middlegame short,https://lichess.org/Cqw3iXnw#66,,"['f5g3', 'f1e1', 'g2e2']","[0.08802518248558044, 1.0, 0.394554078578949]","['f5e3', 'f1e1', 'g2e2']","[0.002848511328920722, 0.9943041205406189, 0.0028473464772105217]","['f5e3', 'f1e1', 'e3c2']","['f5g3', 'f1e1', 'g2e2']","[0.5515623092651367, 1.0, 0.8816818594932556]","[0.3759830892086029, 1.0, 0.895919680595398]","['f5e3', 'f1e1', 'e3c2']","[0.3759830892086029, 1.0, 0.895919680595398]",4Q3/6pp/3BN2k/3pPn2/4bPpP/8/1R4r1/5K2 b - - 0 34
eSKIm,8/4BR2/4p1p1/P2p2k1/3bq1P1/P6P/7K/8 b - - 2 41,g5h6 g4g5 h6h5 f7h7,1212,75,100,691,endgame,https://lichess.org/vC71Awbh/black#81,,"['g4g5', 'h6h5', 'f7h7']","[0.09864336997270584, 1.0, 0.4326203763484955]","['h2g3', 'h6h5', 'f7h7']","[0.006229576654732227, 0.970687747001648, 0.023082641884684563]","['e7f8', 'h6g5', 'f8e7']","['g4g5', 'h6h5', 'f7h7']","[0.5890858173370361, 0.7103126645088196, 0.9299172759056091]","[0.3674542009830475, 1.0, 0.9600233435630798]","['e7f8', 'h6g5', 'f8e7']","[0.3674542009830475, 1.0, 0.9600233435630798]",8/4B3/4p1pk/P2p4/R2bq1P1/P6P/7K/8 w - - 3 42
ec4j4,5rk1/ppq3p1/2p3Qp/8/3P4/2P3nP/PP1N2Pb/R1B4K w - - 2 28,h1h2 g3f1 h2g1 c7h2,1403,79,95,22464,doubleCheck mate mateIn2 middlegame short,https://lichess.org/TpMwfKgi#54,,"['g3f1', 'h2g1', 'c7h2']","[0.2938803434371948, 0.6935076117515564, 0.3534909784793854]","['g3f1', 'h2g1', 'c7h2']","[0.0013978376518934965, 0.9967579245567322, 0.0018442377913743258]","['g3e2', 'h2h1', 'e2g3']","['g3f1', 'h2g1', 'c7h2']","[0.5304120779037476, 0.8746920228004456, 0.8482024669647217]","[0.33083200454711914, 0.894416868686676, 0.9220092296600342]","['g3e2', 'h2h1', 'e2g3']","[0.33083200454711914, 0.894416868686676, 0.9220092296600342]",6k1/ppq3pr/2p3Qp/8/3P4/2P3nP/PP1N2PK/R1B5 b - - 0 28
edrxj,4r1k1/pppq1p2/1b1p1Qpp/3P4/2P2NP1/6rP/PP6/3R1R1K w - - 0 29,f4g6 g3h3 h1g2 d7g4,1157,75,93,376,kingsideAttack mate mateIn2 middlegame short,https://lichess.org/jUy5uHVF#56,,"['g3h3', 'h1g2', 'd7g4']","[0.31244778633117676, 1.0, 0.34676581621170044]","['f7g6', 'h1g2', 'f7g6']","[0.004108925350010395, 0.9917117357254028, 0.004179271869361401]","['g3h3', 'h1g2', 'd7g4']","['f7g6', 'f6g6', 'g8h8']","[0.47911006212234497, 1.0, 0.8752857446670532]","[0.31077152490615845, 0.8929027318954468, 0.9845470786094666]","['g3h3', 'h1g2', 'd7g4']","[0.47911006212234497, 1.0, 0.8752857446670532]",4r1k1/pppq1p2/1b1pRQNp/3P4/2P3P1/6rP/PP6/3R3K b - - 0 29
ejSn3,2rr2k1/5ppp/p7/1p6/1RnP1B1P/2P2QP1/P3R2K/3q4 b - - 18 35,d8e8 e2e8 c8e8 f3d1,1042,75,99,1388,crushing discoveredAttack middlegame short,https://lichess.org/NJNSby7S/black#69,,"['e2e8', 'c8e8', 'f3d1']","[0.13534854352474213, 1.0, 0.7633044719696045]","['e2e8', 'c8e8', 'f3d1']","[0.014435322023928165, 0.8987442851066589, 0.08682037889957428]","['e2e8', 'c8e8', 'f3d1']","['e2f2', 'd1f3', 'f2f3']","[0.5394443869590759, 1.0, 0.9312563538551331]","[0.3285121023654938, 0.8946418762207031, 0.9290551543235779]","['e2e8', 'c8e8', 'f3d1']","[0.5394443869590759, 1.0, 0.9312563538551331]",2r1r3/k4ppp/p7/1p6/1RnP1B1P/2P2QP1/P3R2K/3q4 w - - 19 36
enpcJ,r4k2/5ppp/4pb2/p2bN3/3Pp3/P1B4P/5PP1/2R3K1 b - - 7 26,a8c8 c3b4 a5b4 c1c8,1495,74,93,4734,crushing discoveredAttack endgame short,https://lichess.org/WeIr3X2M/black#51,,"['c3b4', 'a5b4', 'c1c8']","[0.03380725160241127, 0.028451280668377876, 0.6719231009483337]","['c3d2', 'f8e8', 'c1c8']","[0.01876097358763218, 0.8649425506591797, 0.11629646271467209]","['c3b4', 'a5b4', 'c1c8']","['e5d7', 'f8e7', 'd7f6']","[0.6004353761672974, 0.8777143955230713, 0.9316704273223877]","[0.3484363555908203, 0.7146276235580444, 0.8920836448669434]","['c3b4', 'a5b4', 'c1c8']","[0.6004353761672974, 0.8777143955230713, 0.9316704273223877]",2r3k1/5ppp/4pb2/p2bN3/3Pp3/P1B4P/5PP1/2R3K1 w - - 8 27
entWr,r1bq1rk1/pp2bppp/2p2n2/3pp1B1/4P3/PB1P2N1/1PP1QPPP/R4RK1 b - - 5 14,f6e4 g5e7 e4g3 e2e5,2166,76,96,2138,crushing middlegame short skewer,https://lichess.org/T0WQNk9F/black#27,Four_Knights_Game Four_Knights_Game_Italian_Variation,"['g5e7', 'e4g3', 'e2e5']","[0.6119470000267029, 0.2787882685661316, 0.13070109486579895]","['g5e7', 'd8e7', 'f2g3']","[0.0082229720428586, 0.9826443791389465, 0.00913264974951744]","['d3e4', 'e7g5', 'e4d5']","['g5e7', 'e4g3', 'e2e5']","[0.4683191776275635, 0.9260594844818115, 0.9046990871429443]","[0.32281845808029175, 0.9017879366874695, 0.8928174376487732]","['d3e4', 'e7g5', 'e4d5']","[0.32281845808029175, 0.9017879366874695, 0.8928174376487732]",r2q1rk1/pp2bppp/2p5/3pp1B1/4n3/PB1P2N1/1PP1QPPP/R2b1RK1 w - - 0 15
evbMY,3r2k1/1b3p2/p5pp/Q1pq4/3b4/1P1B1N1P/P4PP1/3R2K1 w - - 0 27,d3c4 d4f2 g1f2 d5d1,1069,80,76,95,crushing discoveredAttack kingsideAttack master middlegame short,https://lichess.org/LGhWeO8E#52,,"['d4f2', 'g1f2', 'd5d1']","[0.0074926638044416904, 0.4767407476902008, 0.5247061848640442]","['d5d6', 'g1f2', 'd5d1']","[0.007221690379083157, 0.9751216769218445, 0.017656641080975533]","['d4f2', 'g1f2', 'd5d1']","['d5d6', 'f3d4', 'c5d4']","[0.5064700841903687, 0.9128376245498657, 0.9291248321533203]","[0.3577747046947479, 0.8373304009437561, 0.8013736009597778]","['d4f2', 'g1f2', 'd5d1']","[0.5064700841903687, 0.9128376245498657, 0.9291248321533203]",3r2k1/1b3p2/p5pp/Q1pq2R1/2Bb4/1P3N1P/P4PP1/6K1 b - - 1 27
eywil,4r1b1/1k4p1/1n2P2p/4R3/7r/5Q2/1P6/4K3 b - - 1 39,b7a7 e5a5 a7b8 f3g3,1768,75,96,3698,crushing endgame short,https://lichess.org/ilLoRLQh/black#77,,"['e5a5', 'a7b8', 'f3g3']","[0.2517779469490051, 1.0, 0.2633988559246063]","['e6e7', 'a7b8', 'f3g3']","[0.09962721914052963, 0.8844654560089111, 0.015907296910881996]","['e5a5', 'a7b8', 'f3g3']","['f3c6', 'e8e6', 'e5e6']","[0.44132000207901, 1.0, 0.8875547051429749]","[0.32292109727859497, 0.9137198328971863, 0.8993711471557617]","['e5a5', 'a7b8', 'f3g3']","[0.44132000207901, 1.0, 0.8875547051429749]",4rb2/k5p1/1n2P2p/4R3/7r/5Q2/1P6/4K3 w - - 2 40
f1eEC,6k1/2p3p1/p2b4/3PpN2/1Pp1r2p/P3P2q/5R1P/6QK b - - 1 36,h3g4 f5h6 g7h6 f2g2,2013,84,87,31,crushing endgame pin sacrifice short,https://lichess.org/ldzCojTQ/black#71,,"['f5h6', 'g7h6', 'f2g2']","[0.3412838280200958, 0.2334602177143097, 0.3605695962905884]","['f5h6', 'g8h7', 'f2g2']","[0.0031220263335853815, 0.9913211464881897, 0.005556812975555658]","['g1g4', 'e4g4', 'h2h3']","['f5h6', 'g7h6', 'f2g2']","[0.33454474806785583, 0.952269434928894, 0.7890624403953552]","[0.314185231924057, 0.9877507090568542, 0.9460746049880981]","['g1g4', 'e4g4', 'h2h3']","[0.314185231924057, 0.9877507090568542, 0.9460746049880981]",6k1/1bp3p1/p7/3PpN2/1Pp1r1qp/P3P3/5R1P/6QK w - - 2 37
f6WVP,8/7p/p1R3b1/4k1p1/1BP1p3/1P2K2P/P5P1/6r1 b - - 0 38,g1g2 b4c3 e5f5 c6f6,1720,77,92,1163,endgame master mate mateIn2 short,https://lichess.org/Nuti0cXH/black#75,,"['b4c3', 'e5f5', 'c6f6']","[0.26208341121673584, 1.0, 0.5615905523300171]","['b4d6', 'e5f5', 'c6f6']","[0.0070380959659814835, 0.9835072755813599, 0.009454675018787384]","['b4c3', 'e5f5', 'c6f6']","['b4d6', 'e5f5', 'c6a6']","[0.5047333836555481, 1.0, 0.9303299188613892]","[0.3601250946521759, 0.738571286201477, 0.8726150393486023]","['b4c3', 'e5f5', 'c6f6']","[0.5047333836555481, 1.0, 0.9303299188613892]",8/7p/p1R3b1/4k1p1/1B2p3/1P2K2P/P5r1/8 w - - 0 39
fEQmV,rnb2r1k/ppq3bp/2p4B/5p1Q/4P3/2N4R/PPP2PPP/R5K1 b - - 5 16,f5e4 h6f4 c8h3 f4c7,1861,75,75,113,advantage middlegame short,https://lichess.org/BCj3iJCk/black#31,Pirc_Defense Pirc_Defense_Classical_Variation,"['h6f4', 'c8h3', 'f4c7']","[0.0056520672515034676, 0.04302075132727623, 0.8549281358718872]","['h6g7', 'c8f5', 'f4c7']","[0.010608930140733719, 0.9734615087509155, 0.015929505228996277]","['h6f4', 'c8h3', 'f4c7']","['h3g3', 'g7h6', 'h5h6']","[0.5076216459274292, 0.7842640280723572, 0.9016149044036865]","[0.3319982886314392, 0.888518214225769, 0.8941140174865723]","['h6f4', 'c8h3', 'f4c7']","[0.5076216459274292, 0.7842640280723572, 0.9016149044036865]",rnb2r1k/ppq3bp/2p4B/8/3Qp3/2N4R/PPP2PPP/R5K1 w - - 0 17
fLnuv,r1b3k1/1pp2p1p/p2n1qpB/3Pr3/3Q4/P7/1PB2PPP/R4RK1 w - - 2 20,f1e1 e5e1 a1e1 f6d4,929,78,83,136,crushing discoveredAttack kingsideAttack middlegame short,https://lichess.org/jQmyLFtN#38,,"['e5e1', 'a1e1', 'f6d4']","[0.06605943292379379, 1.0, 0.7572968006134033]","['d6f5', 'a1e1', 'f6d4']","[0.03302721306681633, 0.4734247028827667, 0.49354809522628784]","['e5e1', 'a1e1', 'f6d4']","['e5e6', 'd4f6', 'e6f6']","[0.4884013533592224, 1.0, 0.9288020133972168]","[0.3306112587451935, 0.8000782132148743, 0.9135230183601379]","['e5e1', 'a1e1', 'f6d4']","[0.4884013533592224, 1.0, 0.9288020133972168]",rqb3k1/1pp2p1p/p2n2pB/3Pr3/3Q4/P7/1PB2PPP/R3R1K1 b - - 3 20
fQJUU,6k1/1p6/4p1p1/3p4/3PP2p/p1r1P2P/1qBQ2P1/3K3R w - - 2 31,c2d3 c3d3 d2d3 a3a2,2302,82,57,38,advancedPawn crushing endgame pin sacrifice short,https://lichess.org/lYzSmais#60,,"['c3d3', 'd2d3', 'a3a2']","[0.10437551140785217, 0.17925313115119934, 0.7011975646018982]","['b2b3', 'd2d3', 'a3a2']","[0.292068749666214, 0.6981862783432007, 0.009744992479681969]","['c3d3', 'd2d3', 'a3a2']","['b2a1', 'd1e2', 'a1h1']","[0.4028831720352173, 0.7531651258468628, 0.8559769988059998]","[0.33758822083473206, 0.9807878732681274, 0.9296793341636658]","['c3d3', 'd2d3', 'a3a2']","[0.4028831720352173, 0.7531651258468628, 0.8559769988059998]",6k1/1p6/4p1p1/3p4/R2PP2p/p1rBP2P/1q1Q2P1/3K4 b - - 3 31
femAc,r3k2r/p1ppqppp/2n5/2b1P3/2Q5/2P1PN1P/PP3KP1/R1B4R b kq - 0 12,c6e5 c4d5 e5c6 b2b4,2222,76,69,90,advantage middlegame short,https://lichess.org/pzZzjb3N/black#23,Indian_Defense Indian_Defense_Lazard_Gambit,"['c4d5', 'e5c6', 'b2b4']","[0.1689087152481079, 0.10442139208316803, 0.4836781919002533]","['c4e4', 'e5f3', 'b2b4']","[0.012714422307908535, 0.9579852223396301, 0.029300371184945107]","['c4e4', 'e5c6', 'e4e7']","['c4d5', 'e5c6', 'b2b4']","[0.4841058850288391, 0.8940120339393616, 0.8434218764305115]","[0.4213941693305969, 0.8889453411102295, 0.7221918702125549]","['c4e4', 'e5c6', 'e4e7']","[0.4213941693305969, 0.8889453411102295, 0.7221918702125549]",r3k1Br/p1ppqppp/8/2b1n3/2Q5/2P1PN1P/PP3KP1/R6R w kq - 0 13
fwgtz,3r3k/6p1/p6p/1p2P1n1/1Q1P2P1/1BP2b2/P2BK2P/q4R2 w - - 4 31,e2f2 g5h3 f2f3 a1f1,2459,90,90,379,crushing deflection middlegame short,https://lichess.org/ZiUa6jlN#60,,"['g5h3', 'f2f3', 'a1f1']","[0.004421331454068422, 0.19992777705192566, 0.8739564418792725]","['a1b2', 'f2g3', 'a1f1']","[0.003067948156967759, 0.9835220575332642, 0.01340998150408268]","['g5h3', 'f2f3', 'a1f1']","['g5e4', 'f2g1', 'a1b2']","[0.47590920329093933, 0.7971093058586121, 0.9439750909805298]","[0.338777095079422, 0.9842633605003357, 0.7707359790802002]","['g5h3', 'f2f3', 'a1f1']","[0.47590920329093933, 0.7971093058586121, 0.9439750909805298]",3r3k/6p1/p6p/1p2PQn1/3P2P1/1BP2b2/P2B1K1P/q4R2 b - - 5 31
g68Yo,1q3bk1/1P3p1p/nBQ1p1p1/r7/p3P3/5P2/PP4PP/3R2K1 b - - 2 27,f8c5 b6c5 a5c5 c6a6,1426,76,100,310,crushing discoveredAttack middlegame short,https://lichess.org/1625m9Ej/black#53,,"['b6c5', 'a5c5', 'c6a6']","[0.0936499536037445, 0.5222944617271423, 0.7334072589874268]","['g1h1', 'a5c5', 'c6a6']","[0.11877176910638809, 0.8727484941482544, 0.00847974605858326]","['b6c5', 'a5c5', 'c6a6']","['g1h1', 'c5b6', 'c6b6']","[0.43827420473098755, 0.8928999304771423, 0.8957993984222412]","[0.3645937740802765, 0.8885610103607178, 0.9087851047515869]","['b6c5', 'a5c5', 'c6a6']","[0.43827420473098755, 0.8928999304771423, 0.8957993984222412]",1qr3k1/1P3p1p/nBQ1p1p1/2b5/p3P3/5P2/PP4PP/3R2K1 w - - 3 28
gDwtd,5rk1/2pR3p/1p1bppp1/p3r3/2B4K/1PN2P2/1P3PR1/8 w - - 0 28,c3e4 e5h5 h4g4 f6f5,1031,80,92,1031,mate mateIn2 middlegame short,https://lichess.org/223bc7Lp#54,,"['e5h5', 'h4g4', 'f6f5']","[0.014317093417048454, 1.0, 0.36741572618484497]","['f8f7', 'h4g4', 'f6f5']","[0.012615203857421875, 0.9630114436149597, 0.024373311549425125]","['b6b5', 'e4d6', 'c7d6']","['e5h5', 'h4g4', 'f6f5']","[0.4106065034866333, 0.9305143356323242, 0.7811140418052673]","[0.32933393120765686, 1.0, 0.9240150451660156]","['b6b5', 'e4d6', 'c7d6']","[0.32933393120765686, 1.0, 0.9240150451660156]",5rk1/2pR3p/1p2ppp1/p3r3/2B1N2K/1P2bP2/1P3PR1/8 b - - 1 28
gVLXM,5r2/1kp3pp/1r1P4/7q/4Q3/4P1Pp/5P2/5RK1 b - - 0 28,b7b8 d6c7 b8c8 e4a8,1598,79,61,93,advancedPawn advantage endgame short,https://lichess.org/fg2m6NAg/black#55,,"['d6c7', 'b8c8', 'e4a8']","[0.3750384449958801, 0.07950504869222641, 0.23401349782943726]","['d6c7', 'b8c7', 'f1a1']","[0.004582385066896677, 0.9789197444915771, 0.016497835516929626]","['f1a1', 'h3h2', 'g1h1']","['d6c7', 'b8c8', 'e4a8']","[0.5300137996673584, 0.7821254134178162, 0.7963152527809143]","[0.3879576325416565, 0.7722651362419128, 0.9154092669487]","['f1a1', 'h3h2', 'g1h1']","[0.3879576325416565, 0.7722651362419128, 0.9154092669487]",1k6/2p3pp/1r1P4/5r1q/4Q3/4P1Pp/5P2/5RK1 w - - 1 29
glsD1,r2qk2r/1Qp2p2/pp2pb2/4n1pp/8/3B4/PPPB1PPP/R3R1K1 b kq - 0 16,e8g8 e1e5 f6e5 b7e4,1915,94,86,21,crushing middlegame sacrifice short,https://lichess.org/jXnqNMOs/black#31,French_Defense French_Defense_Normal_Variation,"['e1e5', 'f6e5', 'b7e4']","[0.02943199872970581, 0.22050203382968903, 0.6013001799583435]","['b7e4', 'a8b8', 'b7e4']","[0.008261289447546005, 0.9752952456474304, 0.01644342951476574]","['e1e5', 'f6e5', 'b7e4']","['d2g5', 'e5d3', 'g5f6']","[0.345594197511673, 0.739185094833374, 0.891221284866333]","[0.3415137529373169, 0.8013564348220825, 0.9084840416908264]","['e1e5', 'f6e5', 'b7e4']","[0.345594197511673, 0.739185094833374, 0.891221284866333]",r2q1rk1/1Qp2p2/pp2pb2/4n1pp/8/3B3K/PPPB1PPP/R3R3 w - - 1 17
gnlCJ,2kr4/pp1n3p/2p1Q3/8/8/P1B3q1/1PP5/3RR1K1 w - - 0 24,g1f1 d8f8 c3f6 f8f6,1190,77,88,756,crushing middlegame short,https://lichess.org/9Kt6T7xs#46,,"['d8f8', 'c3f6', 'f8f6']","[0.5458190441131592, 0.45195671916007996, 0.20095153152942657]","['d8f8', 'f1e2', 'g3f3']","[0.003934870939701796, 0.9851992130279541, 0.010865862481296062]","['d8f8', 'c3f6', 'f8f6']","['g3f3', 'f1g1', 'f3g3']","[0.5111697912216187, 0.7651316523551941, 0.7751274108886719]","[0.42546844482421875, 1.0, 0.9021779298782349]","['d8f8', 'c3f6', 'f8f6']","[0.5111697912216187, 0.7651316523551941, 0.7751274108886719]",2kr4/pp1n3p/1Bp1Q3/8/8/P5q1/1PP5/3RRK2 b - - 1 24
h707Q,1r2r2k/6pp/2p2R2/3p4/1P1Q4/6RP/2q3P1/7K b - - 0 32,c2e4 f6f8 e8f8 d4g7,1187,79,93,3074,discoveredAttack endgame mate mateIn2 sacrifice short,https://lichess.org/RZMCojJT/black#63,,"['f6f8', 'e8f8', 'd4g7']","[0.012594414874911308, 1.0, 0.8078447580337524]","['d4a1', 'e8f8', 'd4g7']","[0.006589872762560844, 0.9795421361923218, 0.013867995701730251]","['f6f8', 'e8f8', 'd4g7']","['d4e4', 'd5e4', 'f6c6']","[0.3704988360404968, 1.0, 0.8990827202796936]","[0.3516189157962799, 0.8197532296180725, 0.8276194930076599]","['f6f8', 'e8f8', 'd4g7']","[0.3704988360404968, 1.0, 0.8990827202796936]",1r2r2k/6pp/2p2R2/3p4/1P1Qq3/5R1P/6P1/7K w - - 1 33
hJnNC,r2q3r/pp1n1pp1/2nNpkp1/3p4/1Q3PN1/7P/PPP3P1/R4RK1 b - - 2 21,f6e7 d6f5 e7e8 f5g7,1984,72,95,12215,doubleCheck mate mateIn2 middlegame short,https://lichess.org/3IiNXYs1/black#41,,"['d6f5', 'e7e8', 'f5g7']","[0.031802501529455185, 1.0, 0.205002561211586]","['b4a3', 'e7e8', 'f5d6']","[0.01062135398387909, 0.9727944731712341, 0.01658417470753193]","['d6f5', 'e7e8', 'f5g7']","['d6c8', 'e7e8', 'c8d6']","[0.5068134665489197, 1.0, 0.8019300103187561]","[0.31795015931129456, 1.0, 0.8960844874382019]","['d6f5', 'e7e8', 'f5g7']","[0.5068134665489197, 1.0, 0.8019300103187561]",r2q3r/pp1nkpp1/2nNp1p1/2Np4/1Q3P2/7P/PPP3P1/R4RK1 w - - 3 22
hLVLD,3r2k1/2Q3p1/4p2p/p3P2q/1p1r1p2/5n1n/PP2BPNP/3R1R1K w - - 0 33,d1d4 h3f2 f1f2 h5h2,1408,75,94,99,discoveredAttack kingsideAttack mate mateIn2 middlegame short,https://lichess.org/myRRv4Tk#64,,"['h3f2', 'f1f2', 'h5h2']","[0.040847234427928925, 1.0, 0.5761789679527283]","['d8d4', 'f1f2', 'h5h2']","[0.007731009274721146, 0.9700008630752563, 0.0222681425511837]","['h3f2', 'f1f2', 'h5h2']","['d8d4', 'c7c8', 'g8h7']","[0.5182088613510132, 1.0, 0.8910340666770935]","[0.4033108949661255, 0.7953676581382751, 0.9578115940093994]","['h3f2', 'f1f2', 'h5h2']","[0.5182088613510132, 1.0, 0.8910340666770935]",3r1Nk1/2Q3p1/4p2p/p3P2q/1p1R1p2/5n1n/PP2BP1P/5R1K b - - 0 33
hQzdS,r3r1k1/1p1b1ppp/5n2/2Ppq3/nP6/1Q2BP2/4NKPP/3R1B1R w - - 3 19,e2d4 a4c5 b4c5 d7a4,2113,76,73,66,advantage clearance middlegame sacrifice short,https://lichess.org/qQRBdWfj#36,,"['a4c5', 'b4c5', 'd7a4']","[0.05497124418616295, 0.4689146876335144, 0.5447098016738892]","['b7b6', 'b4c5', 'd7a4']","[0.014344114810228348, 0.9525361657142639, 0.03311968594789505]","['a4c5', 'b4c5', 'd7a4']","['a4b2', 'd1e1', 'b2c4']","[0.4509291648864746, 0.7082951068878174, 0.8989546895027161]","[0.36373627185821533, 0.834169864654541, 0.860720157623291]","['a4c5', 'b4c5', 'd7a4']","[0.4509291648864746, 0.7082951068878174, 0.8989546895027161]",r3r1k1/1p1b1ppp/5n2/2Ppq3/nP1N4/RQ2BP2/5KPP/3R1B2 b - - 4 19
hXziu,8/5ppk/4r3/3Q1K1p/5P2/8/7P/8 w - - 1 55,h2h4 g7g6 f5g5 f7f6,1096,80,89,223,endgame mate mateIn2 queenRookEndgame short,https://lichess.org/liv7lCJG#108,,"['g7g6', 'f5g5', 'f7f6']","[0.05004158616065979, 1.0, 0.012108401395380497]","['h7g8', 'f5g5', 'h7g7']","[0.014801863580942154, 0.9655701518058777, 0.019627926871180534]","['g7g6', 'f5g5', 'f7f6']","['h7h6', 'd5e6', 'f7e6']","[0.4213458299636841, 1.0, 0.9245311617851257]","[0.31098246574401855, 0.8697094917297363, 0.9415990710258484]","['g7g6', 'f5g5', 'f7f6']","[0.4213458299636841, 1.0, 0.9245311617851257]",5K2/5ppk/4r3/3Q3p/5P1P/8/8/8 b - - 0 55
hdUXt,rnbq1bkr/pppp2pp/8/4N3/3pn3/5Q2/PPP2PPP/RNB1K2R b KQ - 3 7,e4d6 f3d5 d6f7 d5f7,1371,76,93,4930,kingsideAttack mate mateIn2 opening short,https://lichess.org/wWLeUQ4k/black#13,Bishops_Opening Bishops_Opening_Urusov_Gambit,"['f3d5', 'd6f7', 'd5f7']","[0.385318785905838, 1.0, 0.8642511963844299]","['f3d5', 'd6f7', 'd5f7']","[0.0199770238250494, 0.8626837134361267, 0.11733926087617874]","['f3d5', 'd6f7', 'd5f7']","['f3b3', 'd6c4', 'b3c4']","[0.5616878271102905, 1.0, 0.785262405872345]","[0.3293178975582123, 0.8919270038604736, 0.814860999584198]","['f3d5', 'd6f7', 'd5f7']","[0.5616878271102905, 1.0, 0.785262405872345]",r1bq1bkr/pppp2pp/3n4/4N1n1/3p4/5Q2/PPP2PPP/RNB1K2R w KQ - 4 8
hhCTC,r4rk1/1bqp1p1p/1pn1pbp1/p7/1pPP1N2/4P1P1/PB3PBP/1R1Q1RK1 b - - 3 14,c6e7 d4d5 f6b2 d5d6,1869,73,96,6356,advantage middlegame sacrifice short,https://lichess.org/yWkCM3Gp/black#27,English_Opening English_Opening_Symmetrical_Variation,"['d4d5', 'f6b2', 'd5d6']","[0.27203091979026794, 0.6675911545753479, 0.4515775144100189]","['e3e4', 'f6b2', 'd5d6']","[0.009197080507874489, 0.9649619460105896, 0.025840988382697105]","['d4d5', 'f6b2', 'd5d6']","['g2b7', 'c7b7', 'a2a3']","[0.4127570390701294, 0.756472110748291, 0.7061790823936462]","[0.331392765045166, 0.9186905026435852, 0.7040405869483948]","['d4d5', 'f6b2', 'd5d6']","[0.4127570390701294, 0.756472110748291, 0.7061790823936462]",r4rk1/1bqpnp1p/1p2pbp1/p7/1pPP1N2/4P1PQ/PB3PBP/1R3RK1 w - - 4 15
hsP3A,6k1/2N4R/1p4P1/4n1B1/6P1/6bP/5r2/6K1 w - - 5 40,g5f6 e5f3 g1h1 f2h2,1322,77,92,5389,arabianMate endgame master mate mateIn2 short,https://lichess.org/BYw9oQt7#78,,"['e5f3', 'g1h1', 'f2h2']","[0.06467614322900772, 1.0, 0.5071282982826233]","['e5g6', 'g1h1', 'f2h2']","[0.0008972336654551327, 0.9975112676620483, 0.0015914535615593195]","['e5f3', 'g1h1', 'f2h2']","['f2f6', 'c7d5', 'f6g6']","[0.5310918688774109, 1.0, 0.935570240020752]","[0.4192764163017273, 0.881753146648407, 0.7289818525314331]","['e5f3', 'g1h1', 'f2h2']","[0.5310918688774109, 1.0, 0.935570240020752]",6k1/2N5/1p3BP1/4n3/6P1/3R2bP/5r2/6K1 b - - 6 40
i30z5,3R1rk1/7p/R5p1/pN6/P7/5rKP/8/8 w - - 1 48,g3g4 h7h5 g4g5 f8d8,1614,168,70,6,advantage endgame master short,https://lichess.org/LGxfsq4c#94,,"['h7h5', 'g4g5', 'f8d8']","[0.4197629690170288, 0.5995847582817078, 0.8351522088050842]","['h7h5', 'g4g5', 'f8d8']","[0.004381357226520777, 0.9927402138710022, 0.002878494095057249]","['h7h5', 'g4g5', 'f8d8']","['f3f4', 'g4g3', 'f4f3']","[0.48500654101371765, 0.8316755294799805, 0.8539602756500244]","[0.47920748591423035, 0.8597700595855713, 0.9014304280281067]","['h7h5', 'g4g5', 'f8d8']","[0.48500654101371765, 0.8316755294799805, 0.8539602756500244]",5rk1/7p/R5p1/pN6/P5K1/5r1P/8/3R4 b - - 2 48
i63yr,8/8/p1k1p1p1/P2pK1Pp/1P3P1P/8/8/8 b - - 1 43,c6d7 b4b5 a6b5 a5a6,2265,78,87,781,crushing endgame pawnEndgame short,https://lichess.org/rwCgLGP8/black#85,,"['b4b5', 'a6b5', 'a5a6']","[0.23807744681835175, 0.6255728006362915, 0.31726446747779846]","['e5d4', 'a6b5', 'a5a6']","[0.028502387925982475, 0.9609092473983765, 0.010588363744318485]","['b4b5', 'a6b5', 'a5a6']","['e5f6', 'd5d4', 'f6g6']","[0.3116242289543152, 0.9448364973068237, 0.9425460696220398]","[0.304037481546402, 0.9715187549591064, 0.9297122955322266]","['b4b5', 'a6b5', 'a5a6']","[0.3116242289543152, 0.9448364973068237, 0.9425460696220398]",8/3k4/p3p1p1/P2pK1Pp/1P3PpP/8/8/8 w - - 2 44
iAT8I,r5r1/1q5k/3R2pp/2B5/2P3P1/P3p1K1/1PQn4/3R4 w - - 4 39,c5e3 d2e4 g3h2 e4d6,1746,99,82,18,advantage fork middlegame short,https://lichess.org/8Q1krcoj#76,,"['d2e4', 'g3h2', 'e4d6']","[0.7098835110664368, 0.4191451370716095, 0.39525219798088074]","['d2e4', 'g3h2', 'e4d6']","[0.008963908068835735, 0.984437882900238, 0.006598203908652067]","['b7f3', 'g3h2', 'f3e2']","['d2e4', 'g3h2', 'e4d6']","[0.5858636498451233, 0.9005118012428284, 0.732340395450592]","[0.3250015377998352, 0.7530070543289185, 0.9060684442520142]","['b7f3', 'g3h2', 'f3e2']","[0.3250015377998352, 0.7530070543289185, 0.9060684442520142]",r7/1q5k/3R2pp/8/2P3Pr/P3B1K1/1PQn4/3R4 b - - 0 39
iCsoQ,3r2k1/p1q2r1p/2p3pB/3p2N1/8/1P4nP/P1P3Pb/R1Q1R2K w - - 9 28,h1h2 g3f1 h2g1 c7h2,1899,84,77,117,doubleCheck mate mateIn2 middlegame short,https://lichess.org/UVYhQATU#54,,"['g3f1', 'h2g1', 'c7h2']","[0.11993283033370972, 0.7340682744979858, 0.4468192458152771]","['g3e2', 'h2g1', 'c7h2']","[0.0017122406279668212, 0.9942362904548645, 0.004051451571285725]","['g3e2', 'h2h1', 'e2c1']","['g3f1', 'h2g1', 'c7h2']","[0.4532669186592102, 0.9867340326309204, 0.8928821086883545]","[0.3479616045951843, 0.9916977882385254, 0.890086829662323]","['g3e2', 'h2h1', 'e2c1']","[0.3479616045951843, 0.9916977882385254, 0.890086829662323]",3r2k1/p1q2r1p/2p1P1pB/3p2N1/8/1P4nP/P1P3PK/R1Q1R3 b - - 0 28
iEmPE,4nrk1/5pb1/6p1/p1R1p1Np/P1Q1P1qP/1P6/3r1BP1/4R1K1 w - - 5 29,c5c8 d2f2 g1f2 g4h4,1890,74,91,3030,attraction capturingDefender crushing kingsideAttack master masterVsMaster middlegame short,https://lichess.org/MpX4XlXi#56,,"['d2f2', 'g1f2', 'g4h4']","[0.030509671196341515, 0.5291188359260559, 0.3772166967391968]","['e8d6', 'g1f2', 'g4h4']","[0.004816417116671801, 0.9884235262870789, 0.006760106422007084]","['d2f2', 'g1f2', 'g4h4']","['e8d6', 'c8f8', 'g7f8']","[0.3577621579170227, 0.9149465560913086, 0.8690433502197266]","[0.32401740550994873, 0.7712327241897583, 0.961213231086731]","['d2f2', 'g1f2', 'g4h4']","[0.3577621579170227, 0.9149465560913086, 0.8690433502197266]",2R1nrk1/5pb1/6p1/p3p1Np/PqQ1P2P/1P6/3r1BP1/4R1K1 b - - 6 29
iHwGl,8/1p3kp1/p4p2/3N4/3n2q1/P3P3/1PPN2P1/R4RKr w - - 1 27,g1h1 g4h4 h1g1 d4e2,1182,76,95,10850,endgame mate mateIn2 short,https://lichess.org/DgTmcfLG#52,,"['g4h4', 'h1g1', 'd4e2']","[0.18130336701869965, 1.0, 0.6662681698799133]","['g4h5', 'h1g1', 'd4e2']","[0.0040105367079377174, 0.9809895157814026, 0.014999929815530777]","['g4h4', 'h1g1', 'd4e2']","['g4h5', 'h1g1', 'h5d5']","[0.5319709777832031, 1.0, 0.9098445773124695]","[0.32737818360328674, 1.0, 0.8494234681129456]","['g4h4', 'h1g1', 'd4e2']","[0.5319709777832031, 1.0, 0.9098445773124695]",8/1p3kp1/p4p2/3N4/3n2q1/P3P3/1PP3P1/R4RNK b - - 0 27
iMQkF,6k1/1Q3pp1/p6p/8/5P2/4q1PP/P2r4/6RK b - - 4 31,d2a2 b7b8 g8h7 b8b1,1689,74,88,200,crushing endgame short,https://lichess.org/xxc5RyAO/black#61,,"['b7b8', 'g8h7', 'b8b1']","[0.12991492450237274, 0.9962034821510315, 0.6067306995391846]","['b7a8', 'g8h7', 'b8b1']","[0.006960717029869556, 0.9539503455162048, 0.0390889048576355]","['b7c8', 'g8h7', 'c8f5']","['b7b8', 'g8h7', 'b8b1']","[0.5323144197463989, 0.9837409257888794, 0.9220010638237]","[0.4228792190551758, 0.9617512822151184, 0.9335611462593079]","['b7c8', 'g8h7', 'c8f5']","[0.4228792190551758, 0.9617512822151184, 0.9335611462593079]",4k3/1Q3pp1/p6p/8/5P2/4q1PP/r7/6RK w - - 0 32
iYTDH,5bk1/1p3np1/p4pQp/2Pp1N2/1P1P4/P5P1/3BqP1P/6K1 w - - 1 27,d2h6 f7h8 f5e7 e2e7,2612,100,90,2533,advantage endgame short,https://lichess.org/G99MGFsI#52,,"['f7h8', 'f5e7', 'e2e7']","[0.16835516691207886, 0.11201774328947067, 0.7839980125427246]","['f7h8', 'g6g7', 'e2e7']","[0.0018277467461302876, 0.9938021898269653, 0.004370073787868023]","['f7h8', 'f5e7', 'e2e7']","['e2e1', 'g1g2', 'e1e4']","[0.5842185020446777, 0.853324294090271, 0.9889969825744629]","[0.3415749669075012, 1.0, 0.8401111364364624]","['f7h8', 'f5e7', 'e2e7']","[0.5842185020446777, 0.853324294090271, 0.9889969825744629]",5bk1/1p3np1/p4pQB/2Pp1N2/1P1Pp3/P5P1/4qP1P/6K1 b - - 0 27
iYy4Z,1r3rk1/2p2ppp/p1N1b3/1p6/2p1Pq2/QnP5/5PBP/3R1RK1 b - - 1 21,b8b6 a3f8 g8f8 d1d8,1881,81,70,131,attraction kingsideAttack mate mateIn2 middlegame sacrifice short,https://lichess.org/N2F4XS7J/black#41,,"['a3f8', 'g8f8', 'd1d8']","[0.0034396559931337833, 1.0, 0.22141402959823608]","['c6e7', 'g8f8', 'd1d8']","[0.018127823248505592, 0.7764654159545898, 0.2054067850112915]","['c6e7', 'g8h8', 'e7d5']","['a3f8', 'g8f8', 'd1d8']","[0.4888449013233185, 1.0, 0.7538827061653137]","[0.3718757927417755, 1.0, 0.8695700168609619]","['c6e7', 'g8h8', 'e7d5']","[0.3718757927417755, 1.0, 0.8695700168609619]",4qrk1/2p2ppp/prN1b3/1p6/2p1P3/QnP5/5PBP/3R1RK1 w - - 2 22
idkX7,3rrk2/8/2b3Qp/p1pp4/1p6/2P1P2q/PP5P/K5R1 b - - 3 28,e8e6 g6h7 e6g6 h7g6,2878,112,91,789,advantage endgame short,https://lichess.org/KEiEKLVm/black#55,,"['g6h7', 'e6g6', 'h7g6']","[0.029532138258218765, 0.006826211232692003, 0.18973836302757263]","['g6g8', 'f8e8', 'g1g6']","[0.004331533331423998, 0.9827514290809631, 0.012917031534016132]","['g6g8', 'f8e7', 'g1g7']","['g6h7', 'e6g6', 'h7g6']","[0.46817663311958313, 1.0, 0.8843034505844116]","[0.31658628582954407, 0.9031736254692078, 0.930187463760376]","['g6g8', 'f8e7', 'g1g7']","[0.31658628582954407, 0.9031736254692078, 0.930187463760376]",3r1k2/5p2/2b1r1Qp/p1pp4/1p6/2P1P2q/PP5P/K5R1 w - - 4 29
inahM,8/p1k5/1pPb3p/1P2p1p1/6P1/P1R1Br1P/8/6K1 b - - 2 30,f3h3 e3b6 c7b6 c3h3,1272,76,93,4147,crushing discoveredAttack endgame short,https://lichess.org/8DJWwnPl/black#59,,"['e3b6', 'c7b6', 'c3h3']","[0.0018999336753040552, 0.589676022529602, 0.8722499012947083]","['g1g2', 'c7b6', 'c3h3']","[0.005488881375640631, 0.9828665852546692, 0.011644500307738781]","['e3b6', 'c7b6', 'c3h3']","['g1g2', 'h3h4', 'c3c4']","[0.34841758012771606, 0.8881420493125916, 0.9565909504890442]","[0.3299233317375183, 0.9395239353179932, 0.7538635730743408]","['e3b6', 'c7b6', 'c3h3']","[0.34841758012771606, 0.8881420493125916, 0.9565909504890442]",8/p1k5/1pPb3p/1P2p1p1/6P1/P1R1B2r/2p5/6K1 w - - 0 31
jAYfy,1R4nr/p4ppp/6r1/1Q6/4Pk2/5PNb/P2qBP1P/6KR w - - 7 26,b5b3 d2e1 e2f1 e1f1,1730,75,94,2693,kingsideAttack mate mateIn2 middlegame pin short,https://lichess.org/Tx1p5vA3#50,,"['d2e1', 'e2f1', 'e1f1']","[0.33048215508461, 1.0, 0.1239623948931694]","['d2e1', 'e2f1', 'h3f1']","[0.0035784724168479443, 0.9899635910987854, 0.006457875482738018]","['d2e2', 'b3f7', 'g8f6']","['d2e1', 'e2f1', 'e1f1']","[0.40304622054100037, 0.747753918170929, 0.810975193977356]","[0.3811655640602112, 1.0, 0.8338798880577087]","['d2e2', 'b3f7', 'g8f6']","[0.3811655640602112, 1.0, 0.8338798880577087]",1R4nr/p4ppp/6r1/8/2Q1Pk2/5PNb/P2qBP1P/6KR b - - 8 26
jDIQR,4r1k1/Q6p/5np1/8/4p1q1/NP3n2/PBPPKP1P/R4R2 w - - 7 21,b2f6 f3d4 e2e3 d4f5,2354,81,79,229,doubleCheck mate mateIn2 middlegame short,https://lichess.org/UmS7hAJt#40,,"['f3d4', 'e2e3', 'd4f5']","[0.11933310329914093, 0.3428054749965668, 0.7633957862854004]","['f3g1', 'e2e1', 'd4f5']","[0.007250897120684385, 0.9494962692260742, 0.04325275123119354]","['f3d4', 'e2e3', 'd4f5']","['f3g1', 'e2e3', 'g4f3']","[0.3903580605983734, 0.9829216003417969, 0.8591444492340088]","[0.34310320019721985, 0.995927631855011, 0.8484283685684204]","['f3d4', 'e2e3', 'd4f5']","[0.3903580605983734, 0.9829216003417969, 0.8591444492340088]",4r1k1/7p/Q4Bp1/8/4p1q1/NP3n2/P1PPKP1P/R4R2 b - - 0 21
jEgnc,5rk1/1bq2ppp/p7/1pbQ1PB1/8/8/PPP1N1PP/2KR4 w - - 1 19,g5f4 c5e3 c1b1 e3f4,1890,75,83,101,crushing middlegame short,https://lichess.org/Yiuyi7Hl#36,Sicilian_Defense Sicilian_Defense_Najdorf_Variation,"['c5e3', 'c1b1', 'e3f4']","[0.021297970786690712, 0.3369057774543762, 0.36738839745521545]","['b7d5', 'f4e3', 'b7d5']","[0.05852318927645683, 0.9236337542533875, 0.017843050882220268]","['c5e3', 'c1b1', 'e3f4']","['b7d5', 'f4c7', 'd5g2']","[0.4689439535140991, 0.9334626793861389, 0.8504959940910339]","[0.303739994764328, 0.9267165064811707, 0.7374935150146484]","['c5e3', 'c1b1', 'e3f4']","[0.4689439535140991, 0.9334626793861389, 0.8504959940910339]",5r2/1bq2ppp/p7/1pbQ1P2/k4B2/8/PPP1N1PP/2KR4 b - - 2 19
jHYxa,1R6/5kp1/7p/8/3q1P2/P3p1P1/2r1Q2P/6K1 w - - 2 37,b8b7 f7f8 b7b8 f8e7,2642,100,80,163,crushing defensiveMove endgame short,https://lichess.org/cPTfP5UG#72,,"['f7f8', 'b7b8', 'f8e7']","[0.14034055173397064, 0.40579089522361755, 0.5026523470878601]","['f7g8', 'e2c2', 'f8e7']","[0.12270182371139526, 0.8687223196029663, 0.008575865998864174]","['f7g8', 'b7b8', 'g8f7']","['f7f8', 'b7b8', 'f8e7']","[0.3575576841831207, 0.7677900195121765, 0.9658836722373962]","[0.32930177450180054, 0.7938298583030701, 0.8566122651100159]","['f7g8', 'b7b8', 'g8f7']","[0.32930177450180054, 0.7938298583030701, 0.8566122651100159]",8/1R3kp1/7p/8/3q1P2/P3p1P1/2r1Q2P/4K3 b - - 3 37
jJXz6,5k2/5p1p/p4p2/4b3/4N1Q1/1P2q3/r5PP/3R3K b - - 1 30,a2e2 d1d8 f8e7 g4d7,1278,76,93,251,endgame mate mateIn2 short,https://lichess.org/ZQd0Gis0/black#59,,"['d1d8', 'f8e7', 'g4d7']","[0.11031199246644974, 1.0, 0.4354740381240845]","['g4c8', 'f8e7', 'g4d7']","[0.0026843235827982426, 0.9910355806350708, 0.0062800245359539986]","['g4c8', 'f8g7', 'c8g4']","['d1d8', 'f8e7', 'g4d7']","[0.45691680908203125, 0.9529480338096619, 0.9044857621192932]","[0.456510990858078, 1.0, 0.7634239792823792]","['g4c8', 'f8g7', 'c8g4']","[0.456510990858078, 1.0, 0.7634239792823792]",5k2/5p1p/p4p2/6b1/4N1Q1/1P2q3/4r1PP/3R3K w - - 2 31
jRgCL,8/3p4/3P1k2/p1q2p2/2PRb3/KQ2P3/6PP/5R2 w - - 1 41,a3a4 e4c6 b3b5 c5b4,2258,83,90,873,endgame mate mateIn2 pin short,https://lichess.org/sdvAeGsF#80,,"['e4c6', 'b3b5', 'c5b4']","[0.5394183397293091, 1.0, 0.007292383816093206]","['e4c6', 'b3b5', 'c6b5']","[0.0051131839863955975, 0.9737421870231628, 0.021144570782780647]","['e4c6', 'b3b5', 'c5b4']","['e4c2', 'f1f5', 'c5f5']","[0.532974362373352, 1.0, 0.8825033903121948]","[0.407865971326828, 0.9048570990562439, 0.8062504529953003]","['e4c6', 'b3b5', 'c5b4']","[0.532974362373352, 1.0, 0.8825033903121948]",8/2Rp4/3P1k2/p1q2p2/K1P1b3/1Q2P3/6PP/5R2 b - - 2 41
jdehB,2br3r/p1p2p2/2p2pk1/8/4P3/P4PN1/1PP2bPP/1NR1R2K w - - 5 23,g3e2 h8h2 h1h2 d8h8,1547,76,100,272,attraction kingsideAttack mate mateIn2 middlegame sacrifice short,https://lichess.org/NTYyg947#44,,"['h8h2', 'h1h2', 'd8h8']","[0.004475169815123081, 1.0, 0.63657546043396]","['c8a6', 'h1h2', 'd8h8']","[0.004136518109589815, 0.9889302849769592, 0.006933219730854034]","['f2e1', 'c1e1', 'f6f5']","['h8h2', 'h1h2', 'd8h8']","[0.42464056611061096, 0.9434067606925964, 0.8513206243515015]","[0.3998468220233917, 1.0, 0.8946281671524048]","['f2e1', 'c1e1', 'f6f5']","[0.3998468220233917, 1.0, 0.8946281671524048]",2b4r/p1p2p2/2p2pk1/8/4P3/Pr3P2/1PP1NbPP/1NR1R2K b - - 6 23
kFxtI,8/PBn5/5kpp/2p5/1pPp1K1P/1P2r3/8/R7 w - - 3 38,a7a8q c7e6 f4g4 h6h5,1589,75,94,1359,endgame mate mateIn2 short,https://lichess.org/SNcx4NcM#74,,"['c7e6', 'f4g4', 'h6h5']","[0.4521271586418152, 1.0, 0.4808458089828491]","['c7e6', 'f4g4', 'h6h5']","[0.0012128036469221115, 0.9952404499053955, 0.003546774620190263]","['c7e6', 'f4g4', 'h6h5']","['c7a8', 'a1a6', 'f6e7']","[0.3422967791557312, 1.0, 0.876923680305481]","[0.3062439262866974, 0.8460289239883423, 0.7177733182907104]","['c7e6', 'f4g4', 'h6h5']","[0.3422967791557312, 1.0, 0.876923680305481]",Q7/2n5/5kpp/2p5/1pPp1K1P/1P2rB2/8/R7 b - - 0 38
kKswS,6rk/7R/pqp2prB/4p3/4P3/1P4PQ/P1P3KP/6b1 b - - 0 31,h8h7 h6f8 g6h6 h3h6,2096,95,67,43,discoveredAttack endgame mate mateIn2 short,https://lichess.org/xomnM6AI/black#61,,"['h6f8', 'g6h6', 'h3h6']","[0.36273863911628723, 1.0, 0.5796710848808289]","['h6f8', 'g6h6', 'h3h6']","[0.006460885051637888, 0.9730238318443298, 0.020515242591500282]","['h6f8', 'g6h6', 'h3h6']","['h6e3', 'h7g7', 'h3d7']","[0.5132994651794434, 1.0, 0.9286485910415649]","[0.37061941623687744, 0.9913722276687622, 0.7636182904243469]","['h6f8', 'g6h6', 'h3h6']","[0.5132994651794434, 1.0, 0.9286485910415649]",6r1/8/pqpk1prB/4p3/4P3/1P4PQ/P1P3KP/6b1 w - - 0 32
kLmGO,3r2k1/p1Q2p1p/1p4p1/3BR3/3n1q2/P6P/5P2/6K1 b - - 9 37,d8d5 e5e8 g8g7 c7f4,1169,74,94,3876,crushing discoveredAttack endgame master short,https://lichess.org/qf1owJl1/black#73,,"['e5e8', 'g8g7', 'c7f4']","[0.1404387354850769, 1.0, 0.7425261735916138]","['e5e8', 'g8g7', 'c7f4']","[0.006680328398942947, 0.9345393180847168, 0.058780405670404434]","['e5e8', 'g8g7', 'c7f4']","['c7c8', 'g8g7', 'e5d5']","[0.4786842465400696, 1.0, 0.9145891666412354]","[0.4411875903606415, 0.8146328330039978, 0.9151099324226379]","['e5e8', 'g8g7', 'c7f4']","[0.4786842465400696, 1.0, 0.9145891666412354]",6k1/p1Q2p1p/1p4p1/3rR3/3n4/P4q1P/5P2/6K1 w - - 0 38
kTZ22,8/pp1Rkpbp/6p1/5P2/4P1P1/P6P/1PrQ2K1/2q5 b - - 1 33,e7f6 g4g5 f6e5 d7e7,2081,76,92,2064,endgame mate mateIn2 short,https://lichess.org/VuUrtXvs/black#65,,"['g4g5', 'f6e5', 'd7e7']","[0.11534267663955688, 1.0, 0.19121143221855164]","['d7d6', 'f6e5', 'd7e7']","[0.002272868761792779, 0.9889901876449585, 0.008736934512853622]","['d7d6', 'f6e5', 'd6d5']","['g4g5', 'f6e5', 'd7e7']","[0.3943716585636139, 0.871345043182373, 0.9214920997619629]","[0.3622082471847534, 1.0, 0.934194803237915]","['d7d6', 'f6e5', 'd6d5']","[0.3622082471847534, 1.0, 0.934194803237915]",8/pp1R1pbp/5kp1/5P2/4P1P1/P3K2P/1PrQ4/2q5 w - - 2 34
kYRj0,5rk1/pp1b2pp/4p3/4P3/6P1/P3K3/1P2Br1P/2R4R w - - 2 23,h1f1 f2e2 e3e2 d7b5,1477,76,96,15819,attraction crushing endgame sacrifice short,https://lichess.org/Bfp7Qbuo#44,,"['f2e2', 'e3e2', 'd7b5']","[0.0430569052696228, 0.8504365086555481, 0.41336968541145325]","['f2f1', 'e3e2', 'd7b5']","[0.010314292274415493, 0.9597786068916321, 0.029907122254371643]","['f2h2', 'f1f8', 'g8f8']","['f2e2', 'e3e2', 'd7b5']","[0.41862577199935913, 0.735204815864563, 1.0]","[0.37819960713386536, 0.9279858469963074, 0.9379496574401855]","['f2h2', 'f1f8', 'g8f8']","[0.37819960713386536, 0.9279858469963074, 0.9379496574401855]",b4rk1/pp4pp/4p3/4P3/6P1/P3K3/1P2Br1P/2R2R2 b - - 3 23
kcB1E,1RQ5/p3ppk1/6p1/7p/P1P2PK1/4PrP1/7P/4n1n1 w - - 0 37,g4g5 f7f6 g5h4 e1g2,1749,76,98,667,endgame mate mateIn2 short,https://lichess.org/zFeJJ07V#72,,"['f7f6', 'g5h4', 'e1g2']","[0.2502340078353882, 1.0, 0.5619246959686279]","['g1h3', 'g5h4', 'e1g2']","[0.0005517849349416792, 0.9986253976821899, 0.0008227753569371998]","['f7f6', 'g5h4', 'e1g2']","['f3g3', 'g5h4', 'g3g4']","[0.5806176066398621, 1.0, 0.855043888092041]","[0.37138989567756653, 0.8730152249336243, 0.8883347511291504]","['f7f6', 'g5h4', 'e1g2']","[0.5806176066398621, 1.0, 0.855043888092041]",1RQ5/p3ppk1/n5p1/6Kp/P1P2P2/4PrP1/7P/4n3 b - - 1 37
km54m,2r2k2/pp1b1BR1/8/3p1pB1/3Pn1P1/qP3N2/P3QP2/1K6 w - - 7 37,g7h7 e4c3 b1a1 c3e2,1401,75,97,6864,crushing fork middlegame short,https://lichess.org/wUfAu3Kn#72,,"['e4c3', 'b1a1', 'c3e2']","[0.7129096388816833, 0.9367175102233887, 0.5271398425102234]","['e4c3', 'b1a1', 'c3e2']","[0.0034390385262668133, 0.9846665859222412, 0.011894331313669682]","['e4c3', 'b1a1', 'c3e2']","['e4g5', 'h7h8', 'f8f7']","[0.543075680732727, 0.9786278605461121, 0.8341002464294434]","[0.31245383620262146, 0.8827985525131226, 0.8098507523536682]","['e4c3', 'b1a1', 'c3e2']","[0.543075680732727, 0.9786278605461121, 0.8341002464294434]",2r2k1N/pp1b1B1R/8/3p1pB1/3Pn1P1/qP6/P3QP2/1K6 b - - 8 37
knANA,3rkr2/1RRn1p2/8/1Q2p2p/3pP3/7P/1P1N1P1K/q7 b - - 5 35,a1e1 b5e5 d7e5 c7e7,1863,78,83,405,mate mateIn2 middlegame sacrifice short,https://lichess.org/trWzRw9s/black#69,,"['b5e5', 'd7e5', 'c7e7']","[0.11100059747695923, 1.0, 0.7676018476486206]","['c7d7', 'd7e5', 'c7e7']","[0.07161659002304077, 0.9145441651344299, 0.013839224353432655]","['c7d7', 'e1f2', 'h2h1']","['b5e5', 'd7e5', 'c7e7']","[0.4581732153892517, 0.8628476858139038, 1.0]","[0.4019033908843994, 1.0, 0.8737004995346069]","['c7d7', 'e1f2', 'h2h1']","[0.4019033908843994, 1.0, 0.8737004995346069]",3rk3/1RRn1p2/8/1Q2p2p/3pP3/7P/1P1N1P1K/3rq3 w - - 6 36
koRrl,6r1/R2R2pk/7p/8/4npN1/7P/Pr4P1/6K1 w - - 2 30,d7e7 b2b1 g1h2 e4g3,1737,92,60,25,crushing defensiveMove endgame short,https://lichess.org/APxZg3FQ#58,,"['b2b1', 'g1h2', 'e4g3']","[0.4150184690952301, 1.0, 0.6199499368667603]","['b2b1', 'g1h2', 'e4g3']","[0.0032858767081052065, 0.9875325560569763, 0.009181538596749306]","['b2b1', 'g1h2', 'e4g3']","['h6h5', 'e7e4', 'h5g4']","[0.4695318937301636, 1.0, 0.741114616394043]","[0.3159222900867462, 0.9118515849113464, 0.8901850581169128]","['b2b1', 'g1h2', 'e4g3']","[0.4695318937301636, 1.0, 0.741114616394043]",6r1/4R1pk/2R4p/8/4npN1/7P/Pr4P1/6K1 b - - 3 30
kzDS7,r3kb1r/1p3ppp/p1n1p3/8/3pQB2/2q1P3/P1N2PPP/2KR1B1R w kq - 0 14,e4d3 f8a3 c1b1 c3b2,1280,75,97,2638,mate mateIn2 opening queensideAttack short,https://lichess.org/iqZpy09g#26,Indian_Defense Indian_Defense_Other_variations,"['f8a3', 'c1b1', 'c3b2']","[0.09071236848831177, 1.0, 0.8555025458335876]","['c3a5', 'c1b1', 'c3b2']","[0.013962268829345703, 0.9376555681228638, 0.04838213697075844]","['c6b4', 'd3c3', 'b4a2']","['f8a3', 'c1b1', 'c3b2']","[0.322583943605423, 0.8844279646873474, 0.8268454074859619]","[0.31151506304740906, 1.0, 0.8493742942810059]","['c6b4', 'd3c3', 'b4a2']","[0.31151506304740906, 1.0, 0.8493742942810059]",r3kb1r/1p3ppp/pRn1p3/8/3p1B2/2qQP3/P1N2PPP/2K2B1R b kq - 1 14
kznTN,1r1r3k/p4Qpp/2p5/4p3/1bB1P3/q5P1/R2B1P1P/6K1 b - - 2 27,d8f8 a2a3 f8f7 d2b4,2064,75,92,956,advantage middlegame short,https://lichess.org/RE2Mv38j/black#53,,"['a2a3', 'f8f7', 'd2b4']","[0.5203251838684082, 0.5355774760246277, 0.07749254256486893]","['a2a3', 'f8f7', 'c4f7']","[0.004597789607942104, 0.9851507544517517, 0.010251402854919434]","['a2a3', 'f8f7', 'd2b4']","['f7h5', 'a3f3', 'h5f3']","[0.4966936707496643, 0.9187232851982117, 0.9223096966743469]","[0.3316347002983093, 0.8773914575576782, 0.905228853225708]","['a2a3', 'f8f7', 'd2b4']","[0.4966936707496643, 0.9187232851982117, 0.9223096966743469]",1r3r1k/p4Qpp/2p5/4p3/2B1P3/q5Pb/R2B1P1P/6K1 w - - 3 28
kztni,3rr2k/1b3pp1/p1n5/1p4q1/1P2B3/P1B1P2P/2Q2PP1/R4RK1 w - - 3 22,e4f3 c6d4 c3d4 b7f3,1856,76,84,72,advantage discoveredAttack middlegame pin short,https://lichess.org/tPMXpEQh#42,,"['c6d4', 'c3d4', 'b7f3']","[0.20558804273605347, 0.36625033617019653, 0.52848881483078]","['c6e5', 'c3d4', 'b7f3']","[0.02296646684408188, 0.6503901481628418, 0.3266433775424957]","['c6d4', 'c3d4', 'b7f3']","['c6b4', 'c2e2', 'b4d5']","[0.44392794370651245, 0.7056525945663452, 0.9179767966270447]","[0.438854455947876, 0.8358101844787598, 0.8666427731513977]","['c6d4', 'c3d4', 'b7f3']","[0.44392794370651245, 0.7056525945663452, 0.9179767966270447]",3rr2k/1b3pp1/p1n5/1p4q1/1P6/P1B1PB1P/2Q2PP1/R4R1K b - - 4 22
l0fMx,5r2/3q4/1pkp4/8/Q1PpP1b1/6P1/PP4P1/2K4R b - - 3 30,c6c7 h1h7 f8f1 c1d2,2041,76,83,60,advantage defensiveMove endgame pin short,https://lichess.org/9lPgLPm6/black#59,,"['h1h7', 'f8f1', 'c1d2']","[0.0045524402521550655, 0.34564200043678284, 0.408086895942688]","['a4a7', 'd7h7', 'c1c2']","[0.011771438643336296, 0.9649633765220642, 0.023265182971954346]","['a4a7', 'c7c6', 'a7a4']","['h1h7', 'f8f1', 'c1d2']","[0.47821447253227234, 0.9262670874595642, 0.7034947276115417]","[0.38429543375968933, 0.7187954187393188, 0.9699388146400452]","['a4a7', 'c7c6', 'a7a4']","[0.38429543375968933, 0.7187954187393188, 0.9699388146400452]",5r2/2kq4/1pbp4/8/Q1PpP3/6P1/PP4P1/2K4R w - - 4 31
l9ZEB,2r2rk1/4Rppp/3q1n2/pb1P4/3N4/1B2Q2P/5PP1/3R2K1 b - - 1 23,f6d5 b3d5 d6d5 e7e5,2535,84,58,104,advantage middlegame short,https://lichess.org/7d4FmGTQ/black#45,,"['b3d5', 'd6d5', 'e7e5']","[0.11040690541267395, 0.4841763377189636, 0.42420074343681335]","['d4f5', 'd6d5', 'e7e5']","[0.009101815521717072, 0.9845112562179565, 0.006386891473084688]","['d4f5', 'd5e3', 'f5d6']","['b3d5', 'd6d5', 'e7e5']","[0.3876197934150696, 0.8808304071426392, 0.9072564840316772]","[0.3241170048713684, 0.7805995345115662, 0.8972758650779724]","['d4f5', 'd5e3', 'f5d6']","[0.3241170048713684, 0.7805995345115662, 0.8972758650779724]",2r2rk1/4Rppp/2bq4/p2n4/3N4/1B2Q2P/5PP1/3R2K1 w - - 0 24
lCEjh,r2r4/pb2q1kQ/1p2pp1p/3p2pP/2pP2P1/2P1P1n1/PP1N4/1BR1K2R b K - 1 24,g7f8 h7h8 f8f7 b1g6,1578,75,94,3042,mate mateIn2 middlegame short,https://lichess.org/SrxlGlHB/black#47,,"['h7h8', 'f8f7', 'b1g6']","[0.25659406185150146, 1.0, 0.011049749329686165]","['h7h6', 'f8f7', 'h8h7']","[0.048825982958078384, 0.9310740828514099, 0.020099934190511703]","['h7h6', 'e7g7', 'h6g7']","['h7h8', 'f8f7', 'b1g6']","[0.5071331858634949, 0.8623810410499573, 0.9282621145248413]","[0.4295117259025574, 1.0, 0.790404200553894]","['h7h6', 'e7g7', 'h6g7']","[0.4295117259025574, 1.0, 0.790404200553894]",r2r1k2/pb5Q/1p2pp1p/3p2pP/2pP2P1/2P1P1n1/PP1N2q1/1BR1K2R w K - 2 25
lHLnE,6k1/p5pp/2pq1p1r/2ppnr2/5R2/1P1PP2P/P1QP1RPK/8 w - - 0 29,f4f5 e5f3 h2h1 d6h2,1928,82,81,170,doubleCheck endgame mate mateIn2 short,https://lichess.org/XbxEcYos#56,,"['e5f3', 'h2h1', 'd6h2']","[0.03593334183096886, 1.0, 0.41544121503829956]","['e5g4', 'h2h1', 'd6h2']","[0.00812886469066143, 0.9851295948028564, 0.006741505581885576]","['e5f3', 'h2h1', 'd6h2']","['e5g4', 'h2g1', 'g4f2']","[0.33942529559135437, 1.0, 0.9113495349884033]","[0.32229742407798767, 0.9953936338424683, 0.7269449830055237]","['e5f3', 'h2h1', 'd6h2']","[0.33942529559135437, 1.0, 0.9113495349884033]",6k1/p5pp/2pq1p1r/2ppnR2/5Q2/1P1PP2P/P2P1RPK/8 b - - 0 29
lKtCn,r2q1rn1/1b1k4/p1nBR2p/1pp3p1/6Q1/P2P4/2P2PPP/bN4K1 b - - 1 20,g8e7 e6e7 d7d6 g4e6,1622,78,95,16609,doubleCheck mate mateIn2 middlegame short,https://lichess.org/lO4noQ68/black#39,,"['e6e7', 'd7d6', 'g4e6']","[0.050406280905008316, 1.0, 0.19072768092155457]","['c2c3', 'd7d6', 'g4e6']","[0.020440656691789627, 0.765972375869751, 0.2135869264602661]","['e6e7', 'd7d6', 'g4e6']","['e6f6', 'd7e8', 'g4h5']","[0.3810160458087921, 1.0, 0.8602851033210754]","[0.3113398551940918, 0.9038242697715759, 0.8838734030723572]","['e6e7', 'd7d6', 'g4e6']","[0.3810160458087921, 1.0, 0.8602851033210754]",r2q1r2/1b2nk2/p1nBR2p/1pp3p1/6Q1/P2P4/2P2PPP/bN4K1 w - - 2 21
laEPj,1Q1b4/1p1k1p2/p1bpp2p/8/2r1PP1P/1N6/qBP3B1/2K4R w - - 8 30,g2f1 c4c2 c1c2 c6e4,2284,78,91,500,attraction crushing master middlegame queensideAttack sacrifice short,https://lichess.org/aFNKLm2W#58,,"['c4c2', 'c1c2', 'c6e4']","[0.009471106342971325, 0.7977281808853149, 0.3867553770542145]","['c4e4', 'c1c2', 'c6e4']","[0.012878700159490108, 0.9803651571273804, 0.006756214890629053]","['a2b3', 'f1c4', 'b3c4']","['c4c2', 'c1c2', 'c6e4']","[0.5266287326812744, 0.9217438101768494, 0.8579761385917664]","[0.30632224678993225, 0.9911700487136841, 0.913546621799469]","['a2b3', 'f1c4', 'b3c4']","[0.30632224678993225, 0.9911700487136841, 0.913546621799469]",bQ1b4/1p1k1p2/p2pp2p/8/2r1PP1P/1N6/qBP5/2K2B1R b - - 9 30
lbfke,B6k/2p2p2/pb1p1P1B/7n/Pp2P3/2P2b2/1P3Pr1/R2QR1K1 w - - 0 24,g1h1 h5g3 f2g3 g2e2,2357,77,93,4707,discoveredAttack kingsideAttack mate mateIn2 middlegame sacrifice short,https://lichess.org/435bkMet#46,,"['h5g3', 'f2g3', 'g2e2']","[0.17192693054676056, 1.0, 0.017301233485341072]","['h5g3', 'f2g3', 'g2g3']","[0.0033986212220042944, 0.9882519841194153, 0.008349436335265636]","['h5g3', 'f2g3', 'g2e2']","['g2f2', 'd1f3', 'f2f3']","[0.49015146493911743, 1.0, 0.9324114322662354]","[0.3439573049545288, 0.9757542610168457, 0.8986138701438904]","['h5g3', 'f2g3', 'g2e2']","[0.49015146493911743, 1.0, 0.9324114322662354]",B6k/2p2p2/pb1p1P1B/7n/Pp2P3/2Pb4/1P3Pr1/R2QR2K b - - 1 24
ldP3y,1q1rr1k1/5ppp/2p5/p1Q1nN2/1p2P3/1P5P/1P1R2PK/3R4 w - - 0 35,d2d8 e5f3 h2h1 b8h2,1910,78,71,223,doubleCheck mate mateIn2 middlegame short,https://lichess.org/Q6I5c3jM#68,,"['e5f3', 'h2h1', 'b8h2']","[0.2583392858505249, 1.0, 0.5381501317024231]","['e5f3', 'h2h1', 'b8h2']","[0.002692324575036764, 0.987565815448761, 0.009741929359734058]","['e5g4', 'h2g1', 'e8d8']","['e5f3', 'h2h1', 'b8h2']","[0.39185771346092224, 0.9950337409973145, 0.7449827194213867]","[0.3566993474960327, 1.0, 0.8163787126541138]","['e5g4', 'h2g1', 'e8d8']","[0.3566993474960327, 1.0, 0.8163787126541138]",1q1Rr3/1k3ppp/2p5/p1Q1nN2/1p2P3/1P5P/1P4PK/3R4 b - - 0 35
lfTyG,8/4bk2/4p2p/p2rP2P/8/8/2Q3K1/8 b - - 4 47,d5e5 c2h7 f7e8 h7h8,2285,82,90,1882,crushing endgame master masterVsMaster short,https://lichess.org/Kx97iLoL/black#93,,"['c2h7', 'f7e8', 'h7h8']","[0.30792516469955444, 0.695730984210968, 0.10463964194059372]","['c2h7', 'f7e8', 'h7h6']","[0.007422399707138538, 0.9833130240440369, 0.009264538995921612]","['c2h7', 'f7e8', 'h7h8']","['c2g6', 'f7f8', 'g6h6']","[0.5094319581985474, 0.7928546667098999, 0.7703225016593933]","[0.44455528259277344, 1.0, 0.8526155352592468]","['c2h7', 'f7e8', 'h7h8']","[0.5094319581985474, 0.7928546667098999, 0.7703225016593933]",8/4bk2/4p2p/p3r2P/8/8/1pQ3K1/8 w - - 0 48
lgZsl,5Rk1/5p1p/p3pQp1/n1q5/5P2/5B1P/P5P1/2rR3K b - - 0 32,g8f8 f6h8 f8e7 h8d8,1642,75,95,4506,endgame mate mateIn2 short,https://lichess.org/XlYUrjw7/black#63,,"['f6h8', 'f8e7', 'h8d8']","[0.05732136592268944, 1.0, 0.4931396245956421]","['h1h2', 'f8e7', 'h8d8']","[0.00584573345258832, 0.9879109859466553, 0.006243241485208273]","['d1c1', 'c5c1', 'h1h2']","['f6h8', 'f8e7', 'h8d8']","[0.3722718060016632, 0.9178471565246582, 0.9891232848167419]","[0.3299520015716553, 1.0, 0.8239386081695557]","['d1c1', 'c5c1', 'h1h2']","[0.3299520015716553, 1.0, 0.8239386081695557]",5k2/3p1p1p/p3pQp1/n1q5/5P2/5B1P/P5P1/2rR3K w - - 0 33
lspW2,4k1r1/5p1p/p3p3/3p4/3Bb3/6PP/PPr2P2/1R3RK1 w - - 1 23,b1c1 g8g3 f2g3 c2g2,1362,76,85,678,advantage endgame sacrifice short,https://lichess.org/Y0Va9Apu#44,,"['g8g3', 'f2g3', 'c2g2']","[0.006651893723756075, 0.430379718542099, 0.5330222249031067]","['e8d7', 'g1h2', 'c2g2']","[0.01091252826154232, 0.9789224863052368, 0.010164999403059483]","['g8g3', 'f2g3', 'c2g2']","['e8d7', 'c1c2', 'e4c2']","[0.3443312644958496, 0.9523689150810242, 0.9069254398345947]","[0.33782684803009033, 0.7787482738494873, 0.9390150904655457]","['g8g3', 'f2g3', 'c2g2']","[0.3443312644958496, 0.9523689150810242, 0.9069254398345947]",4k1r1/5p1p/pR2p3/3p4/3Bb3/6PP/PPr2P2/5RK1 b - - 2 23
ltmhQ,1Rr2b1r/Q1pk4/2p1pp2/2P2q1p/3P2pP/P3B3/5PP1/5RK1 b - - 1 23,f8c5 d4c5 c8b8 f1d1,1848,76,77,80,crushing middlegame sacrifice short,https://lichess.org/NenyVLU2/black#45,,"['d4c5', 'c8b8', 'f1d1']","[0.32401394844055176, 0.7892200350761414, 0.8230843544006348]","['d4c5', 'c8b8', 'f1d1']","[0.002934822579845786, 0.9931464791297913, 0.0039187041111290455]","['b8c8', 'c5a7', 'c8h8']","['d4c5', 'c8b8', 'f1d1']","[0.6376566290855408, 0.9161831736564636, 0.9352027773857117]","[0.3109997808933258, 0.8232895135879517, 0.9422218799591064]","['b8c8', 'c5a7', 'c8h8']","[0.3109997808933258, 0.8232895135879517, 0.9422218799591064]",1Rr4r/Q1pk2K1/2p1pp2/2b2q1p/3P2pP/P3B3/5PP1/5R2 w - - 0 24
lvAaj,5r2/pp1k1pb1/1q1pp2p/8/3NQP2/2r3P1/PP5P/1K1RR3 w - - 0 22,d4e6 c3c1 b1c1 b6b2,1766,80,70,45,attraction mate mateIn2 middlegame queensideAttack sacrifice short,https://lichess.org/u6dWEXMY#42,,"['c3c1', 'b1c1', 'b6b2']","[0.04518502578139305, 0.9546667337417603, 0.6638891100883484]","['f8e8', 'b1c1', 'b6b2']","[0.007938075810670853, 0.9577215909957886, 0.034340303391218185]","['f7e6', 'e4e6', 'd7c7']","['c3c1', 'b1c1', 'b6b2']","[0.37865567207336426, 0.8346933722496033, 0.9048996567726135]","[0.3585658669471741, 0.7948226928710938, 0.8897534608840942]","['f7e6', 'e4e6', 'd7c7']","[0.3585658669471741, 0.7948226928710938, 0.8897534608840942]",5r2/pp1kbp2/1q1pN2p/8/4QP2/2r3P1/PP5P/1K1RR3 b - - 0 22
m1kL7,8/4pb1p/3p2pP/p2P2P1/Bp2P3/1Pk1K3/P7/8 b - - 1 44,e7e6 e4e5 e6d5 e5d6,1959,75,87,619,bishopEndgame crushing endgame master short,https://lichess.org/czA2mzrG/black#87,,"['e4e5', 'e6d5', 'e5d6']","[0.10425592213869095, 0.40117117762565613, 0.5670623779296875]","['d5e6', 'd6e5', 'e5d6']","[0.045997440814971924, 0.937574028968811, 0.01642850786447525]","['d5e6', 'f7e6', 'a4e8']","['e4e5', 'e6d5', 'e5d6']","[0.4665450155735016, 0.9734259247779846, 0.7564175724983215]","[0.4205169081687927, 0.9322417974472046, 0.9693106412887573]","['d5e6', 'f7e6', 'a4e8']","[0.4205169081687927, 0.9322417974472046, 0.9693106412887573]",8/5b1p/3pp1pP/p2P2P1/Bp2P3/1PkpK3/P7/8 w - - 0 45
mAyJS,r2r2k1/5pp1/b1p4p/p1N1pP2/1p2P3/1P2Q2P/1Pq3P1/R3R2K w - - 0 25,a1a5 a6f1 e1f1 a8a5,2112,75,91,2619,crushing discoveredAttack middlegame short,https://lichess.org/UBB5h0mA#48,,"['a6f1', 'e1f1', 'a8a5']","[0.04994410276412964, 0.06508103758096695, 0.8337491750717163]","['a6b5', 'a5a8', 'a8a5']","[0.004775501322001219, 0.9836077094078064, 0.0116167813539505]","['a6b5', 'a5a8', 'd8a8']","['a6f1', 'e1f1', 'a8a5']","[0.4696258008480072, 0.8331171274185181, 0.9199484586715698]","[0.463309109210968, 0.8428571224212646, 0.9186400771141052]","['a6b5', 'a5a8', 'd8a8']","[0.463309109210968, 0.8428571224212646, 0.9186400771141052]",r2r2k1/5pp1/b1p4p/R1N1pP2/1p2P3/1P2Q2P/1P1q2P1/4R2K b - - 0 25
mKFVn,5R2/3P4/3r4/8/8/4K3/7p/4k3 w - - 10 75,f8a8 d6d7 a8h8 d7d2,2307,79,85,139,crushing defensiveMove endgame rookEndgame short,https://lichess.org/p3A37Qts#148,,"['d6d7', 'a8h8', 'd7d2']","[0.35240066051483154, 0.35152003169059753, 0.1859813779592514]","['d6d7', 'a8a1', 'd7e7']","[0.00892848614603281, 0.9875739216804504, 0.003497600555419922]","['d6d7', 'a8h8', 'd7d2']","['h2h1q', 'a8a1', 'd6d1']","[0.4523792266845703, 0.8756778240203857, 0.9363045692443848]","[0.3262976408004761, 0.9378438591957092, 1.0]","['d6d7', 'a8h8', 'd7d2']","[0.4523792266845703, 0.8756778240203857, 0.9363045692443848]",R7/3P4/3r4/8/8/4K3/3P3p/4k3 b - - 11 75
mbOyf,r1q1r2k/pp2b2N/6Q1/4p3/2PpR3/1P6/P4PPP/2K5 b - - 0 25,e8g8 g6h6 g8g6 h6g6,1805,79,85,51,crushing middlegame quietMove short,https://lichess.org/lOLWgeYG/black#49,,"['g6h6', 'g8g6', 'h6g6']","[0.12203266471624374, 0.02979852631688118, 0.6347303986549377]","['g6h5', 'g8g7', 'h6g6']","[0.0013729218626394868, 0.9954869151115417, 0.0031401177402585745]","['g6h6', 'g8g6', 'h6g6']","['g6h5', 'c8e8', 'h5h3']","[0.5650991797447205, 0.7060154676437378, 0.8960428237915039]","[0.36421293020248413, 0.7218418121337891, 0.7261133193969727]","['g6h6', 'g8g6', 'h6g6']","[0.5650991797447205, 0.7060154676437378, 0.8960428237915039]",r1q3rk/pp2b2N/6Q1/3Kp3/2PpR3/1P6/P4PPP/8 w - - 1 26
meYIS,4rk2/1R5p/2q3p1/2p2pP1/2P1p3/3PQ1P1/5K1n/1R6 w - - 2 32,e3f4 e4e3 f2g1 h2f3,1841,75,88,178,crushing endgame short,https://lichess.org/DkG07U16#62,,"['e4e3', 'f2g1', 'h2f3']","[0.26493388414382935, 0.379141628742218, 0.7177578210830688]","['h2g4', 'f2e2', 'h2f3']","[0.0018483471358194947, 0.9919499158859253, 0.006201714742928743]","['e4e3', 'f2g1', 'h2f3']","['e4d3', 'b7b8', 'h2g4']","[0.5454461574554443, 0.8195508122444153, 0.863715410232544]","[0.30224576592445374, 0.740624189376831, 0.7642852067947388]","['e4e3', 'f2g1', 'h2f3']","[0.5454461574554443, 0.8195508122444153, 0.863715410232544]",4rk2/1R5p/6p1/2p2pPq/2P1pQ2/3P2P1/5K1n/1R6 b - - 3 32
mjqA5,8/pp4pk/7p/2P2p2/7r/1P1Q1P1q/P4P1P/4R1K1 w - - 0 37,e1e7 h4g4 f3g4 h3d3,1831,78,84,54,advantage endgame short,https://lichess.org/tTMlA8w7#72,,"['h4g4', 'f3g4', 'h3d3']","[0.0033695034217089415, 0.5017414093017578, 0.8404753804206848]","['h3h2', 'f3g4', 'h3d3']","[0.011640637181699276, 0.984257698059082, 0.004101709462702274]","['h4h5', 'e7g7', 'h7g7']","['h4g4', 'f3g4', 'h3d3']","[0.3983548879623413, 0.9233232736587524, 0.9779872298240662]","[0.39650431275367737, 0.9774789214134216, 0.962440013885498]","['h4h5', 'e7g7', 'h7g7']","[0.39650431275367737, 0.9774789214134216, 0.962440013885498]",4K3/pp2R1pk/7p/2P2p2/7r/1P1Q1P1q/P4P1P/8 b - - 1 37
mkfSj,r2qr2k/1b4p1/p2bBn1p/3P1N2/P2QP3/8/6PP/R2R2K1 b - - 0 26,d8c7 f5d6 c7d6 e4e5,2104,77,90,1513,advantage middlegame short,https://lichess.org/dlDtBd1N/black#51,,"['f5d6', 'c7d6', 'e4e5']","[0.15607768297195435, 0.2890781760215759, 0.41920289397239685]","['a1c1', 'c7d6', 'e4e5']","[0.006524359341710806, 0.9826928377151489, 0.010782795026898384]","['f5d6', 'c7d6', 'e4e5']","['a1c1', 'd6h2', 'g1h1']","[0.5610968470573425, 0.8455539345741272, 0.8359336853027344]","[0.34757789969444275, 0.7578731775283813, 0.9621920585632324]","['f5d6', 'c7d6', 'e4e5']","[0.5610968470573425, 0.8455539345741272, 0.8359336853027344]",r3r2k/1bq3p1/p2bBn1p/3P1N2/P3P3/8/6PP/R2R2KQ w - - 1 27
mvMGZ,r5rk/ppR2Qpp/2n5/8/8/7R/P1P3PK/4q3 b - - 3 26,a8f8 h3h7 h8h7 f7h5,1182,74,95,8524,attraction mate mateIn2 middlegame sacrifice short,https://lichess.org/uR43AXab/black#51,,"['h3h7', 'h8h7', 'f7h5']","[0.3632534146308899, 1.0, 0.6411415338516235]","['h3h7', 'h8h7', 'f7h5']","[0.01549774594604969, 0.919563353061676, 0.06493892520666122]","['h3h7', 'h8h7', 'f7h5']","['f7g6', 'e1e5', 'h2g1']","[0.4043244421482086, 1.0, 0.8444640040397644]","[0.35895147919654846, 0.9087769985198975, 0.9563547372817993]","['h3h7', 'h8h7', 'f7h5']","[0.4043244421482086, 1.0, 0.8444640040397644]",6rk/ppR2Qpp/2n1r3/8/8/7R/P1P3PK/4q3 w - - 4 27
mvzri,r5k1/1pp3p1/4pqPp/8/1nP5/1p1PQN2/1P3P2/2KR1R2 w - - 3 29,f1e1 a8a1 c1d2 f6b2,1633,74,93,1154,deflection mate mateIn2 middlegame queensideAttack short,https://lichess.org/Tf20iRSh#56,,"['a8a1', 'c1d2', 'f6b2']","[0.45192065834999084, 1.0, 0.13755154609680176]","['a8a1', 'c1d2', 'a1d1']","[0.003455361118540168, 0.9937418103218079, 0.00280279153957963]","['a8a1', 'c1d2', 'f6b2']","['b4a2', 'c1b1', 'a2c3']","[0.5777826309204102, 1.0, 0.9047370553016663]","[0.3259294629096985, 0.993480920791626, 0.7381724119186401]","['a8a1', 'c1d2', 'f6b2']","[0.5777826309204102, 1.0, 0.9047370553016663]",r5k1/1pp3p1/4pqPp/4p3/1nP5/1p1PQN2/1P3P2/2KRR3 b - - 4 29
n4cNh,3r4/1p6/2p5/p3N1P1/P4n2/2P3k1/1P6/5RK1 w - - 4 40,g5g6 f4e2 g1h1 d8h8,1206,75,84,195,endgame mate mateIn2 short,https://lichess.org/Wp6up6zV#78,,"['f4e2', 'g1h1', 'd8h8']","[0.35904523730278015, 1.0, 0.7520100474357605]","['f4e2', 'g1h1', 'd8h8']","[0.0036514271050691605, 0.986907958984375, 0.009440627880394459]","['f4h3', 'g1h1', 'h3f2']","['f4e2', 'g1h1', 'd8h8']","[0.5054797530174255, 1.0, 0.8477152585983276]","[0.41393962502479553, 1.0, 0.9390783905982971]","['f4h3', 'g1h1', 'h3f2']","[0.41393962502479553, 1.0, 0.9390783905982971]",8/1p6/2p3P1/p3N3/P4n2/1rP3k1/1P6/5RK1 b - - 0 40
n6ORD,3rkr2/3b1B1R/2p2Q2/p3p3/5q2/PPN5/1KP5/8 b - - 0 34,f8f7 h7h8 f7f8 h8f8,1569,74,98,5125,mate mateIn2 middlegame short,https://lichess.org/FeBRP7MR/black#67,,"['h7h8', 'f7f8', 'h8f8']","[0.49779266119003296, 1.0, 0.07704122364521027]","['h7h8', 'f7f8', 'f6g6']","[0.003373956074938178, 0.9913408160209656, 0.005285284947603941]","['h7h8', 'f7f8', 'h8f8']","['h7f7', 'f4f6', 'f7f6']","[0.567736029624939, 1.0, 0.9240932464599609]","[0.3517455458641052, 0.9263995289802551, 0.9551674127578735]","['h7h8', 'f7f8', 'h8f8']","[0.567736029624939, 1.0, 0.9240932464599609]",4k3/3b1r1R/2p2Q2/p3p2r/5q2/PPN5/1KP5/8 w - - 0 35
n7EY4,r4rk1/1bq1bp1p/5P2/pp1pp3/4p3/2PPB3/PP5P/RN1Q1RK1 b - - 0 18,e7c5 d1g4 g8h8 g4g7,953,78,91,211,kingsideAttack mate mateIn2 middlegame short,https://lichess.org/2TxZUNcN/black#35,Pirc_Defense Pirc_Defense_Other_variations,"['d1g4', 'g8h8', 'g4g7']","[0.16688479483127594, 1.0, 0.7080439925193787]","['d3d4', 'g8h8', 'g4g7']","[0.004438485484570265, 0.9890066385269165, 0.006554913241416216]","['d1g4', 'g8h8', 'g4g7']","['e3c5', 'c7c5', 'd3d4']","[0.39052483439445496, 1.0, 0.8989550471305847]","[0.33202216029167175, 0.8619092106819153, 0.9311510920524597]","['d1g4', 'g8h8', 'g4g7']","[0.39052483439445496, 1.0, 0.8989550471305847]",r4r2/1bq2p1p/4kP2/ppbpp3/4p3/2PPB3/PP5P/RN1Q1RK1 w - - 1 19
nFdNP,7r/1rp1kpp1/4bp1p/8/3N4/P5KP/1P4P1/3RR3 b - - 0 21,b7b2 d4c6 e7f8 d1d8,1060,75,96,2587,endgame mate mateIn2 short,https://lichess.org/Evc81se3/black#41,,"['d4c6', 'e7f8', 'd1d8']","[0.0392388179898262, 0.7377526760101318, 0.45982855558395386]","['d4f5', 'e7f8', 'd1d8']","[0.0036418100353330374, 0.9838488101959229, 0.01250933762639761]","['d4c6', 'e7f8', 'd1d8']","['d4f5', 'e7e8', 'f5g7']","[0.47279196977615356, 0.7804616093635559, 0.9280503392219543]","[0.4382708668708801, 0.9952523708343506, 0.7364839315414429]","['d4c6', 'e7f8', 'd1d8']","[0.47279196977615356, 0.7804616093635559, 0.9280503392219543]",2r5/2p1kpp1/4bp1p/8/3N4/P5KP/1r4P1/3RR3 w - - 0 22
nGHx9,1q3rk1/4ppb1/p6B/2pPp2Q/4B3/6P1/P6P/6K1 b - - 2 30,f7f5 h5g6 f8f7 e4f5,2113,76,84,78,crushing endgame short,https://lichess.org/I9tgXRkW/black#59,,"['h5g6', 'f8f7', 'e4f5']","[0.05623572692275047, 0.9018425941467285, 0.444870263338089]","['e4f5', 'f8f7', 'e4f5']","[0.001616158289834857, 0.9937600493431091, 0.00462376931682229]","['h6g7', 'g8g7', 'h5g5']","['h5g6', 'f8f7', 'e4f5']","[0.37997955083847046, 0.7180079221725464, 0.7811971306800842]","[0.3797065019607544, 0.8948320150375366, 0.8817124962806702]","['h6g7', 'g8g7', 'h5g5']","[0.3797065019607544, 0.8948320150375366, 0.8817124962806702]",1q3rk1/4p1b1/p1K4B/2pPpp1Q/4B3/6P1/P6P/8 w - - 0 31
nn4l7,6k1/bb4pp/8/3p4/Q7/4rB2/1qp1NPPP/2R3K1 w - - 0 38,a4a7 b2c1 e2c1 e3e1,1563,86,80,407,backRankMate mate mateIn2 middlegame sacrifice short,https://lichess.org/ebxjQlsX#74,,"['b2c1', 'e2c1', 'e3e1']","[0.0024493446107953787, 1.0, 0.805499255657196]","['e3e2', 'e2c1', 'e3e1']","[0.014017511159181595, 0.9305006861686707, 0.05548182502388954]","['b2c1', 'e2c1', 'e3e1']","['e3e2', 'a7b8', 'g8f7']","[0.44882455468177795, 1.0, 0.91336590051651]","[0.3643609583377838, 0.8774559497833252, 0.9317800402641296]","['b2c1', 'e2c1', 'e3e1']","[0.44882455468177795, 1.0, 0.91336590051651]",6k1/1b4pp/8/3p4/8/4rB2/1qpQNPPP/2R3K1 b - - 0 38
nnCy2,8/p5pk/7p/4R3/4P2r/6q1/PPP1Q1B1/6K1 w - - 1 33,e2f2 h4h1 g1h1 g3f2,1968,75,81,104,advantage deflection endgame pin short,https://lichess.org/wxEuBz83#64,,"['h4h1', 'g1h1', 'g3f2']","[0.07640640437602997, 1.0, 0.8658228516578674]","['g3e5', 'g1h1', 'g3f2']","[0.001979883061721921, 0.9940720200538635, 0.003948042634874582]","['h4h1', 'g1h1', 'g3f2']","['g3h2', 'g1f1', 'h4f4']","[0.49998652935028076, 1.0, 0.9460381269454956]","[0.4592856764793396, 1.0, 0.9469186067581177]","['h4h1', 'g1h1', 'g3f2']","[0.49998652935028076, 1.0, 0.9460381269454956]",8/p4Rpk/7p/8/4P2r/6q1/PPP2QB1/6K1 b - - 2 33
nqGGL,Rk4r1/1p6/1Np5/5p2/3p1n2/1P4qp/1PP1Q3/7K b - - 3 34,b8c7 e2e5 c7b6 e5a5,2093,74,94,10791,endgame mate mateIn2 sacrifice short,https://lichess.org/NR6oJ67f/black#67,,"['e2e5', 'c7b6', 'e5a5']","[0.6621068120002747, 1.0, 0.6141607761383057]","['e2e5', 'c7b6', 'e5a5']","[0.003102893242612481, 0.9892377853393555, 0.0076592545956373215]","['e2e5', 'c7b6', 'e5a5']","['e2e7', 'c7b6', 'e7b4']","[0.5826514959335327, 1.0, 0.8507785797119141]","[0.3243430256843567, 1.0, 0.9146608710289001]","['e2e5', 'c7b6', 'e5a5']","[0.5826514959335327, 1.0, 0.8507785797119141]",R5r1/1pk5/1Np5/2p2p2/3p1n2/1P4qp/1PP1Q3/7K w - - 4 35
o0jtP,5k2/1p3n1P/6R1/8/8/8/5PK1/1r6 b - - 2 35,b7b5 g6g8 f8e7 g8g7,1447,76,90,1403,crushing endgame short,https://lichess.org/2lTokBvd/black#69,,"['g6g8', 'f8e7', 'g8g7']","[0.3364393711090088, 1.0, 0.02007921226322651]","['g6g8', 'f8e7', 'h7h8q']","[0.015529257245361805, 0.9795095324516296, 0.004961158148944378]","['g6g8', 'f8e7', 'g8g7']","['g6f6', 'f8g7', 'f6f7']","[0.41146183013916016, 1.0, 0.835830569267273]","[0.3200790584087372, 0.9745466113090515, 0.9392738938331604]","['g6g8', 'f8e7', 'g8g7']","[0.41146183013916016, 1.0, 0.835830569267273]",5k2/5n1P/6R1/Kp6/8/8/5P2/1r6 w - - 0 36
o3QnY,1qr3k1/5ppp/pbR5/8/3pB3/P6P/1P1Q1PP1/6K1 w - - 5 27,e4h7 g8h7 d2c2 d4d3,1956,75,92,235,advantage endgame hangingPiece short,https://lichess.org/0kvdrWI1#52,,"['g8h7', 'd2c2', 'd4d3']","[0.520041823387146, 0.4545799195766449, 0.5554409623146057]","['g8h7', 'd2c2', 'd4d3']","[0.0016769542125985026, 0.9954494833946228, 0.0028736181557178497]","['g8h8', 'c6c8', 'b8c8']","['g8h7', 'd2c2', 'd4d3']","[0.5913047790527344, 0.8814928531646729, 0.9840391278266907]","[0.34589242935180664, 0.8736640810966492, 0.9521618485450745]","['g8h8', 'c6c8', 'b8c8']","[0.34589242935180664, 0.8736640810966492, 0.9521618485450745]",1qr3k1/5ppB/pbR5/6Q1/3p4/P6P/1P3PP1/6K1 b - - 0 27
o7Jqf,2Rq1r1k/p2B3p/1p1Q1n2/n7/3PP3/4pP2/PP3KPP/8 w - - 0 26,f2e3 d8c8 d6f6 f8f6,1816,75,86,131,advantage middlegame short,https://lichess.org/UlvRLGYF#50,,"['d8c8', 'd6f6', 'f8f6']","[0.12760724127292633, 0.005675546824932098, 0.2403782159090042]","['d8c8', 'd7c8', 'h8g8']","[0.0037613804452121258, 0.9842377305030823, 0.012000867165625095]","['a5c4', 'c8c4', 'f6d7']","['d8c8', 'd6f6', 'f8f6']","[0.37296396493911743, 0.9794580936431885, 0.9358412623405457]","[0.34499767422676086, 0.8986985087394714, 0.9945160746574402]","['a5c4', 'c8c4', 'f6d7']","[0.34499767422676086, 0.8986985087394714, 0.9945160746574402]",2Rq1r1k/p2B3p/Kp1Q1n2/n7/3PP3/5P2/PP4PP/8 b - - 0 26
oEMxd,rq3k2/pp4pp/8/2R5/1Q2bn2/8/P6P/6K1 b - - 2 35,f4d5 c5c8 f8f7 b4f8,1932,91,67,36,advantage doubleCheck endgame short,https://lichess.org/EUb7wPAt/black#69,,"['c5c8', 'f8f7', 'b4f8']","[0.045116670429706573, 1.0, 0.02639484964311123]","['c5d5', 'f8f7', 'c8b8']","[0.023122934624552727, 0.401846706867218, 0.5750303268432617]","['c5d5', 'f8g8', 'b4e4']","['c5c8', 'f8f7', 'b4f8']","[0.5669276714324951, 0.9709281921386719, 0.8869796395301819]","[0.32426416873931885, 1.0, 0.884725034236908]","['c5d5', 'f8g8', 'b4e4']","[0.32426416873931885, 1.0, 0.884725034236908]",rq6/pp4pp/3k4/2Rn4/1Q2b3/8/P6P/6K1 w - - 3 36
oQdiI,1k1r3q/pp6/2npQpb1/6p1/6P1/2P2P2/PPP4P/2KRR3 w - - 5 21,d1d6 d8e8 d6c6 e8e6,1988,77,91,1303,advantage middlegame short,https://lichess.org/VHWKw6gp#40,,"['d8e8', 'd6c6', 'e8e6']","[0.3914770483970642, 0.055917512625455856, 0.6161814332008362]","['d8e8', 'e6e8', 'e8e6']","[0.007264929823577404, 0.9827842712402344, 0.00995081290602684]","['h8h2', 'd6d8', 'c6d8']","['d8e8', 'd6c6', 'e8e6']","[0.46605750918388367, 0.9135265350341797, 0.9928752183914185]","[0.4009357988834381, 0.7781161069869995, 0.7756480574607849]","['h8h2', 'd6d8', 'c6d8']","[0.4009357988834381, 0.7781161069869995, 0.7756480574607849]",3r3q/pp4k1/2nRQpb1/6p1/6P1/2P2P2/PPP4P/2K1R3 b - - 0 21
oREgq,r6k/2RQ4/7p/4p3/p7/4pK2/P1P3P1/2q5 b - - 1 40,a8f8 f3e4 f8f4 e4e5,1216,76,100,118,crushing defensiveMove endgame short,https://lichess.org/Wupw5IeV/black#79,,"['f3e4', 'f8f4', 'e4e5']","[0.5018264055252075, 0.6251427531242371, 0.7573626637458801]","['f3e4', 'f8f4', 'e4e5']","[0.000914911215659231, 0.9978780746459961, 0.0012069736840203404]","['f3e4', 'f8f4', 'e4e5']","['f3g3', 'c1e1', 'g3h2']","[0.4681350886821747, 0.879455029964447, 0.9852348566055298]","[0.367736279964447, 0.8016513586044312, 0.9299771785736084]","['f3e4', 'f8f4', 'e4e5']","[0.4681350886821747, 0.879455029964447, 0.9852348566055298]",5r1k/2R5/7p/4p3/p7/4pK2/P1PQ2P1/2q5 w - - 2 41
ohEk9,8/p4kp1/3Qb3/3pp3/7p/5nrP/P7/5R1K w - - 2 39,d6e5 g3g1 f1g1 f3e5,2120,81,89,918,crushing endgame short,https://lichess.org/RdtXf1hx#76,,"['g3g1', 'f1g1', 'f3e5']","[0.003430225420743227, 1.0, 0.8305405974388123]","['g3h3', 'f1g1', 'f3e5']","[0.00880054198205471, 0.983189582824707, 0.00800988357514143]","['g3g1', 'f1g1', 'f3e5']","['g3h3', 'h1g2', 'h3g3']","[0.3527199923992157, 1.0, 0.95086270570755]","[0.34136998653411865, 0.9930304884910583, 0.7119605541229248]","['g3g1', 'f1g1', 'f3e5']","[0.3527199923992157, 1.0, 0.95086270570755]",8/p3Pkp1/4b3/3pQ3/7p/5nrP/P7/5R1K b - - 0 39
omn1A,r1b1k1nr/1p1p1ppp/pq2p3/8/2PnP2b/2N2P2/PP2QNPP/R1B1KB1R w KQkq - 9 11,c1e3 d4c2 e2c2 b6e3,1565,74,84,137,crushing deflection discoveredAttack opening short,https://lichess.org/0KmkNRdz#20,Sicilian_Defense Sicilian_Defense_Staunton-Cochrane_Variation,"['d4c2', 'e2c2', 'b6e3']","[0.026590930297970772, 0.7249975800514221, 0.9272996783256531]","['e6e5', 'e2c2', 'b6e3']","[0.05300724878907204, 0.8388624787330627, 0.10813026875257492]","['d4e2', 'e3b6', 'e2c3']","['d4c2', 'e2c2', 'b6e3']","[0.3735058009624481, 0.9291367530822754, 0.9360223412513733]","[0.345795601606369, 0.846312940120697, 0.9208149909973145]","['d4e2', 'e3b6', 'e2c3']","[0.345795601606369, 0.846312940120697, 0.9208149909973145]",r1b1k1nr/1p1p1ppp/pq2p2P/8/2PnP2b/2N1BP2/PP2QNPP/R3KB1R b KQkq - 10 11
opGD7,7k/1ppQ3p/p2b2p1/3p4/8/2P2q1P/PP6/3KR3 w - - 2 40,e1e2 f3f1 d1d2 d6f4,2002,75,92,279,crushing endgame short,https://lichess.org/3Rsa9ycS#78,,"['f3f1', 'd1d2', 'd6f4']","[0.1407918632030487, 0.46390604972839355, 0.1758040189743042]","['h8g8', 'd1d2', 'f1f4']","[0.0026925376150757074, 0.9951333403587341, 0.0021740510128438473]","['f3d3', 'e2d2', 'd3b1']","['f3f1', 'd1d2', 'd6f4']","[0.3569566309452057, 0.9073311686515808, 0.7293297648429871]","[0.31381383538246155, 0.8781744837760925, 0.9027600288391113]","['f3d3', 'e2d2', 'd3b1']","[0.31381383538246155, 0.8781744837760925, 0.9027600288391113]",7k/1ppQ3p/p5p1/3p4/8/2P2q1P/PP2R3/b2K4 b - - 3 40
opje4,r3r1k1/pp3pB1/2np1nb1/8/3p2P1/1P3q2/P1PQN3/2KR3R b - - 0 23,e8e2 h1h8 g8g7 d2h6,1517,75,91,1478,kingsideAttack mate mateIn2 middlegame sacrifice short,https://lichess.org/pXiiZaXH/black#45,,"['h1h8', 'g8g7', 'd2h6']","[0.09654857218265533, 1.0, 0.24391120672225952]","['d2h6', 'g8g7', 'd2h6']","[0.0282035730779171, 0.33881905674934387, 0.6329773664474487]","['h1h8', 'g8g7', 'd2h6']","['g7f6', 'f3f6', 'd2e2']","[0.4827396869659424, 1.0, 0.8968961834907532]","[0.350957989692688, 0.8979803323745728, 0.7986593842506409]","['h1h8', 'g8g7', 'd2h6']","[0.4827396869659424, 1.0, 0.8968961834907532]",r5k1/pp3pB1/2np1nb1/8/3p2P1/1P2rq2/P1PQ4/2KR3R w - - 0 24
orNR5,8/8/bp4R1/p2k3r/P7/2Kp4/3N4/8 b - - 4 62,d5c5 d2e4 c5d5 e4f6,1265,92,57,27,advantage endgame master short,https://lichess.org/bVMDiHVX/black#123,,"['d2e4', 'c5d5', 'e4f6']","[0.4860134720802307, 1.0, 0.31935417652130127]","['d2e4', 'c5d5', 'e4f6']","[0.0039801280945539474, 0.986985981464386, 0.00903384294360876]","['d2e4', 'c5d5', 'e4f6']","['d2b3', 'c5d5', 'g6b6']","[0.48806315660476685, 1.0, 0.9200602769851685]","[0.40336450934410095, 1.0, 0.8082799315452576]","['d2e4', 'c5d5', 'e4f6']","[0.48806315660476685, 1.0, 0.9200602769851685]",8/2r5/bp4R1/p1k5/P7/2Kp4/3N4/8 w - - 5 63
owQuJ,8/2p5/1p1k4/1P1p2p1/1K1P1p1p/2P2P1P/6P1/8 b - - 3 46,c7c5 d4c5 b6c5 b4a5,1086,76,89,219,crushing defensiveMove endgame pawnEndgame short,https://lichess.org/cQiHEFe8/black#91,,"['d4c5', 'b6c5', 'b4a5']","[0.003125609364360571, 0.8376783132553101, 0.2610117793083191]","['b4a4', 'b6c5', 'b4b3']","[0.019044432789087296, 0.9636494517326355, 0.017306124791502953]","['d4c5', 'b6c5', 'b4a5']","['b5c6', 'd6c6', 'b4a4']","[0.4003605544567108, 0.9368863701820374, 0.835411548614502]","[0.30178362131118774, 0.9173632264137268, 0.7492077946662903]","['d4c5', 'b6c5', 'b4a5']","[0.4003605544567108, 0.9368863701820374, 0.835411548614502]",8/8/1p1k4/1Ppp2p1/1K1P1p1p/2Pp1P1P/6P1/8 w - c6 0 47
oxS3U,1k6/pp5p/4r3/3nNp2/2RP4/4q2P/PP1R1N2/3K4 b - - 2 37,d5f4 e5d7 b8a8 c4c8,936,80,86,399,backRankMate mate mateIn2 middlegame short,https://lichess.org/SvKzTqDy/black#73,,"['e5d7', 'b8a8', 'c4c8']","[0.1085958406329155, 1.0, 0.4698818027973175]","['d2c2', 'b8a8', 'c4c8']","[0.005347894970327616, 0.9832603335380554, 0.011391756124794483]","['e5d7', 'b8a8', 'c4c8']","['c4c3', 'e6e5', 'd4e5']","[0.6248518228530884, 1.0, 0.9425613880157471]","[0.3130723237991333, 0.8591753244400024, 0.8602038621902466]","['e5d7', 'b8a8', 'c4c8']","[0.6248518228530884, 1.0, 0.9425613880157471]",1k6/pp5p/4r3/2N1Np2/2RP1n2/4q2P/PP1R4/3K4 w - - 3 38
ozSHX,5rk1/1p3ppp/1q6/4p3/p1B1P3/QbR4P/1P3PP1/6K1 b - - 1 26,f8c8 c4f7 g8f7 c3c8,1014,85,92,2211,crushing discoveredAttack endgame short,https://lichess.org/7bp5TZWW/black#51,,"['c4f7', 'g8f7', 'c3c8']","[0.06320909410715103, 0.814850389957428, 0.5954867601394653]","['c4b3', 'g8f7', 'c3c8']","[0.00240261759608984, 0.9929013848304749, 0.004695983603596687]","['c4f7', 'g8f7', 'c3c8']","['a3e7', 'b3c4', 'c3c4']","[0.45913681387901306, 0.8091549277305603, 0.9414575695991516]","[0.3052068054676056, 0.8778769969940186, 0.9372028112411499]","['c4f7', 'g8f7', 'c3c8']","[0.45913681387901306, 0.8091549277305603, 0.9414575695991516]",2r3k1/1p3ppp/1q6/4p3/p1B1P3/Qb3R1P/1P3PP1/6K1 w - - 2 27
p0ve6,3r1r1k/p1p3pp/8/5q2/4b3/1Q2B3/PP3PPP/R3R1K1 w - - 4 20,a1d1 f5g4 f2f3 e4f3,2332,89,88,139,crushing middlegame pin short,https://lichess.org/BB4jNFFA#38,,"['f5g4', 'f2f3', 'e4f3']","[0.2063014656305313, 0.23419015109539032, 0.8283730745315552]","['f5g4', 'g2g3', 'e4f3']","[0.008112731389701366, 0.9526017308235168, 0.03928549215197563]","['e4c2', 'd1d8', 'c2b3']","['f5g4', 'f2f3', 'e4f3']","[0.3771691918373108, 0.9026094079017639, 0.9218426942825317]","[0.3135436475276947, 0.8998543620109558, 0.8782592415809631]","['e4c2', 'd1d8', 'c2b3']","[0.3135436475276947, 0.8998543620109558, 0.8782592415809631]",3r1r1k/p1p3pp/8/5q2/4b3/1Q2B3/PP1R1PPP/3R2K1 b - - 5 20
p4sEu,3Nr1k1/5p1p/1P4pB/p5P1/8/7P/2K5/8 w - - 1 54,d8c6 e8c8 c2b3 c8c6,1284,74,90,1423,crushing endgame pin short,https://lichess.org/oz1nbzMQ#106,,"['e8c8', 'c2b3', 'c8c6']","[0.03628480061888695, 0.08255635201931, 0.8578892350196838]","['e8e6', 'b6b7', 'c8c6']","[0.014590756967663765, 0.8705458641052246, 0.1148633062839508]","['e8c8', 'c2b3', 'c8c6']","['e8e6', 'c6a5', 'e6b6']","[0.5999064445495605, 0.7701258659362793, 0.9757483601570129]","[0.3465656340122223, 0.9139455556869507, 0.9458552002906799]","['e8c8', 'c2b3', 'c8c6']","[0.5999064445495605, 0.7701258659362793, 0.9757483601570129]",4r1k1/5p1p/1PN3pB/p5P1/8/2p4P/2K5/8 b - - 2 54
p9tUB,8/p7/2kB4/4p3/2r1P3/1Q6/Pp3PPP/2qR2K1 w - - 6 33,b3d3 c1d1 d3d1 c4c1,1553,76,94,562,clearance crushing endgame pin sacrifice short,https://lichess.org/UQYmwTkV#64,,"['c1d1', 'd3d1', 'c4c1']","[0.027432981878519058, 0.8479018211364746, 0.79360431432724]","['c4d4', 'd3d1', 'c4c1']","[0.004402690101414919, 0.9867764115333557, 0.008820871822535992]","['c1d1', 'd3d1', 'c4c1']","['c4d4', 'd3a6', 'c6d7']","[0.4998617470264435, 0.9191269874572754, 0.9575697779655457]","[0.37950217723846436, 0.9059686064720154, 1.0]","['c1d1', 'd3d1', 'c4c1']","[0.4998617470264435, 0.9191269874572754, 0.9575697779655457]",4K3/p7/2kB4/4p3/2r1P3/3Q4/Pp3PPP/2qR4 b - - 7 33
pBaqK,r1b4r/pp3n1q/8/2pB4/1k2P1p1/8/P1P2PP1/1RBR2K1 b - - 11 25,b4c3 c1b2 c3b4 b2h8,2179,81,78,38,crushing discoveredAttack middlegame short skewer,https://lichess.org/tBawMUU5/black#49,,"['c1b2', 'c3b4', 'b2h8']","[0.06826981157064438, 0.30191951990127563, 0.18591049313545227]","['g1f1', 'c3c2', 'g1f1']","[0.0010569037403911352, 0.9953057169914246, 0.0036373434122651815]","['c1d2', 'c3d4', 'd2f4']","['c1b2', 'c3b4', 'b2h8']","[0.4107581079006195, 0.7045880556106567, 0.785615861415863]","[0.32133835554122925, 0.8951360583305359, 0.7838308811187744]","['c1d2', 'c3d4', 'd2f4']","[0.32133835554122925, 0.8951360583305359, 0.7838308811187744]",r1b4r/pp1R1n1q/8/2pB4/4P1p1/2k5/P1P2PP1/1RB3K1 w - - 12 26
pEksL,8/kp6/p4Q2/b2q1p2/3PpP1p/1R6/2r3PP/1R4K1 w - - 3 37,f6g7 c2c1 b1c1 d5b3,2029,76,85,141,crushing deflection endgame short,https://lichess.org/tsyyRTJX#72,,"['c2c1', 'b1c1', 'd5b3']","[0.006615550257265568, 0.22247900068759918, 0.49233901500701904]","['c2c7', 'g1f2', 'd5b3']","[0.028655273839831352, 0.9595677256584167, 0.011777005158364773]","['a5c7', 'b3b7', 'd5b7']","['c2c1', 'b1c1', 'd5b3']","[0.47396618127822876, 0.9037182927131653, 0.9658070802688599]","[0.3421272933483124, 0.7886171340942383, 0.9465963244438171]","['a5c7', 'b3b7', 'd5b7']","[0.3421272933483124, 0.7886171340942383, 0.9465963244438171]",8/kp4Q1/p7/b2q1p2/3PpP1p/1R6/2r2PPP/1R4K1 b - - 4 37
pIYon,6k1/3p1pp1/2p4p/p1Q1PPq1/Pr6/1P1p2P1/1KP4P/4R3 w - - 0 30,c5e3 d3d2 e3g5 d2e1q,1955,74,94,2378,advancedPawn advantage endgame promotion short,https://lichess.org/HW7h4NeE#58,,"['d3d2', 'e3g5', 'd2e1q']","[0.027843717485666275, 0.6696970462799072, 0.3777773380279541]","['d3c2', 'e3g5', 'd2e1q']","[0.007736447732895613, 0.978390634059906, 0.013872885145246983]","['d3d2', 'e3g5', 'd2e1q']","['g5f5', 'e3d3', 'f5d3']","[0.44769132137298584, 0.7630031108856201, 0.8586658239364624]","[0.34029147028923035, 0.7280555367469788, 0.7813974022865295]","['d3d2', 'e3g5', 'd2e1q']","[0.44769132137298584, 0.7630031108856201, 0.8586658239364624]",3k4/3p1pp1/2p4p/p3PPq1/Pr6/1P1pQ1P1/1KP4P/4R3 b - - 1 30
pqriE,r3kb1r/1p3ppp/p3pn2/qb2N3/4NQ2/8/PP1B1PPP/R3K2R b KQkq - 5 14,f8b4 e4d6 b4d6 d2a5,2190,77,91,1887,crushing middlegame short,https://lichess.org/u0RWAdei/black#27,French_Defense French_Defense_Advance_Variation,"['e4d6', 'b4d6', 'd2a5']","[0.01201183907687664, 0.47654157876968384, 0.9296570420265198]","['e4f6', 'b4d6', 'd2a5']","[0.03420057147741318, 0.8767402768135071, 0.08905914425849915]","['e4f6', 'g7f6', 'd2b4']","['e4d6', 'b4d6', 'd2a5']","[0.45346733927726746, 0.9514757394790649, 0.8378493189811707]","[0.38915595412254333, 0.8430750966072083, 0.9116122722625732]","['e4f6', 'g7f6', 'd2b4']","[0.38915595412254333, 0.8430750966072083, 0.9116122722625732]",r3k2r/1p3ppp/p3pn2/qb2NQ2/1b2N3/8/PP1B1PPP/R3K2R w KQkq - 6 15
pwBPH,6k1/5pbp/b2R1np1/3Pp3/1P2P3/3q1N2/5PPP/4Q1K1 b - - 0 29,f6e4 d6d8 g7f8 f3e5,1900,76,87,62,crushing deflection middlegame short,https://lichess.org/QXf0UhSK/black#57,,"['d6d8', 'g7f8', 'f3e5']","[0.734531581401825, 1.0, 0.13839036226272583]","['d6d8', 'g7f8', 'h2h3']","[0.009273145347833633, 0.9727808237075806, 0.017946047708392143]","['d6d8', 'g7f8', 'f3e5']","['d6a6', 'd3a6', 'e1e4']","[0.5129159092903137, 1.0, 0.7643195390701294]","[0.42336341738700867, 0.922065019607544, 0.9445937871932983]","['d6d8', 'g7f8', 'f3e5']","[0.5129159092903137, 1.0, 0.7643195390701294]",6k1/5pbp/b2R2p1/3Pp3/1P2n3/3q4/N4PPP/4Q1K1 w - - 0 30
pxmoQ,2qrr1k1/5pp1/p2p3p/2pR2P1/2P1PP2/2b4P/P5Q1/2B2RK1 b - - 0 25,c3d4 d5d4 c5d4 g5h6,1647,76,76,89,advantage middlegame pin short,https://lichess.org/FMoErw81/black#49,,"['d5d4', 'c5d4', 'g5h6']","[0.01945505291223526, 0.8942326903343201, 0.577707827091217]","['g1h2', 'c5d4', 'g5h6']","[0.004398931283503771, 0.9880813360214233, 0.007519747130572796]","['d5d4', 'c5d4', 'g5h6']","['g1h2', 'h6g5', 'd5g5']","[0.4767548143863678, 0.9280754923820496, 0.9202635288238525]","[0.39834320545196533, 0.7463008761405945, 0.707699716091156]","['d5d4', 'c5d4', 'g5h6']","[0.4767548143863678, 0.9280754923820496, 0.9202635288238525]",3rr1k1/5pp1/p2p3p/2pR2P1/2PbPP2/3q3P/P5Q1/2B2RK1 w - - 1 26
qBCun,8/ppp3rk/2p4p/7Q/6p1/2B4P/PPP2qP1/7K w - - 0 29,c3g7 f2e1 h1h2 g4g3,1778,96,61,37,endgame mate mateIn2 short,https://lichess.org/l8Qvec2a#56,,"['f2e1', 'h1h2', 'g4g3']","[0.324696809053421, 1.0, 0.7264724373817444]","['f2f1', 'h1h2', 'g4g3']","[0.00037741518463008106, 0.9991699457168579, 0.00045269267866387963]","['f2f1', 'h1h2', 'f1f4']","['f2e1', 'h1h2', 'g4g3']","[0.4366353750228882, 1.0, 0.9269534349441528]","[0.4238821864128113, 1.0, 0.8909993171691895]","['f2f1', 'h1h2', 'f1f4']","[0.4238821864128113, 1.0, 0.8909993171691895]",8/ppp4k/1Bp4p/7Q/6p1/7P/PPP2qP1/7K b - - 0 29
qGszf,5r1k/ppp3p1/3b3p/4Q3/3P3q/2N1B2P/PPr3B1/3R2RK w - - 2 24,e5e4 h4h3 g2h3 c2h2,2169,75,88,682,kingsideAttack mate mateIn2 middlegame sacrifice short,https://lichess.org/Np5B6My0#46,,"['h4h3', 'g2h3', 'c2h2']","[0.026679424569010735, 1.0, 0.5282290577888489]","['h4g3', 'g2h3', 'c2h2']","[0.024042418226599693, 0.3904411494731903, 0.5855164527893066]","['h4h3', 'g2h3', 'c2h2']","['h4g3', 'e4h7', 'h8h7']","[0.5429168343544006, 1.0, 0.8115692138671875]","[0.3279799222946167, 0.7991189360618591, 1.0]","['h4h3', 'g2h3', 'c2h2']","[0.5429168343544006, 1.0, 0.8115692138671875]",5r1k/ppp3p1/2Rb3p/8/3PQ2q/2N1B2P/PPr3B1/3R3K b - - 3 24
qIShT,2k3r1/ppp3Pp/5p1B/8/2p1R3/2P1Kn2/P4P1P/8 b - - 1 20,f3g5 h6g5 f6g5 e4e7,1551,75,90,1509,crushing endgame short,https://lichess.org/1jEzfugJ/black#39,,"['h6g5', 'f6g5', 'e4e7']","[0.04517495259642601, 0.6916229724884033, 0.5587252378463745]","['e4e7', 'f6g5', 'e4e7']","[0.12582427263259888, 0.8557904958724976, 0.018385212868452072]","['e4f4', 'g5f7', 'f4f6']","['h6g5', 'f6g5', 'e4e7']","[0.42079591751098633, 0.7571505904197693, 0.8924374580383301]","[0.30324414372444153, 0.927446186542511, 0.9405362606048584]","['e4f4', 'g5f7', 'f4f6']","[0.30324414372444153, 0.927446186542511, 0.9405362606048584]",6r1/ppp3Pp/3k1p1B/6n1/2p1R3/2P1K3/P4P1P/8 w - - 2 21
qQrrZ,r1b4k/ppp2p1p/3prp2/2b5/5BQ1/8/PPP2PPP/R5K1 w - - 2 19,f4h6 e6e1 a1e1 c8g4,950,75,95,3393,crushing discoveredAttack kingsideAttack middlegame short,https://lichess.org/FzSCfTy0#36,Scotch_Game Scotch_Game_Scotch_Gambit,"['e6e1', 'a1e1', 'c8g4']","[0.015690583735704422, 1.0, 0.8602089285850525]","['c8d7', 'a1e1', 'c8g4']","[0.009044133126735687, 0.9371008276939392, 0.053855039179325104]","['e6e1', 'a1e1', 'c8g4']","['c5f2', 'g1f2', 'e6e2']","[0.6396802663803101, 1.0, 0.9624567031860352]","[0.317499041557312, 0.9630082845687866, 0.9550170302391052]","['e6e1', 'a1e1', 'c8g4']","[0.6396802663803101, 1.0, 0.9624567031860352]",r1b4k/ppp2p1p/3prp1B/2b5/8/1Q6/PPP2PPP/R5K1 b - - 3 19
qVXce,r3k3/ppp2p1p/1b6/n3B1N1/3PQ3/2q5/4B2P/2KR4 w q - 0 27,e4c2 a5b3 c1b1 c3a1,1276,75,85,231,mate mateIn2 middlegame pin queensideAttack short,https://lichess.org/1EqcCDAn#52,,"['a5b3', 'c1b1', 'c3a1']","[0.06509561091661453, 1.0, 0.7886567711830139]","['c3a1', 'c1b1', 'c3a1']","[0.004081581253558397, 0.9893732666969299, 0.0065451692789793015]","['c3e3', 'c1b1', 'e3g5']","['a5b3', 'c1b1', 'c3a1']","[0.5067769289016724, 0.7072774767875671, 0.9194900393486023]","[0.35063374042510986, 1.0, 0.9224355816841125]","['c3e3', 'c1b1', 'e3g5']","[0.35063374042510986, 1.0, 0.9224355816841125]",r3k3/ppp2p1p/1b6/n2B2N1/3P4/2q5/2Q1B2P/2KR4 b q - 1 27
qXvw4,3r1rk1/2q2p1p/2b1pQp1/p1p5/3p1N2/PP6/2P3PP/1R3R1K b - - 1 26,d8d7 f4e6 c6g2 h1g1,2242,80,86,433,crushing middlegame short,https://lichess.org/4nsGtk5r/black#51,,"['f4e6', 'c6g2', 'h1g1']","[0.029453659430146217, 0.12951967120170593, 0.45319801568984985]","['f4h5', 'f7e6', 'h1g2']","[0.0058371443301439285, 0.9645035862922668, 0.029659288004040718]","['f4e6', 'c6g2', 'h1g1']","['f4h5', 'g6h5', 'f6g5']","[0.5821306109428406, 0.8990136981010437, 0.8343385457992554]","[0.3369435667991638, 0.7325339317321777, 0.8741522431373596]","['f4e6', 'c6g2', 'h1g1']","[0.5821306109428406, 0.8990136981010437, 0.8343385457992554]",1b3rk1/2qr1p1p/4pQp1/p1p5/3p1N2/PP6/2P3PP/1R3R1K w - - 2 27
qaGKE,r1b1B2B/7R/p1k1p3/1p1p2q1/8/2N5/Pn2KP2/2R5 b - - 6 28,c6d6 c3b5 a6b5 c1c6,2200,79,84,255,clearance mate mateIn2 middlegame sacrifice short,https://lichess.org/w2D6sqkT/black#55,,"['c3b5', 'a6b5', 'c1c6']","[0.017911836504936218, 1.0, 0.515121579170227]","['c3e4', 'a6b5', 'c1c6']","[0.00232765288092196, 0.9938814640045166, 0.0037909303791821003]","['c3e4', 'd5e4', 'h8b2']","['c3b5', 'a6b5', 'c1c6']","[0.47936365008354187, 1.0, 0.8517792224884033]","[0.42222991585731506, 1.0, 0.8924015164375305]","['c3e4', 'd5e4', 'h8b2']","[0.42222991585731506, 1.0, 0.8924015164375305]",r1b1B2B/4n2R/p2kp3/1p1p2q1/8/2N5/P3KP2/2R5 w - - 7 29
qkNb1,5R2/1p1k4/p3p2p/8/3Q4/4K3/PP4qP/2r5 b - - 3 34,g2d5 d4g7 d7c6 f8c8,1723,74,88,404,crushing endgame short,https://lichess.org/5AKVep1V/black#67,,"['d4g7', 'd7c6', 'f8c8']","[0.12773177027702332, 0.7505975961685181, 0.9170677661895752]","['f8f7', 'd7c6', 'f8c8']","[0.004522576928138733, 0.9909103512763977, 0.00456713093444705]","['d4g7', 'd7c6', 'f8c8']","['f8f7', 'd7c6', 'd4d5']","[0.36235010623931885, 0.7322660088539124, 0.9265174269676208]","[0.3367016613483429, 0.7908984422683716, 0.7008035778999329]","['d4g7', 'd7c6', 'f8c8']","[0.36235010623931885, 0.7322660088539124, 0.9265174269676208]",5R2/1p1k4/p3p2p/3q4/3Q4/4K3/PP1p3P/2r5 w - - 4 35
r0o5c,r2q1rk1/p3bpp1/1p2b2p/4P1P1/3pN3/3Q1P2/PP2K3/R1B4R b - - 0 23,h6g5 e4f6 e7f6 d3h7,1604,76,93,1577,clearance kingsideAttack mate mateIn2 middlegame sacrifice short,https://lichess.org/Vj4gRPnp/black#45,,"['e4f6', 'e7f6', 'd3h7']","[0.20055459439754486, 0.8174697160720825, 0.39851492643356323]","['e4f6', 'e7f6', 'd3h7']","[0.0033025466836988926, 0.9915056824684143, 0.005191784352064133]","['e4f6', 'e7f6', 'd3h7']","['e4g5', 'e6c4', 'd3c4']","[0.4084095358848572, 0.7007554769515991, 0.8552825450897217]","[0.35117921233177185, 0.8148737549781799, 0.9323578476905823]","['e4f6', 'e7f6', 'd3h7']","[0.4084095358848572, 0.7007554769515991, 0.8552825450897217]",r2q1rk1/p3bpp1/1p2b3/4PRp1/3pN3/3Q1P2/PP2K3/2B4R w - - 0 24
rAlQF,6k1/p4p1p/2Q3p1/4p3/8/3bB2P/P5P1/qrN4K b - - 0 27,a1a2 c6e8 g8g7 e8e5,2011,77,82,100,advantage endgame short,https://lichess.org/UPRTQ6wZ/black#53,,"['c6e8', 'g8g7', 'e8e5']","[0.1673986166715622, 1.0, 0.6036133766174316]","['h1h2', 'g8g7', 'e8e5']","[0.0012619751505553722, 0.997474730014801, 0.0012632532743737102]","['e3h6', 'b1c1', 'h6c1']","['c6e8', 'g8g7', 'e8e5']","[0.5563390254974365, 0.9236972332000732, 0.7527462244033813]","[0.34937071800231934, 1.0, 0.813905656337738]","['e3h6', 'b1c1', 'h6c1']","[0.34937071800231934, 1.0, 0.813905656337738]",6k1/p4p1p/2Q3p1/2b1p3/8/4B2P/q5P1/1rN4K w - - 0 28
rFTvQ,6rk/p1p2p2/1bpp3p/8/4P3/1Q5q/PP3rPN/R3RBK1 w - - 0 22,b3h3 f2g2 g1h1 g2g1,1729,78,88,751,doubleCheck kingsideAttack mate mateIn2 middlegame short,https://lichess.org/CkuSz0Qn#42,,"['f2g2', 'g1h1', 'g2g1']","[0.05058826506137848, 1.0, 0.773319661617279]","['f2b2', 'g1h1', 'g2g1']","[0.005266427528113127, 0.9561921954154968, 0.03854141756892204]","['f2g2', 'g1h1', 'g2g1']","['f2f3', 'g1h1', 'f3h3']","[0.4985645115375519, 1.0, 0.7685940861701965]","[0.3275037705898285, 0.9499385356903076, 0.9236953854560852]","['f2g2', 'g1h1', 'g2g1']","[0.4985645115375519, 1.0, 0.7685940861701965]",6rk/p1p2p2/1bpp3p/8/4P3/6NQ/PP3rP1/R3RBK1 b - - 0 22
rOtoV,8/4r3/6k1/3R4/6p1/1PPK1p2/1P4P1/8 w - - 0 36,d5d4 f3f2 d4f4 g4g3,2208,83,89,511,advancedPawn crushing endgame rookEndgame short,https://lichess.org/JoJeEToq#70,,"['f3f2', 'd4f4', 'g4g3']","[0.08276085555553436, 0.41086629033088684, 0.5179722309112549]","['g6f5', 'd4f4', 'g4g3']","[0.011533321812748909, 0.9813523888587952, 0.007114294450730085]","['g6g5', 'g2f3', 'g4f3']","['f3f2', 'd4f4', 'g4g3']","[0.3181524872779846, 0.7380794286727905, 0.9314466118812561]","[0.30787867307662964, 0.7901056408882141, 0.8684788942337036]","['g6g5', 'g2f3', 'g4f3']","[0.30787867307662964, 0.7901056408882141, 0.8684788942337036]",8/4r3/4p1k1/8/3R2p1/1PPK1p2/1P4P1/8 b - - 1 36
rOxNu,2r4k/4npp1/q7/3pP1P1/bB1P4/5Q1P/4rP2/RN3K1R w - - 0 34,b4e7 e2e3 f1g2 e3f3,1410,74,93,5103,crushing discoveredAttack middlegame short,https://lichess.org/nTCIe0HL#66,,"['e2e3', 'f1g2', 'e3f3']","[0.07974479347467422, 0.8536320328712463, 0.8665738105773926]","['c8c1', 'f1g2', 'e3f3']","[0.009600910358130932, 0.9814436435699463, 0.00895544420927763]","['e2e3', 'f1g2', 'e3f3']","['e2a2', 'f1g2', 'a2a1']","[0.46627241373062134, 0.9388536810874939, 0.8957333564758301]","[0.3198559582233429, 0.9706860780715942, 0.9017107486724854]","['e2e3', 'f1g2', 'e3f3']","[0.46627241373062134, 0.9388536810874939, 0.8957333564758301]",R1r4k/4Bpp1/q7/3pP1P1/b2P4/5Q1P/4rP2/RN3K2 b - - 0 34
rQOEN,8/bB2r2k/P5pp/8/6P1/4n1K1/2R1p1P1/4B3 w - - 11 52,c2e2 e3f1 g3f3 f1h2,1917,75,81,60,crushing endgame short,https://lichess.org/gzhNyHek#102,,"['e3f1', 'g3f3', 'f1h2']","[0.08094143122434616, 0.8126621842384338, 0.12179768085479736]","['a7b8', 'g3f3', 'e7f7']","[0.00978760328143835, 0.9510952830314636, 0.03911710903048515]","['e3f1', 'g3f3', 'f1h2']","['e3f5', 'g4f5', 'e7e2']","[0.5470782518386841, 0.8493366241455078, 0.9210137724876404]","[0.32109376788139343, 0.9576224684715271, 0.9421606063842773]","['e3f1', 'g3f3', 'f1h2']","[0.5470782518386841, 0.8493366241455078, 0.9210137724876404]",8/bBP1r2k/P5pp/8/6P1/4n1K1/4R1P1/4B3 b - - 0 52
rSmdU,4rrk1/pp1q1p1p/1b2bP2/3p4/3N3Q/2P3BP/PP4P1/R6K b - - 0 24,b6d8 h4g5 g8h8 g5g7,1203,75,100,181,kingsideAttack mate mateIn2 middlegame short,https://lichess.org/KlM9HiGx/black#47,,"['h4g5', 'g8h8', 'g5g7']","[0.1793535053730011, 1.0, 0.7599213123321533]","['a1f1', 'g8h8', 'g5g7']","[0.002910932060331106, 0.9940260648727417, 0.003063010284677148]","['h4g5', 'g8h8', 'g5g7']","['h4h6', 'd8f6', 'h6f6']","[0.46001240611076355, 1.0, 0.9129012227058411]","[0.4170741140842438, 0.9516677856445312, 0.9016366004943848]","['h4g5', 'g8h8', 'g5g7']","[0.46001240611076355, 1.0, 0.9129012227058411]",3brrk1/pp3p1p/4bP2/3p4/3Nq2Q/2P3BP/PP4P1/R6K w - - 1 25
rpt23,1k6/3p4/R3r3/4r3/4p2p/5PpP/1P1qB1K1/4RQ2 w - - 0 44,f3e4 e6a6 e1d1 d2c2,2254,78,90,858,crushing middlegame pin short,https://lichess.org/A8w7ZDcp#86,,"['e6a6', 'e1d1', 'd2c2']","[0.13862255215644836, 0.7032790184020996, 0.22284924983978271]","['e5e4', 'e1d1', 'd2e3']","[0.0036239733453840017, 0.9921471476554871, 0.004228909965604544]","['e6a6', 'e1d1', 'd2c2']","['e5e4', 'a6e6', 'e4e6']","[0.5594461560249329, 0.8074461221694946, 0.737114667892456]","[0.3788605034351349, 0.7168174982070923, 0.8518404364585876]","['e6a6', 'e1d1', 'd2c2']","[0.5594461560249329, 0.8074461221694946, 0.737114667892456]",1k6/3p4/R3r3/4r3/4P2p/2R3pP/1P1qB1K1/5Q2 b - - 0 44
rqMNs,3r1r2/2p2p1k/1p1b1Qp1/p5Np/q7/7P/P4PP1/2R1R1K1 b - - 7 29,h7g8 g5e6 f7e6 f6g6,2393,79,73,85,crushing deflection kingsideAttack middlegame sacrifice short,https://lichess.org/Ugjkz6lE/black#57,,"['g5e6', 'f7e6', 'f6g6']","[0.2205761969089508, 0.6755409240722656, 0.7723590135574341]","['g5e6', 'f7e6', 'f6g6']","[0.0020071621984243393, 0.9931092262268066, 0.004883630201220512]","['g5e6', 'f7e6', 'f6g6']","['g5f7', 'f8f7', 'f6d8']","[0.46551334857940674, 0.9125962257385254, 0.9135157465934753]","[0.41135910153388977, 0.8388919234275818, 0.8458876013755798]","['g5e6', 'f7e6', 'f6g6']","[0.46551334857940674, 0.9125962257385254, 0.9135157465934753]",3r1rk1/2p2p2/1p1b2p1/p5Np/q7/3Q3P/P4PP1/2R1R1K1 w - - 8 30
ry66M,6k1/p3rp2/1p1R2p1/2pP3p/2P1q2P/2Qn2P1/PP6/2K2R2 w - - 1 29,c1b1 d3b4 b1a1 b4c2,1683,74,60,275,crushing discoveredAttack endgame queensideAttack short,https://lichess.org/VYKPNJIh#56,,"['d3b4', 'b1a1', 'b4c2']","[0.03966720029711723, 0.9301944375038147, 0.7039092779159546]","['d3f2', 'b1a1', 'b4c2']","[0.0034408678766340017, 0.990506112575531, 0.006052979733794928]","['d3b4', 'b1a1', 'b4c2']","['d3e1', 'b1c1', 'e1d3']","[0.5196441411972046, 0.9690283536911011, 0.8881657123565674]","[0.3087090253829956, 0.7782144546508789, 0.7577518820762634]","['d3b4', 'b1a1', 'b4c2']","[0.5196441411972046, 0.9690283536911011, 0.8881657123565674]",6k1/p3rp2/1p4p1/2pP3p/2P1q2P/2Qn2P1/PP5R/1K3R2 b - - 2 29
s6k6I,6k1/6p1/4p1Qp/8/3P2N1/6BP/1p4PK/2q5 b - - 3 45,b2b1q g4f6 g8h8 g6e8,2034,75,94,1084,endgame mate mateIn2 pin short,https://lichess.org/9kc0RsJF/black#89,,"['g4f6', 'g8h8', 'g6e8']","[0.07883048057556152, 0.2887061536312103, 0.7487842440605164]","['g6e6', 'g8f8', 'g6e8']","[0.002720584161579609, 0.9940537810325623, 0.0032257074490189552]","['g4f6', 'g8h8', 'g6e8']","['g4h6', 'g8h8', 'h6f7']","[0.5813854932785034, 0.9241677522659302, 0.9103806614875793]","[0.3240637183189392, 0.9243115782737732, 0.7856605052947998]","['g4f6', 'g8h8', 'g6e8']","[0.5813854932785034, 0.9241677522659302, 0.9103806614875793]",5qk1/6p1/4p1Qp/8/3P2N1/6BP/6PK/2q5 w - - 0 46
s76ff,2r3k1/1Q2R2R/pp2p1p1/2p1p3/P1P2rKP/1PN3P1/8/5q2 w - - 4 36,g4g5 f4g4 g5h6 f1c1,2201,78,94,5452,mate mateIn2 middlegame short,https://lichess.org/pw0pYueT#70,,"['f4g4', 'g5h6', 'f1c1']","[0.054105523973703384, 0.39650097489356995, 0.3318798243999481]","['f4f5', 'g5g4', 'f1c1']","[0.0024817141238600016, 0.9875178933143616, 0.01000041700899601]","['f4f5', 'g5g4', 'f5f4']","['f4g4', 'g5h6', 'f1c1']","[0.49767154455184937, 0.7260857224464417, 0.8214364051818848]","[0.40837422013282776, 0.9904001355171204, 0.7449240684509277]","['f4f5', 'g5g4', 'f5f4']","[0.40837422013282776, 0.9904001355171204, 0.7449240684509277]",2r3k1/1Q2R2R/pp2p1p1/2p1p1K1/P1P2r1P/1PN3P1/8/2q5 b - - 5 36
sAWRk,3r1k1r/pp4pp/3bRn2/3n4/2BP4/8/PP1B1PPP/4R1K1 b - - 2 20,d5c7 e6f6 g7f6 d2h6,2173,78,94,6340,mate mateIn2 middlegame sacrifice short,https://lichess.org/nh3fjb32/black#39,,"['e6f6', 'g7f6', 'd2h6']","[0.03035304881632328, 1.0, 0.6982352137565613]","['e6e2', 'g7f6', 'd2h6']","[0.016472041606903076, 0.9457591772079468, 0.03776877745985985]","['e6f6', 'g7f6', 'd2h6']","['e6d6', 'd8d6', 'd2b4']","[0.3324466645717621, 1.0, 0.8834487199783325]","[0.30512604117393494, 0.9366706609725952, 0.9113577604293823]","['e6f6', 'g7f6', 'd2h6']","[0.3324466645717621, 1.0, 0.8834487199783325]",k2r3r/ppn3pp/3bRn2/8/2BP4/8/PP1B1PPP/4R1K1 w - - 3 21
sLQhf,6k1/b5p1/p6p/2P5/5N1P/4rBP1/P2r4/2R2RK1 w - - 0 32,c5c6 e3e2 f1f2 e2f2,2126,77,85,265,crushing discoveredAttack middlegame short,https://lichess.org/lnQ23qK9#62,,"['e3e2', 'f1f2', 'e2f2']","[0.029454458504915237, 0.10297127068042755, 0.5507199168205261]","['e3f3', 'g1h1', 'e2f2']","[0.004268829245120287, 0.9683264493942261, 0.027404682710766792]","['e3e2', 'f1f2', 'e2f2']","['e3f3', 'g1h1', 'f3f1']","[0.48772764205932617, 0.9736836552619934, 0.847012460231781]","[0.4458523094654083, 0.9901143312454224, 0.8536440134048462]","['e3e2', 'f1f2', 'e2f2']","[0.48772764205932617, 0.9736836552619934, 0.847012460231781]",6k1/b1R3p1/p1P4p/8/5N1P/4rBP1/P2r4/5RK1 b - - 0 32
sVe97,r1q1nr1k/pp2N1pp/2nbb3/4Np2/2BP1B2/1Q6/PP3PPP/R4RK1 b - - 4 20,e6c4 e5g6 h7g6 b3h3,2145,76,94,7604,mate mateIn2 middlegame sacrifice short,https://lichess.org/RB0ZcgPP/black#39,,"['e5g6', 'h7g6', 'b3h3']","[0.014679082669317722, 1.0, 0.5997375249862671]","['e7c8', 'h7g6', 'b3h3']","[0.00643956707790494, 0.9904848337173462, 0.0030756753403693438]","['e7c8', 'c4b3', 'c8d6']","['e5g6', 'h7g6', 'b3h3']","[0.41679492592811584, 0.9217348098754883, 0.9249781370162964]","[0.3595334589481354, 1.0, 0.8728669881820679]","['e7c8', 'c4b3', 'c8d6']","[0.3595334589481354, 1.0, 0.8728669881820679]",r1q1n2k/pp2N1pp/2nb4/4Np2/2bP1B1r/1Q6/PP3PPP/R4RK1 w - - 0 21
sVroY,4rNk1/1p1q2p1/p2b3p/n2N4/2BP4/P3B2Q/1P3P2/2R3K1 b - - 0 26,d7h3 d5e7 g8h8 e7g6,2232,78,81,172,doubleCheck mate mateIn2 middlegame short,https://lichess.org/AYBY1KX0/black#51,,"['d5e7', 'g8h8', 'e7g6']","[0.016039928421378136, 0.14044062793254852, 0.44285687804222107]","['c4a2', 'g8f8', 'e7g6']","[0.00878250040113926, 0.8537730574607849, 0.13744448125362396]","['d5f4', 'a5c4', 'f4h3']","['d5e7', 'g8h8', 'e7g6']","[0.6368926167488098, 0.9792404174804688, 0.9462787508964539]","[0.3046574890613556, 0.8537983298301697, 0.7410255074501038]","['d5f4', 'a5c4', 'f4h3']","[0.3046574890613556, 0.8537983298301697, 0.7410255074501038]",4rNk1/1p4p1/p3b2p/n2N4/2BP4/P3B2q/1P3P2/2R3K1 w - - 0 27
sWr2p,r1bq2k1/p2nb1p1/1pp1p1Q1/6P1/N2P1r2/3B4/PPP2P2/2KR3R b - - 0 22,e7g5 h1h8 g8h8 g6h7,1700,77,83,220,attraction kingsideAttack mate mateIn2 middlegame sacrifice short,https://lichess.org/szYONril/black#43,,"['h1h8', 'g8h8', 'g6h7']","[0.008970901370048523, 1.0, 0.18700502812862396]","['c1b1', 'g8h8', 'd1h1']","[0.007978283800184727, 0.9860298037528992, 0.005991985090076923]","['g6e6', 'f4f7', 'c1b1']","['h1h8', 'g8h8', 'g6h7']","[0.40564873814582825, 0.990419328212738, 0.7809708118438721]","[0.32664722204208374, 1.0, 0.8934404253959656]","['g6e6', 'f4f7', 'c1b1']","[0.32664722204208374, 1.0, 0.8934404253959656]",r1bq2k1/p2n2p1/1pp1p1Q1/2B3b1/N2P1r2/8/PPP2P2/2KR3R w - - 0 23
sf2D0,rnbq3r/pp1ppk1p/6p1/3Qb3/8/2N4P/PP3PP1/R1B1K2R b KQ - 1 11,f7f6 c3e4 f6g7 d5e5,1185,78,92,376,crushing deflection opening short,https://lichess.org/b3opmp1C/black#21,Sicilian_Defense Sicilian_Defense_Smith-Morra_Gambit,"['c3e4', 'f6g7', 'd5e5']","[0.08857350051403046, 0.35340967774391174, 0.9297879338264465]","['e1g1', 'f6f5', 'd5e5']","[0.07838954031467438, 0.8939812779426575, 0.027629153802990913]","['c1h6', 'e5c3', 'b2c3']","['c3e4', 'f6g7', 'd5e5']","[0.39877721667289734, 0.8363689184188843, 0.9806874394416809]","[0.31922170519828796, 0.9865191578865051, 0.9066095352172852]","['c1h6', 'e5c3', 'b2c3']","[0.31922170519828796, 0.9865191578865051, 0.9066095352172852]",rnb4r/ppqpp2p/5kp1/3Qb3/8/2N4P/PP3PP1/R1B1K2R w KQ - 2 12
ss6SJ,rr4k1/5pb1/1qp3p1/7P/1n1Pp3/1B2P2P/1PPQ4/1NKR2R1 w - - 1 23,h5g6 b4a2 b3a2 b6b2,1466,75,81,251,discoveredAttack mate mateIn2 middlegame queensideAttack sacrifice short,https://lichess.org/3uRO83jo#44,,"['b4a2', 'b3a2', 'b6b2']","[0.0875868946313858, 1.0, 0.22485725581645966]","['b4d3', 'b3a2', 'a8a2']","[0.013561254367232323, 0.9138845205307007, 0.07255423814058304]","['b4a2', 'b3a2', 'b6b2']","['b4d3', 'c2d3', 'b6b3']","[0.5536772608757019, 1.0, 0.9058343768119812]","[0.35188043117523193, 0.9727274775505066, 0.9027214050292969]","['b4a2', 'b3a2', 'b6b2']","[0.5536772608757019, 1.0, 0.9058343768119812]",rr4k1/5pb1/1qp3P1/8/1n1Pp3/1B2P2P/1PP5/1NKR2RQ b - - 0 23
t0n6c,2qk1b1r/6pp/5p2/2n1p1B1/1Q6/5P2/PP3P1P/R3K2R w KQ - 0 19,e1c1 c5d3 c1b1 f8b4,1806,76,95,12670,advantage discoveredAttack doubleCheck middlegame queensideAttack short,https://lichess.org/LPIqKhns#36,Sicilian_Defense Sicilian_Defense_Old_Sicilian,"['c5d3', 'c1b1', 'f8b4']","[0.06749852746725082, 0.8707146048545837, 0.7538314461708069]","['d8e8', 'c1b1', 'f8b4']","[0.007168477401137352, 0.9509115815162659, 0.04191993549466133]","['c5d3', 'c1b1', 'f8b4']","['c5d7', 'b4c3', 'c8c3']","[0.5983102917671204, 0.8423855304718018, 0.930114209651947]","[0.3320133090019226, 0.9751031994819641, 0.9092231392860413]","['c5d3', 'c1b1', 'f8b4']","[0.5983102917671204, 0.8423855304718018, 0.930114209651947]",2qk1b1r/6pp/5p2/2n1p1B1/8/5P2/PP3P1P/2KRQ2R b - - 1 19
t92ey,r1b1kb1r/1pp2ppp/pn2p2q/3P4/2B1N3/2NP1P2/PPK1Q2P/R6R b kq - 1 19,e6d5 e4f6 e8d8 e2e8,1669,75,93,5766,doubleCheck mate mateIn2 middlegame short,https://lichess.org/pROAxjwc/black#37,Scandinavian_Defense Scandinavian_Defense_Modern_Variation,"['e4f6', 'e8d8', 'e2e8']","[0.0813445895910263, 1.0, 0.09359751641750336]","['c4d5', 'e8d8', 'f6d5']","[0.02858150191605091, 0.9189261794090271, 0.05249233916401863]","['e4f6', 'e8d8', 'e2e8']","['e4d6', 'e8d7', 'd6f7']","[0.45887356996536255, 1.0, 0.8209227919578552]","[0.3578909635543823, 0.9862716197967529, 0.8853051662445068]","['e4f6', 'e8d8', 'e2e8']","[0.45887356996536255, 1.0, 0.8209227919578552]",r1b1k2r/1pp2ppp/pn4bq/3p4/2B1N3/2NP1P2/PPK1Q2P/R6R w kq - 0 20
tE6O0,r1b2rk1/2b1nppp/p2q4/1p5Q/1P2R3/1B1p2PP/PB1P1P2/RN4K1 b - - 3 19,c8f5 e4e7 d6e7 h5f5,1808,75,87,1267,advantage capturingDefender middlegame short,https://lichess.org/O5C7IV59/black#37,Ruy_Lopez Ruy_Lopez_Other_variations,"['e4e7', 'd6e7', 'h5f5']","[0.06156803295016289, 0.29806530475616455, 0.6815208792686462]","['b2e5', 'd6e7', 'h5f5']","[0.009924408048391342, 0.9621777534484863, 0.027897853404283524]","['e4e7', 'd6e7', 'h5f5']","['h5g5', 'd6g6', 'g5g6']","[0.3502300977706909, 0.8656364679336548, 0.9211560487747192]","[0.33511799573898315, 0.8851551413536072, 0.809509813785553]","['e4e7', 'd6e7', 'h5f5']","[0.3502300977706909, 0.8656364679336548, 0.9211560487747192]",r4rk1/2b1nppp/p2q4/1p3b1Q/1P2R3/1B1pp1PP/PB1P1P2/RN4K1 w - - 4 20
tLDpk,r4rk1/pp3ppp/8/3p4/3P1b1q/2P1RQ2/PP3P2/RNB4K w - - 6 18,f3h3 h4h3 e3h3 f4c1,1914,74,92,295,advantage middlegame short skewer,https://lichess.org/Wxj869Hh#34,Italian_Game Italian_Game_Giuoco_Piano,"['h4h3', 'e3h3', 'f4c1']","[0.05913719907402992, 0.5914729833602905, 0.9251940846443176]","['h4f2', 'e3h3', 'f4c1']","[0.005341245327144861, 0.990204930305481, 0.004453908186405897]","['h4h3', 'e3h3', 'f4c1']","['h4f2', 'e3f3', 'f2e1']","[0.5763777494430542, 0.9859391450881958, 0.9372507333755493]","[0.3587329685688019, 0.8588166236877441, 0.8069589734077454]","['h4h3', 'e3h3', 'f4c1']","[0.5763777494430542, 0.9859391450881958, 0.9372507333755493]",r4rk1/pp3ppp/8/3p4/3P1bBq/2P1R2Q/PP3P2/RN5K b - - 7 18
tSGYC,3q3k/ppp4p/4Q3/4p3/3n1p2/5N2/PPP3PP/2K4R w - - 1 25,h1d1 d4e2 c1b1 d8d1,1480,81,63,36,deflection discoveredAttack endgame mate mateIn2 queensideAttack short,https://lichess.org/vFrAziEM#48,,"['d4e2', 'c1b1', 'd8d1']","[0.05689604952931404, 1.0, 0.5681774616241455]","['d4e6', 'c1b1', 'd8d1']","[0.0027559376321733, 0.9865732192993164, 0.010670837946236134]","['d4e2', 'c1b1', 'd8d1']","['d4e6', 'd1d8', 'e6d8']","[0.5066533088684082, 1.0, 0.8632063865661621]","[0.4116087853908539, 0.9362105131149292, 0.9926092028617859]","['d4e2', 'c1b1', 'd8d1']","[0.5066533088684082, 1.0, 0.8632063865661621]",7k/ppp4p/4Q3/4p3/3n1p2/5N2/PPP3PP/2KR3q b - - 2 25
tYObG,5rk1/pp4p1/2p5/3qPQ2/6P1/1P5P/P1Pr4/1K2R2R w - - 1 31,f5e4 d2d1 e1d1 d5e4,1378,76,79,123,advantage deflection endgame short,https://lichess.org/YQ576oyR#60,,"['d2d1', 'e1d1', 'd5e4']","[0.01236965972930193, 0.16892147064208984, 0.703984797000885]","['d5e4', 'b1b2', 'd5e4']","[0.02717660553753376, 0.8010010719299316, 0.17182229459285736]","['d2d1', 'e1d1', 'd5e4']","['f8f2', 'e4d5', 'c6d5']","[0.50291907787323, 0.7302128672599792, 0.9201435446739197]","[0.3038801848888397, 0.8698912858963013, 0.9522610902786255]","['d2d1', 'e1d1', 'd5e4']","[0.50291907787323, 0.7302128672599792, 0.9201435446739197]",5rk1/pp4p1/2p5/3qP2R/4Q1P1/1P5P/P1Pr4/1K2R3 b - - 2 31
tYysr,8/1p6/p3k2p/P1B5/5P2/5KnP/8/8 b - - 1 41,g3h5 c5d4 e6f5 d4e5,2055,117,32,13,crushing defensiveMove endgame quietMove short,https://lichess.org/ZNiaCyOi/black#81,,"['c5d4', 'e6f5', 'd4e5']","[0.08062872290611267, 0.7549752593040466, 0.399793416261673]","['c5f8', 'e6f5', 'd4e5']","[0.0418182872235775, 0.9394316673278809, 0.018750013783574104]","['c5f8', 'h5f6', 'f8h6']","['c5d4', 'e6f5', 'd4e5']","[0.45307403802871704, 0.7321538329124451, 0.8106194138526917]","[0.4010113775730133, 0.7099111080169678, 0.9408893585205078]","['c5f8', 'h5f6', 'f8h6']","[0.4010113775730133, 0.7099111080169678, 0.9408893585205078]",8/1p6/p3k2p/P1Bn4/5P2/5K1P/8/8 w - - 2 42
tZpep,8/8/3R4/4pkp1/7p/p3PP1P/5KP1/r7 b - - 1 50,a1b1 e3e4 f5f4 d6f6,1148,77,89,764,endgame mate mateIn2 rookEndgame short,https://lichess.org/AHRUjzO8/black#99,,"['e3e4', 'f5f4', 'd6f6']","[0.2672308087348938, 1.0, 0.740906298160553]","['d6a6', 'f5f4', 'd6f6']","[0.0026296917349100113, 0.9906274080276489, 0.006742911413311958]","['e3e4', 'f5f4', 'd6f6']","['g2g4', 'h4g3', 'f2g3']","[0.4813196361064911, 1.0, 0.9534783363342285]","[0.42037084698677063, 1.0, 0.9332584142684937]","['e3e4', 'f5f4', 'd6f6']","[0.4813196361064911, 1.0, 0.9534783363342285]",8/8/3R4/4pkpK/7p/p3PP1P/6P1/1r6 w - - 2 51
tdwnG,rn3rk1/6pp/2p1R3/5p2/2BP1q2/p6P/6P1/3R3K b - - 0 35,a3a2 e6e8 g8h8 e8f8,1806,80,72,374,backRankMate deflection discoveredAttack mate mateIn2 middlegame short,https://lichess.org/NXMVawfC/black#69,,"['e6e8', 'g8h8', 'e8f8']","[0.03841177001595497, 1.0, 0.7442429661750793]","['e6e1', 'g8h8', 'e8f8']","[0.00816738698631525, 0.8461541533470154, 0.14567846059799194]","['e6e8', 'g8h8', 'e8f8']","['e6f6', 'f8f7', 'f6f7']","[0.6084991693496704, 1.0, 0.7738631367683411]","[0.31361743807792664, 0.9931198358535767, 0.9038262963294983]","['e6e8', 'g8h8', 'e8f8']","[0.6084991693496704, 1.0, 0.7738631367683411]",1n1r1rk1/6pp/2p1R3/5p2/2BP1q2/7P/p5P1/3R3K w - - 0 36
tgSWB,2rr3k/1p4pp/3q1p2/p2B4/P3P3/5Q2/1PP3P1/2K4R b - - 1 24,d6b4 h1h7 h8h7 f3h5,1362,76,80,170,endgame,https://lichess.org/vISgPkeR/black#47,,"['h1h7', 'h8h7', 'f3h5']","[0.015778755769133568, 1.0, 0.27566155791282654]","['f3h3', 'h8h7', 'f3h3']","[0.004032425116747618, 0.987457811832428, 0.008509739302098751]","['h1h7', 'h8h7', 'f3h5']","['f3f5', 'h7h6', 'h1h6']","[0.3263493478298187, 1.0, 0.8723675012588501]","[0.32370367646217346, 0.7964739799499512, 0.740504264831543]","['h1h7', 'h8h7', 'f3h5']","[0.3263493478298187, 1.0, 0.8723675012588501]",2rr3k/1p4pp/5p2/p7/Pq2P3/5Q2/1PP1B1P1/2K4R w - - 2 25
tjBMd,4r2k/1p2B1pp/p2Q4/8/3n4/7q/PP2KP2/RN2R3 w - - 0 30,e2d1 h3d3 b1d2 d3c2,1243,75,96,6720,mate mateIn2 middlegame short,https://lichess.org/JhMAbH64#58,,"['h3d3', 'b1d2', 'd3c2']","[0.14461837708950043, 0.9447595477104187, 0.8045205473899841]","['h3h5', 'b1d2', 'd3c2']","[0.003658852307125926, 0.9873364567756653, 0.009004734456539154]","['h3d3', 'b1d2', 'd3c2']","['h3f3', 'd1d2', 'f3f2']","[0.5516915321350098, 0.8330375552177429, 0.8620694279670715]","[0.3682330846786499, 0.7145394682884216, 0.9165778756141663]","['h3d3', 'b1d2', 'd3c2']","[0.5516915321350098, 0.8330375552177429, 0.8620694279670715]",4r2k/1p2B1pp/p7/2Q5/3n4/7q/PP3P2/RN1KR3 b - - 1 30
trEqa,r4qk1/1b4b1/ppnp2Q1/3N1n2/2P5/5N2/PP2BK2/7R b - - 3 28,f8f7 h1h8 g8h8 g6f7,2188,80,96,225,advantage deflection middlegame pin short,https://lichess.org/iZOfaIkl/black#55,,"['h1h8', 'g8h8', 'g6f7']","[0.06787602603435516, 1.0, 0.8315911293029785]","['g6h7', 'g8h8', 'g6f7']","[0.003443267196416855, 0.987656831741333, 0.00889992993324995]","['h1h8', 'g8h8', 'g6f7']","['g6h7', 'g8f8', 'f3g5']","[0.5407907962799072, 1.0, 0.9139583706855774]","[0.3390987813472748, 1.0, 0.8939602375030518]","['h1h8', 'g8h8', 'g6f7']","[0.5407907962799072, 1.0, 0.9139583706855774]",r5k1/1b3qb1/ppnp2Q1/3N1n2/2P5/1B3N2/PP3K2/7R w - - 4 29
tsWYb,8/8/1P1p2kp/3P2p1/3B4/8/6rr/1R3K2 b - - 3 39,g2d2 b6b7 d2d4 b7b8q,1317,76,87,113,advancedPawn advantage endgame promotion short,https://lichess.org/BoAjro5P/black#77,,"['b6b7', 'd2d4', 'b7b8q']","[0.1887928545475006, 0.0950150415301323, 0.48583799600601196]","['f1g1', 'h2h1', 'b7b8q']","[0.0015826873714104295, 0.9944207072257996, 0.003996588289737701]","['b6b7', 'd2d4', 'b7b8q']","['f1g1', 'd2g2', 'g1f1']","[0.44085702300071716, 0.8477266430854797, 0.9018355011940002]","[0.4172145426273346, 0.7395889163017273, 1.0]","['b6b7', 'd2d4', 'b7b8q']","[0.44085702300071716, 0.8477266430854797, 0.9018355011940002]",8/8/1P1p2kp/3P2p1/8/8/3r1B1r/1R3K2 w - - 4 40
txNIb,4r1k1/p1p5/5pbp/6p1/2NPn3/1P4B1/P4PPP/4RK2 w - - 2 29,g3c7 e4d2 c4d2 g6d3,1329,79,86,73,advantage clearance endgame sacrifice short,https://lichess.org/QL1YAONa#56,,"['e4d2', 'c4d2', 'g6d3']","[0.01755773276090622, 0.9981555342674255, 0.350039005279541]","['e8c8', 'c4d2', 'g6d3']","[0.027322791516780853, 0.8190789818763733, 0.15359823405742645]","['e4d2', 'c4d2', 'g6d3']","['e4c3', 'e1e8', 'g6e8']","[0.4942139685153961, 0.9872297644615173, 0.9232986569404602]","[0.31664666533470154, 0.8768332004547119, 0.9352713823318481]","['e4d2', 'c4d2', 'g6d3']","[0.4942139685153961, 0.9872297644615173, 0.9232986569404602]",4r1k1/p1B5/K4pbp/6p1/2NPn3/1P6/P4PPP/4R3 b - - 0 29
u0oFE,8/1k5p/pp4p1/4B3/P1b2P1P/Rn5R/1P4r1/2K5 w - - 1 31,c1d1 g2g1 d1c2 g1c1,2056,76,90,2121,endgame mate mateIn2 short,https://lichess.org/BG0qCgUK#60,,"['g2g1', 'd1c2', 'g1c1']","[0.343694269657135, 1.0, 0.34329506754875183]","['g2g1', 'd1c2', 'g1c1']","[0.0035363060887902975, 0.9908552169799805, 0.005608469247817993]","['g2g1', 'd1c2', 'g1c1']","['g2d2', 'd1e1', 'd2e2']","[0.4695589244365692, 1.0, 0.8965200185775757]","[0.34872469305992126, 1.0, 0.9302154779434204]","['g2g1', 'd1c2', 'g1c1']","[0.4695589244365692, 1.0, 0.8965200185775757]",8/1k5p/pp4p1/4B3/P4P1P/Rn5R/1P4r1/b2K4 b - - 2 31
u126H,5rk1/4B3/p5r1/1p1PRp1p/2p3b1/2P5/P2R1P1P/6K1 w - - 4 30,e7f8 g4e2 g1h1 e2f3,2022,78,87,755,discoveredAttack endgame mate mateIn2 short,https://lichess.org/L3ebEtYs#58,,"['g4e2', 'g1h1', 'e2f3']","[0.08614947646856308, 1.0, 0.8631158471107483]","['g4h3', 'g1h1', 'e2f3']","[0.0027066548354923725, 0.9939244389533997, 0.0033688831608742476]","['g4e2', 'g1h1', 'e2f3']","['g4h3', 'g1h1', 'h3g2']","[0.5585187673568726, 1.0, 0.8898029327392578]","[0.36395925283432007, 1.0, 0.9034323692321777]","['g4e2', 'g1h1', 'e2f3']","[0.5585187673568726, 1.0, 0.8898029327392578]",5Bk1/8/p5r1/1p1PRp1p/2p3b1/2P1R3/P4P1P/6K1 b - - 0 30
u3XOO,3q4/ppp5/2np2p1/4k3/4b3/6Q1/PPP3P1/2K4R b - - 3 33,e5f6 g3f4 e4f5 g2g4,2417,81,91,392,advantage endgame fork short,https://lichess.org/vmvsP3uU/black#65,,"['g3f4', 'e4f5', 'g2g4']","[0.1125183030962944, 0.6235421895980835, 0.42755600810050964]","['g3h4', 'e4f5', 'g2g4']","[0.014295400120317936, 0.940822958946228, 0.04488162323832512]","['g3f4', 'e4f5', 'g2g4']","['g3h4', 'f6e5', 'h4g3']","[0.47436439990997314, 0.9506367444992065, 0.9159067869186401]","[0.4103583097457886, 0.7920502424240112, 0.8545616865158081]","['g3f4', 'e4f5', 'g2g4']","[0.47436439990997314, 0.9506367444992065, 0.9159067869186401]",8/ppp5/2np1kp1/q7/4b3/6Q1/PPP3P1/2K4R w - - 4 34
u3nK5,2r4k/pb4pB/1p2q3/3p4/8/P5P1/1P2PK1P/1Q1R4 w - - 0 24,b1f5 e6f5 h7f5 c8f8,1113,80,93,7056,advantage endgame pin short,https://lichess.org/KDR3rG6X#46,,"['e6f5', 'h7f5', 'c8f8']","[0.03513043746352196, 0.883445680141449, 0.8615497350692749]","['c8f8', 'h7f5', 'c8f8']","[0.007226704154163599, 0.9760741591453552, 0.016699090600013733]","['e6f5', 'h7f5', 'c8f8']","['e6h6', 'h7g6', 'h6h2']","[0.4495109021663666, 0.9847826361656189, 0.948790967464447]","[0.3565303683280945, 0.8412526249885559, 0.8357426524162292]","['e6f5', 'h7f5', 'c8f8']","[0.4495109021663666, 0.9847826361656189, 0.948790967464447]",2rk4/pb4pB/1p2q3/3p1Q2/8/P5P1/1P2PK1P/3R4 b - - 1 24
u9fop,2rr1k2/1b3qpQ/pp2RbBp/8/3p1P2/2N5/PP4PP/4R1K1 b - - 0 28,f7g8 e6f6 g7f6 h7e7,1971,80,82,64,mate mateIn2 middlegame sacrifice short,https://lichess.org/ly24jHBj/black#55,,"['e6f6', 'g7f6', 'h7e7']","[0.18281744420528412, 0.750384509563446, 0.38525450229644775]","['c3d1', 'g7f6', 'h7e7']","[0.03514183312654495, 0.9405169486999512, 0.024341225624084473]","['h7g8', 'f8g8', 'c3e4']","['e6f6', 'g7f6', 'h7e7']","[0.4554891884326935, 1.0, 0.8242340087890625]","[0.3001015782356262, 0.889465868473053, 0.8141338229179382]","['h7g8', 'f8g8', 'c3e4']","[0.3001015782356262, 0.889465868473053, 0.8141338229179382]",2rr1kq1/1b3ppQ/pp2RbBp/8/3p1P2/2N5/PP4PP/4R1K1 w - - 1 29
uLKNm,2rq1r2/pp1b2kp/4p2p/1P1pn1b1/3N2P1/P7/1Q2BP1P/R4R1K b - - 7 24,e5c4 d4e6 g7f7 e6d8,1481,75,88,199,crushing doubleCheck middlegame short,https://lichess.org/ZGYJCK02/black#47,,"['d4e6', 'g7f7', 'e6d8']","[0.03680630028247833, 0.31442373991012573, 0.7122384905815125]","['e2c4', 'g7g8', 'e6d8']","[0.03774068132042885, 0.24324040114879608, 0.7190188765525818]","['d4f5', 'g7f7', 'b2g7']","['d4e6', 'g7f7', 'e6d8']","[0.45144304633140564, 0.9919203519821167, 0.8267317414283752]","[0.40215399861335754, 0.9818475246429443, 0.9171274304389954]","['d4f5', 'g7f7', 'b2g7']","[0.40215399861335754, 0.9818475246429443, 0.9171274304389954]",2r2r2/pp1b1qkp/4p2p/1P1p2b1/2nN2P1/P7/1Q2BP1P/R4R1K w - - 8 25
uRDDI,3R2k1/2p2p2/7p/2p1rPp1/1pP3P1/2q5/2Q2PPK/8 b - - 4 32,g8g7 f5f6 g7f6 c2h7,1869,82,88,38,clearance crushing endgame short,https://lichess.org/xQPhS6Gt/black#63,,"['f5f6', 'g7f6', 'c2h7']","[0.03607753664255142, 1.0, 0.2531413435935974]","['c2c3', 'g7f6', 'c2h7']","[0.0067526474595069885, 0.9721716642379761, 0.0210756566375494]","['c2c3', 'b4c3', 'd8d3']","['f5f6', 'g7f6', 'c2h7']","[0.42803728580474854, 0.9819621443748474, 0.8273056745529175]","[0.30609360337257385, 1.0, 0.8947426676750183]","['c2c3', 'b4c3', 'd8d3']","[0.30609360337257385, 1.0, 0.8947426676750183]",3R4/2p2pk1/7p/2p2Pp1/1pP3P1/2q1r3/2Q2PPK/8 w - - 5 33
ulgwi,8/pQ1nk1p1/2p1p3/2PpPn1p/P3q2P/1N3NP1/5PK1/8 w - - 7 32,b3a5 f5d4 a5c6 d4c6,2009,75,92,214,advantage endgame short,https://lichess.org/A2LEW9TD#62,,"['f5d4', 'a5c6', 'd4c6']","[0.023970315232872963, 0.7770894765853882, 0.31237199902534485]","['e7e8', 'a5c6', 'e7e8']","[0.002956907032057643, 0.9932411909103394, 0.003801910439506173]","['f5d4', 'a5c6', 'd4c6']","['f5h4', 'g3h4', 'e4g4']","[0.5823125839233398, 0.9364733695983887, 0.9676709771156311]","[0.30478909611701965, 0.9581807255744934, 0.700016438961029]","['f5d4', 'a5c6', 'd4c6']","[0.5823125839233398, 0.9364733695983887, 0.9676709771156311]",8/pQ1nk1p1/2p1pq2/N1PpPn1p/P6P/5NP1/5PK1/8 b - - 8 32
v1A9H,1k3r1r/p7/1qp5/1P6/8/1Q4P1/6PP/RR5K w - - 1 31,b5c6 h8h2 h1h2 f8h8,1995,79,79,135,attraction endgame mate mateIn2 sacrifice short,https://lichess.org/HxyIvDo8#60,,"['h8h2', 'h1h2', 'f8h8']","[0.03469544276595116, 1.0, 0.8070542216300964]","['b6b3', 'h1h2', 'f8h8']","[0.010483146645128727, 0.05278237164020538, 0.9367344975471497]","['h8h2', 'h1h2', 'f8h8']","['f8f1', 'b1f1', 'b6b3']","[0.4863243103027344, 1.0, 0.935860276222229]","[0.3951319754123688, 1.0, 0.8887166380882263]","['h8h2', 'h1h2', 'f8h8']","[0.4863243103027344, 1.0, 0.935860276222229]",1k3r1r/p7/1qP5/8/8/1Q2R1P1/6PP/R6K b - - 0 31
v590L,1nb2r1k/r1q4p/p6Q/1pbBPp2/5P2/6R1/PpP1N2P/1K6 b - - 5 23,c7d7 h6f8 c5f8 g3g8,2305,80,92,6321,kingsideAttack mate mateIn2 middlegame sacrifice short,https://lichess.org/q3jqOJvw/black#45,,"['h6f8', 'c5f8', 'g3g8']","[0.010306312702596188, 1.0, 0.6430956721305847]","['e5e6', 'c5f8', 'g3g8']","[0.004437479190528393, 0.9842358827590942, 0.011326611042022705]","['h6f8', 'c5f8', 'g3g8']","['h6f6', 'd7g7', 'g3g7']","[0.48314064741134644, 1.0, 0.7688674926757812]","[0.3795430362224579, 0.9966593980789185, 0.7980956435203552]","['h6f8', 'c5f8', 'g3g8']","[0.48314064741134644, 1.0, 0.7688674926757812]",1nbr1r1k/3q3p/p6Q/1pbBPp2/5P2/6R1/PpP1N2P/1K6 w - - 6 24
v9Y6y,2r1kbnr/pQp1pppp/2n3q1/5b2/8/2NB4/PPPP1PPP/R1B1K1NR b KQk - 2 8,g6g2 d3f5 c8b8 b7c7,2449,89,89,1355,crushing hangingPiece opening short,https://lichess.org/6uaPAkhq/black#15,Scandinavian_Defense Scandinavian_Defense_Mieses-Kotroc_Variation,"['d3f5', 'c8b8', 'b7c7']","[0.6185254454612732, 0.06834224611520767, 0.21664854884147644]","['d3f5', 'e7e6', 'f5e4']","[0.023377373814582825, 0.9422937631607056, 0.03432893007993698]","['d3f5', 'c8b8', 'b7c7']","['d3e4', 'f5e4', 'b7c8']","[0.5603122711181641, 0.7230291366577148, 0.7979328036308289]","[0.32658037543296814, 0.9237834811210632, 0.8590777516365051]","['d3f5', 'c8b8', 'b7c7']","[0.5603122711181641, 0.7230291366577148, 0.7979328036308289]",2r1kb1r/pQp1pppp/2n5/5b2/6n1/2NB4/PPPP1PqP/R1B1K1NR w KQk - 0 9
vFUCq,6k1/ppRb2p1/5Ppp/3pP3/P2b4/8/7P/7K b - - 1 27,d7c6 f6f7 g8f8 e5e6,1741,76,86,775,advancedPawn crushing endgame short,https://lichess.org/Uk0Zc5V8/black#53,,"['f6f7', 'g8f8', 'e5e6']","[0.18503352999687195, 0.9826061725616455, 0.44801634550094604]","['f6f7', 'g8f8', 'e5e6']","[0.0021494433749467134, 0.9926867485046387, 0.005163765978068113]","['c7c8', 'g8f7', 'c8c7']","['f6f7', 'g8f8', 'e5e6']","[0.5747112035751343, 0.7838403582572937, 0.9509825706481934]","[0.34630876779556274, 0.9417399764060974, 0.9445538520812988]","['c7c8', 'g8f7', 'c8c7']","[0.34630876779556274, 0.9417399764060974, 0.9445538520812988]",6k1/ppR3p1/2b2Ppp/3p4/P2b4/8/7P/7K w - - 2 28
vUXTX,5b2/3R1pk1/1p2pNpQ/pPp1qr2/1nP5/1P5P/6P1/2B3K1 b - - 0 35,g7f6 h6h8 f8g7 h8d8,2140,77,94,7213,mate mateIn2 middlegame short,https://lichess.org/UXS3pYix/black#69,,"['h6h8', 'f8g7', 'h8d8']","[0.33072924613952637, 1.0, 0.24242419004440308]","['h6h4', 'f8g7', 'h8h4']","[0.0031912564300000668, 0.9938748478889465, 0.002933888928964734]","['h6f8', 'e5e1', 'g1h2']","['h6h8', 'f8g7', 'h8d8']","[0.5244725942611694, 0.9169498085975647, 1.0]","[0.37779876589775085, 1.0, 0.8794779777526855]","['h6f8', 'e5e1', 'g1h2']","[0.37779876589775085, 1.0, 0.8794779777526855]",4Rb2/5p2/1p2pkpQ/pPp1qr2/1nP5/1P5P/6P1/2B3K1 w - - 0 36
vUokL,3r3k/6p1/3r3p/p3Q3/qn2P2P/3p2P1/3R1PBK/R7 b - - 1 38,b4c6 e5d6 a4a1 d6c6,1556,75,94,1273,crushing middlegame short,https://lichess.org/lJENflfL/black#75,,"['e5d6', 'a4a1', 'd6c6']","[0.0074820490553975105, 0.5930097103118896, 0.6923400163650513]","['e5c3', 'a4a1', 'd6c6']","[0.012946446426212788, 0.9748731255531311, 0.012180373072624207]","['e5g7', 'h8g7', 'a1a4']","['e5d6', 'a4a1', 'd6c6']","[0.4730830192565918, 1.0, 0.929300844669342]","[0.3166130483150482, 0.8350867629051208, 0.9109649658203125]","['e5g7', 'h8g7', 'a1a4']","[0.3166130483150482, 0.8350867629051208, 0.9109649658203125]",3r3k/6p1/2nr3p/p3Q3/q3P2P/3p2P1/p2R1PBK/R7 w - - 2 39
vb4ws,RrB3k1/1P3pp1/7p/8/2b1p3/5qPK/5P1P/8 b - - 7 44,b8b7 c8f5 b7b8 a8b8,1876,75,87,539,discoveredAttack endgame mate mateIn2 short,https://lichess.org/fki9qhjl/black#87,,"['c8f5', 'b7b8', 'a8b8']","[0.06796322762966156, 1.0, 0.6810453534126282]","['c8b7', 'b7b8', 'a8b8']","[0.0095065888017416, 0.5930217504501343, 0.39747169613838196]","['c8f5', 'b7b8', 'a8b8']","['c8g4', 'g8h7', 'g4f3']","[0.5317404866218567, 1.0, 0.8950430154800415]","[0.4129970967769623, 0.9890961050987244, 0.8356876373291016]","['c8f5', 'b7b8', 'a8b8']","[0.5317404866218567, 1.0, 0.8950430154800415]",R1B2bk1/1r3pp1/7p/8/4p3/5qPK/5P1P/8 w - - 0 45
vlqkH,4r3/ppp2pk1/5P2/3P2P1/2P2K2/3pp3/P7/3R4 b - - 0 33,g7g6 d1h1 e8e4 f4e4,1789,120,46,16,crushing endgame quietMove rookEndgame short,https://lichess.org/8IrzDsLa/black#65,,"['d1h1', 'e8e4', 'f4e4']","[0.09966633468866348, 0.02060585469007492, 0.8876758813858032]","['d1d3', 'e3e2', 'f4e4']","[0.007199679035693407, 0.9667488932609558, 0.026051389053463936]","['d1h1', 'e8e4', 'f4e4']","['d1d3', 'e3e2', 'd3h3']","[0.5850456357002258, 0.9310718178749084, 0.981667160987854]","[0.3137672245502472, 0.7016004920005798, 0.8085739016532898]","['d1h1', 'e8e4', 'f4e4']","[0.5850456357002258, 0.9310718178749084, 0.981667160987854]",4r3/ppp2p2/5Pk1/3P2P1/2P5/3pp3/P7/2KR4 w - - 1 34
vqc8L,8/8/2K5/p1N5/P2kn2R/2p5/8/2r5 b - - 1 59,c3c2 c5b3 d4c3 b3c1,2080,76,85,324,crushing endgame fork master short,https://lichess.org/ErCtnNtY/black#117,,"['c5b3', 'd4c3', 'b3c1']","[0.1346307247877121, 0.10570178925991058, 0.5393095016479492]","['h4e4', 'd4e5', 'b3c1']","[0.004942729603499174, 0.9908668994903564, 0.004190371837466955]","['c5b3', 'd4c3', 'b3c1']","['h4e4', 'd4c3', 'e4e3']","[0.5937119722366333, 0.7005327343940735, 0.9452149868011475]","[0.3117780089378357, 1.0, 0.8063820004463196]","['c5b3', 'd4c3', 'b3c1']","[0.5937119722366333, 0.7005327343940735, 0.9452149868011475]",8/8/2K5/p1N5/P2kn2R/8/2p5/7r w - - 0 60
vsmIA,2n5/r1k4p/P2n2pP/K3R3/8/1P6/8/5B2 b - - 4 49,c8b6 e5c5 c7b8 a5b6,2185,77,86,178,advantage deflection endgame short,https://lichess.org/x9D7Egqb/black#97,,"['e5c5', 'c7b8', 'a5b6']","[0.11776313930749893, 0.3607126772403717, 0.5068798661231995]","['e5e7', 'c7d8', 'a5b6']","[0.0263203177601099, 0.9550687074661255, 0.01861102133989334]","['e5e7', 'c7b8', 'e7g7']","['e5c5', 'c7b8', 'a5b6']","[0.46071857213974, 0.9558806419372559, 0.8158729076385498]","[0.3477250635623932, 0.9199172854423523, 0.9390392899513245]","['e5e7', 'c7b8', 'e7g7']","[0.3477250635623932, 0.9199172854423523, 0.9390392899513245]",8/r1k4p/Pn1n2pP/K3R3/8/1P6/p7/5B2 w - - 5 50
w0PGx,r1b1k2r/ppp2pp1/3b4/3Pn2B/3P4/8/PPP3Pq/RNBQ1RK1 w kq - 0 12,g1h2 e5f3 h2h1 h8h5,1667,74,95,4287,doubleCheck interference mate mateIn2 opening pin short,https://lichess.org/rZ2iQZVc#22,Kings_Gambit_Declined Kings_Gambit_Declined_Falkbeer_Countergambit,"['e5f3', 'h2h1', 'h8h5']","[0.1456335037946701, 1.0, 0.7413597106933594]","['c8g4', 'h2h1', 'h8h5']","[0.027452290058135986, 0.7850136756896973, 0.18753406405448914]","['e5g4', 'h2g1', 'd6h2']","['e5f3', 'h2h1', 'h8h5']","[0.36611804366111755, 0.896071195602417, 0.8688309788703918]","[0.36241012811660767, 1.0, 0.9028816223144531]","['e5g4', 'h2g1', 'd6h2']","[0.36241012811660767, 1.0, 0.9028816223144531]",r1b1k2r/ppp2pp1/3b4/3Pn2B/3P4/8/PPP4K/RNBQ1R2 b kq - 0 12
w6FBE,rn2k2r/ppp2ppp/3bp3/3Q2Bq/8/5N2/PPP1BPPP/R3R1K1 b kq - 0 12,e6d5 e2b5 e8f8 e1e8,950,82,86,636,doubleCheck mate mateIn2 middlegame short,https://lichess.org/PNmmcIyZ/black#23,Scandinavian_Defense Scandinavian_Defense_Mieses-Kotroc_Variation,"['e2b5', 'e8f8', 'e1e8']","[0.1664496660232544, 1.0, 0.48122310638427734]","['e2b5', 'e8f8', 'e1e8']","[0.01687590777873993, 0.891873300075531, 0.09125079214572906]","['e2b5', 'e8f8', 'e1e8']","['e2a6', 'e8d7', 'a6b7']","[0.5540339946746826, 1.0, 0.7631851434707642]","[0.310232937335968, 0.8685781359672546, 0.849926233291626]","['e2b5', 'e8f8', 'e1e8']","[0.5540339946746826, 1.0, 0.7631851434707642]",r3k2r/ppp2ppp/3b2n1/3p2Bq/8/5N2/PPP1BPPP/R3R1K1 w kq - 0 13
wAgB2,4R3/1p3ppk/p6p/2pr4/P4B2/2bP2PQ/1qP2P1P/6K1 w - - 1 28,h3g2 b2b1 g2f1 b1c2,1902,74,89,145,crushing endgame short,https://lichess.org/5mkhIrwy#54,,"['b2b1', 'g2f1', 'b1c2']","[0.4516136050224304, 0.8646398782730103, 0.646446704864502]","['b2b1', 'g2f1', 'b1c2']","[0.009228969924151897, 0.9797929525375366, 0.010978031903505325]","['b2a1', 'g2f1', 'a1a4']","['b2b1', 'g2f1', 'b1c2']","[0.527758002281189, 0.9697377681732178, 0.9072020649909973]","[0.3611353039741516, 0.9630791544914246, 0.9183245301246643]","['b2a1', 'g2f1', 'a1a4']","[0.3611353039741516, 0.9630791544914246, 0.9183245301246643]",4R3/1p3ppk/p6p/2pr4/P1b2B2/3P2P1/1qP2PQP/6K1 b - - 2 28
wDjtj,8/p5pk/1pQ5/4p3/4R1Pp/8/PPP3PK/3r1r2 w - - 0 33,g2g3 f1f2 h2h3 d1h1,2292,85,91,3148,endgame master masterVsMaster mate mateIn2 queenRookEndgame short,https://lichess.org/av1Uizj0#64,,"['f1f2', 'h2h3', 'd1h1']","[0.2174929678440094, 1.0, 0.6160048246383667]","['f1h1', 'h2h3', 'd1h1']","[0.00214856443926692, 0.9954293966293335, 0.002422018675133586]","['f1f2', 'h2h3', 'd1h1']","['d1d2', 'e4e2', 'd2e2']","[0.4540478587150574, 1.0, 0.9074845910072327]","[0.3415376543998718, 0.9916832447052002, 0.9252777695655823]","['f1f2', 'h2h3', 'd1h1']","[0.4540478587150574, 1.0, 0.9074845910072327]",8/p5pk/1pQ1R3/4p3/6Pp/6P1/PPP4K/3r1r2 b - - 0 33
wOUQ6,rnbq1rk1/5Np1/5bn1/p1PP3p/1pP2B1P/3Q1N2/PPB3P1/1R3K1R b - - 0 20,g6f4 f7h6 g7h6 d3h7,1859,73,94,10589,kingsideAttack mate mateIn2 middlegame sacrifice short,https://lichess.org/uFeRG4Bp/black#39,,"['f7h6', 'g7h6', 'd3h7']","[0.1350449025630951, 0.8076161742210388, 0.5056422352790833]","['d3h7', 'g7h6', 'd3h7']","[0.007783728186041117, 0.9863840937614441, 0.005832211580127478]","['f7h6', 'g7h6', 'd3h7']","['f7d8', 'f4d3', 'c2d3']","[0.3850279152393341, 0.736090362071991, 0.9042167663574219]","[0.30296021699905396, 0.9292389750480652, 0.9060619473457336]","['f7h6', 'g7h6', 'd3h7']","[0.3850279152393341, 0.736090362071991, 0.9042167663574219]",rnbq1rkB/5Np1/5b2/p1PP3p/1pP2n1P/3Q1N2/PP4P1/1R3K1R w - - 0 21
wZVwm,3r3k/pp4p1/2b5/4p3/1P2P3/3Bq3/P3Q1PP/5R1K b - - 2 31,e3d3 f1f8 d8f8 e2d3,1955,75,94,14298,advantage deflection endgame short,https://lichess.org/RoFAGMsl/black#61,,"['f1f8', 'd8f8', 'e2d3']","[0.004471974913030863, 0.047069430351257324, 0.16333910822868347]","['e2h5', 'h8h7', 'e2h5']","[0.0018845096928998828, 0.9940059185028076, 0.004109599627554417]","['e2h5', 'h8g8', 'h5f7']","['f1f8', 'd8f8', 'e2d3']","[0.49705415964126587, 1.0, 0.9236679077148438]","[0.44906964898109436, 0.988013744354248, 0.9578180909156799]","['e2h5', 'h8g8', 'h5f7']","[0.44906964898109436, 0.988013744354248, 0.9578180909156799]",3r3k/pp1q2p1/2b5/4p3/1P2P3/8/P3Q1PP/5R1K w - - 0 32
wn6ND,5r1r/ppp3k1/2n1q1pp/3ppP2/7b/2PP2NP/PP4P1/R1BQ1RK1 b - - 0 17,g6f5 g3f5 f8f5 d1g4,1874,75,94,6862,advantage fork middlegame sacrifice short,https://lichess.org/eAiWAVZu/black#33,Vienna_Game Vienna_Game_Frankenstein-Dracula_Variation,"['g3f5', 'f8f5', 'd1g4']","[0.2144419103860855, 0.5294872522354126, 0.7039766907691956]","['g3h5', 'f8f5', 'd1g4']","[0.028548460453748703, 0.8368487358093262, 0.13460275530815125]","['g3f5', 'f8f5', 'd1g4']","['g3h5', 'g7h7', 'd3d4']","[0.41521039605140686, 0.7958959341049194, 0.9374440312385559]","[0.3450569212436676, 0.8887559771537781, 0.8501189351081848]","['g3f5', 'f8f5', 'd1g4']","[0.41521039605140686, 0.7958959341049194, 0.9374440312385559]",5r1r/ppp3k1/2n1q2p/1Q1ppp2/7b/2PP2NP/PP4P1/R1B2RK1 w - - 0 18
wrweu,6k1/pp3p1p/2b5/3p2B1/3P4/r6P/P3rN2/5KR1 b - - 6 34,a3a2 g5e7 g8h8 e7f6,1923,106,67,98,discoveredAttack endgame mate mateIn2 short,https://lichess.org/hj4G3W4o/black#67,,"['g5e7', 'g8h8', 'e7f6']","[0.10521447658538818, 1.0, 0.6900263428688049]","['g5h6', 'g8h8', 'e7f6']","[0.003231751499697566, 0.9817138910293579, 0.015054336749017239]","['g5e7', 'g8h8', 'e7f6']","['g5h6', 'g8h8', 'h6g7']","[0.46422597765922546, 1.0, 0.9217782616615295]","[0.3753029704093933, 1.0, 0.9036787152290344]","['g5e7', 'g8h8', 'e7f6']","[0.46422597765922546, 1.0, 0.9217782616615295]",6k1/pp3p1p/2b5/3p2B1/3P4/7P/r4N2/5KRr w - - 0 35
xB9sF,r6r/1pN5/p3Q1kp/5p2/3P2b1/2P1P1P1/PP1K1P2/q7 b - - 4 21,g6g5 f2f4 g5h5 e6f7,1467,75,91,1835,endgame mate mateIn2 short,https://lichess.org/7Hifhujf/black#41,,"['f2f4', 'g5h5', 'e6f7']","[0.2837628722190857, 1.0, 0.7025558352470398]","['e6e7', 'g5h5', 'e6f7']","[0.0013413543347269297, 0.9971526861190796, 0.0015059419674798846]","['e6e7', 'g5g6', 'e7e6']","['f2f4', 'g5h5', 'e6f7']","[0.5760325193405151, 0.9891381859779358, 0.9129346609115601]","[0.35741347074508667, 1.0, 0.8772188425064087]","['e6e7', 'g5g6', 'e7e6']","[0.35741347074508667, 1.0, 0.8772188425064087]",r6r/1pN4b/p3Q2p/5pk1/3P4/2P1P1P1/PP1K1P2/q7 w - - 5 22
xCzJA,r1bq1rk1/p7/2p1pP2/3p2N1/2n3Q1/8/P1P2PPP/R4RK1 b - - 0 18,e6e5 g5e6 g8f7 e6d8,1210,76,96,5079,crushing discoveredAttack fork middlegame short,https://lichess.org/zyXSZc4v/black#35,Sicilian_Defense Sicilian_Defense_Four_Knights_Variation,"['g5e6', 'g8f7', 'e6d8']","[0.34294378757476807, 0.7222738862037659, 0.51884526014328]","['g5e6', 'g8f7', 'e6d8']","[0.02094420976936817, 0.9711502194404602, 0.007905573584139347]","['g5e6', 'g8f7', 'e6d8']","['g4h5', 'f8f6', 'h5h7']","[0.3787732720375061, 0.9710205793380737, 0.8969153761863708]","[0.3057819604873657, 0.7253826260566711, 0.7061895132064819]","['g5e6', 'g8f7', 'e6d8']","[0.3787732720375061, 0.9710205793380737, 0.8969153761863708]",r1bq1rk1/p7/2p2P1n/3pp1N1/6Q1/8/P1P2PPP/R4RK1 w - - 0 19
xJghr,2b2rk1/1p2RN2/2p2R2/8/3p4/r5P1/6PP/6K1 b - - 0 31,d4d3 f7h6 g8h8 f6f8,1490,146,5,24,deflection discoveredAttack endgame mate mateIn2 short,https://lichess.org/WOnEWQeS/black#61,,"['f7h6', 'g8h8', 'f6f8']","[0.3632753789424896, 1.0, 0.8080909848213196]","['f7h6', 'g8h8', 'f6f8']","[0.0021604897920042276, 0.9935950636863708, 0.004244417417794466]","['f7h6', 'g8h8', 'f6f8']","['f6g6', 'g8h7', 'f7e5']","[0.42647838592529297, 1.0, 0.9245139956474304]","[0.3296443223953247, 1.0, 0.858914315700531]","['f7h6', 'g8h8', 'f6f8']","[0.42647838592529297, 1.0, 0.9245139956474304]",2b2rk1/1p3N2/2p2R2/8/1R6/r2p2P1/6PP/6K1 w - - 0 32
xUDmW,r3k1nr/ppp2pb1/1q5p/3Pn1p1/2B1Np2/5R2/PPP3PP/R1B1Q2K b kq - 3 14,e5c4 e4f6 e8f8 f6d7,1979,78,95,12957,doubleCheck mate mateIn2 middlegame short,https://lichess.org/tlvVcz3Y/black#27,Kings_Gambit_Accepted Kings_Gambit_Accepted_Becker_Defense,"['e4f6', 'e8f8', 'f6d7']","[0.02941376157104969, 0.47179359197616577, 0.7169718146324158]","['e4c5', 'e8d8', 'f6d7']","[0.026882320642471313, 0.7582880258560181, 0.21482963860034943]","['e4d6', 'e8f8', 'd6c4']","['e4f6', 'e8f8', 'f6d7']","[0.37575188279151917, 0.8384295105934143, 0.9007195830345154]","[0.3585512936115265, 0.9329739809036255, 0.8621631860733032]","['e4d6', 'e8f8', 'd6c4']","[0.3585512936115265, 0.9329739809036255, 0.8621631860733032]",r3k2r/ppp2pb1/1q5p/n2P2p1/2n1Np2/5R2/PPP3PP/R1B1Q2K w kq - 0 15
xg6ic,2krr3/pp1n1Qp1/2RBp2p/4P2P/6q1/1R6/PP3P2/K7 b - - 0 28,b7c6 b3b8 d7b8 f7c7,1004,75,94,730,mate mateIn2 middlegame queensideAttack sacrifice short,https://lichess.org/TjQBw4SN/black#55,,"['b3b8', 'd7b8', 'f7c7']","[0.01176153589040041, 1.0, 0.6595813632011414]","['f2f3', 'd7b8', 'f7c7']","[0.0017721271142363548, 0.9950696229934692, 0.003158288775011897]","['a2a3', 'g4d1', 'a1a2']","['b3b8', 'd7b8', 'f7c7']","[0.4656032621860504, 0.7701979875564575, 1.0]","[0.3715382516384125, 1.0, 0.8222073316574097]","['a2a3', 'g4d1', 'a1a2']","[0.3715382516384125, 1.0, 0.8222073316574097]",q1krr3/p2n1Qp1/2pBp2p/4P2P/8/1R6/PP3P2/K7 w - - 0 29
xtxSg,r4rk1/p4pbp/2bp1Pp1/1Nn1p3/2p1n3/N1P1B2q/PPB1Q1PP/3R1R1K w - - 1 19,g2h3 e4f2 h1g1 f2h3,2280,77,93,3694,doubleCheck kingsideAttack mate mateIn2 middlegame short,https://lichess.org/PcNiVSmJ#36,Modern_Defense Modern_Defense_Three_Pawns_Attack,"['e4f2', 'h1g1', 'f2h3']","[0.03611069917678833, 1.0, 0.22076761722564697]","['e4g3', 'h1g1', 'f2h3']","[0.016372347250580788, 0.86981201171875, 0.11381568014621735]","['e4f2', 'h1g1', 'f2h3']","['e4g3', 'h1g1', 'g3e2']","[0.5373435616493225, 1.0, 0.849946916103363]","[0.3292787969112396, 1.0, 0.9078584909439087]","['e4f2', 'h1g1', 'f2h3']","[0.5373435616493225, 1.0, 0.849946916103363]",r4rk1/p4pbp/2bp1Pp1/1N2p3/2p1n3/N1P1B2P/PPB1Q1nP/3R1R1K b - - 0 19
xubfY,2R5/1r3kpp/pB2p2r/1p1p1p2/3Pn2q/P3P3/1P2BPPN/2Q2RK1 w - - 3 22,c8c7 f7f6 c7f7 f6f7,1807,312,100,5,defensiveMove equality middlegame short,https://lichess.org/IGqZ54eg#42,,"['f7f6', 'c7f7', 'f6f7']","[0.11628731340169907, 0.007836535573005676, 0.608121395111084]","['f7g8', 'h2f3', 'f6f7']","[0.003007928840816021, 0.9943774342536926, 0.0026145889423787594]","['f7f6', 'c7f7', 'f6f7']","['f7g6', 'c7g7', 'b7g7']","[0.5501843094825745, 0.7961246967315674, 0.8830815553665161]","[0.3923075497150421, 0.8703013062477112, 0.7291034460067749]","['f7f6', 'c7f7', 'f6f7']","[0.5501843094825745, 0.7961246967315674, 0.8830815553665161]",8/1rR2kpp/pB1Rp2r/1p1p1p2/3Pn2q/P3P3/1P2BPPN/2Q3K1 b - - 4 22
y1Eua,8/8/p2N3R/1p4k1/3p4/P2P1q2/1PP2P2/K7 w - - 12 35,h6e6 f3h1 a1a2 h1d5,1886,74,64,138,crushing endgame short,https://lichess.org/Eivrap1C#68,,"['f3h1', 'a1a2', 'h1d5']","[0.0837760865688324, 0.9974508881568909, 0.7195532917976379]","['f3d1', 'a1a2', 'h1d5']","[0.009332585148513317, 0.9656164050102234, 0.025050971657037735]","['f3d1', 'a1a2', 'd1c2']","['f3h1', 'a1a2', 'h1d5']","[0.47011205554008484, 1.0, 0.924871563911438]","[0.45979806780815125, 0.8297150135040283, 0.8962455987930298]","['f3d1', 'a1a2', 'd1c2']","[0.45979806780815125, 0.8297150135040283, 0.8962455987930298]",8/8/p3R3/1p4k1/3p4/P2P1q2/1PP2P2/K1N5 b - - 13 35
y7FWM,r1b1k2r/pp1p1pRp/4pn2/5q2/1b1B4/2N2P2/PPP1B3/R2QK3 b Qkq - 0 15,h8g8 d4f6 g8g7 f6g7,1389,75,86,255,crushing middlegame short,https://lichess.org/uRiuoHPZ/black#29,Indian_Defense Indian_Defense_London_System,"['d4f6', 'g8g7', 'f6g7']","[0.0969122126698494, 0.43744587898254395, 0.7185243368148804]","['g7g8', 'g8g7', 'f6g7']","[0.03179045394062996, 0.8736847639083862, 0.09452484548091888]","['d4f6', 'g8g7', 'f6g7']","['g7g8', 'f6g8', 'd1d2']","[0.5521726012229919, 0.8941563963890076, 0.9401049017906189]","[0.3719043731689453, 0.9882246255874634, 0.8376200199127197]","['d4f6', 'g8g7', 'f6g7']","[0.5521726012229919, 0.8941563963890076, 0.9401049017906189]",r1b1k1r1/pp1p1pRp/4pn2/3B1q2/1b1B4/2N2P2/PPP5/R2QK3 w Qq - 1 16
yCO2P,3k4/3P1p2/1PK4p/8/4P3/2r5/6p1/3R4 w - - 2 48,c6d6 c3d3 d1d3 g2g1q,1312,77,83,252,advancedPawn crushing deflection endgame promotion rookEndgame short,https://lichess.org/TbMg26qQ#94,,"['c3d3', 'd1d3', 'g2g1q']","[0.30023062229156494, 0.674152672290802, 0.765675961971283]","['c3d3', 'd1d3', 'g2g1q']","[0.004969041328877211, 0.9898583292961121, 0.0051726060919463634]","['c3b3', 'd6c6', 'b3c3']","['c3d3', 'd1d3', 'g2g1q']","[0.4382876753807068, 0.7939509153366089, 0.7420793771743774]","[0.4324331283569336, 0.8714374899864197, 0.9803123474121094]","['c3b3', 'd6c6', 'b3c3']","[0.4324331283569336, 0.8714374899864197, 0.9803123474121094]",3k4/3P1p2/1P5p/8/4P2K/2r5/6p1/3R4 b - - 3 48
yNvcQ,r4rk1/1p2ppb1/3p2p1/3Rn2p/p3PB1P/5P2/PqP1Q1P1/1KN4R w - - 0 19,b1b2 e5c4 b2b1 c4a3,1535,76,98,341,middlegame,https://lichess.org/NLMGhc7K#36,,"['e5c4', 'b2b1', 'c4a3']","[0.09422843158245087, 1.0, 0.7525874376296997]","['e5c4', 'b2b1', 'c4a3']","[0.01427102368324995, 0.8667179942131042, 0.11901099234819412]","['e5c4', 'b2b1', 'c4a3']","['e5d3', 'b2b1', 'd3f4']","[0.582822322845459, 1.0, 0.8872745037078857]","[0.3335203230381012, 0.953224241733551, 0.8654272556304932]","['e5c4', 'b2b1', 'c4a3']","[0.582822322845459, 1.0, 0.8872745037078857]",r4rk1/1p2ppb1/3p2p1/3Rn2p/p3PB1P/5P1N/PKP1Q1P1/7R b - - 0 19
yQA1N,3Q1b2/2R2pkp/4p1p1/3p4/1q6/7P/5PP1/6K1 w - - 12 33,d8d7 b4e1 g1h2 e1f2,2216,79,85,282,crushing deflection endgame short,https://lichess.org/59B1iOC6#64,,"['b4e1', 'g1h2', 'e1f2']","[0.4581291675567627, 1.0, 0.5326966047286987]","['b4e1', 'g1h2', 'e1f2']","[0.008866120129823685, 0.9847820401191711, 0.006351763848215342]","['b4e1', 'g1h2', 'e1f2']","['b4b1', 'g1h2', 'b1f5']","[0.5169156789779663, 1.0, 0.8289677500724792]","[0.3547891080379486, 0.9931176900863647, 0.921843409538269]","['b4e1', 'g1h2', 'e1f2']","[0.5169156789779663, 1.0, 0.8289677500724792]",5b2/3Q1pkp/4p1p1/3p4/1q6/5R1P/5PP1/6K1 b - - 13 33
yRhJ5,r2q1rk1/5pp1/b2bp3/p2nN2p/8/P5B1/1P1N1PPP/R2QR1K1 w - - 1 18,d2c4 d6e5 c4e5 h5h4,2519,106,90,751,advantage middlegame short,https://lichess.org/MsfN5tVs#34,Sicilian_Defense Sicilian_Defense_Nyezhmetdinov-Rossolimo_Attack,"['d6e5', 'c4e5', 'h5h4']","[0.11053596436977386, 0.6644094586372375, 0.6523151993751526]","['h5h4', 'c4e5', 'h5h4']","[0.011335822753608227, 0.9749865531921387, 0.013677610084414482]","['a6c4', 'e5c4', 'd6g3']","['d6e5', 'c4e5', 'h5h4']","[0.40946707129478455, 0.9268029928207397, 0.9151560068130493]","[0.3074358105659485, 0.8034929633140564, 0.8208242654800415]","['a6c4', 'e5c4', 'd6g3']","[0.3074358105659485, 0.8034929633140564, 0.8208242654800415]",r2q1rk1/5pp1/b2bp3/p2nN2p/R1N5/P5B1/1P3PPP/3QR1K1 b - - 2 18
ySy7Q,r4rk1/pb4bp/1p2p1p1/4P3/2Ppq1P1/1P1N2K1/P2BQ2P/R4R2 w - - 1 23,a1e1 e4e2 f1f8 a8f8,2145,74,91,999,crushing middlegame short,https://lichess.org/EJq0eLhU#44,,"['e4e2', 'f1f8', 'a8f8']","[0.2497313767671585, 0.20739753544330597, 0.28833210468292236]","['f8f1', 'e1e2', 'g8f8']","[0.01888824626803398, 0.959425151348114, 0.021686606109142303]","['e4e2', 'f1f8', 'a8f8']","['f8f1', 'e2f1', 'e4c6']","[0.5400148034095764, 0.7257030606269836, 0.9556390047073364]","[0.33334141969680786, 0.812808632850647, 0.8272845149040222]","['e4e2', 'f1f8', 'a8f8']","[0.5400148034095764, 0.7257030606269836, 0.9556390047073364]",5rk1/pb4bp/1p2p1p1/1r2P3/2Ppq1P1/1P1N2K1/P2BQ2P/4RR2 b - - 2 23
yXXjQ,r4rk1/1pp2pbp/pn1p1qp1/4n1B1/2P1P3/1PN3P1/P2Q1PBP/R4RK1 b - - 3 15,e5c4 g5f6 c4d2 f6g7,1509,81,80,93,advantage middlegame short,https://lichess.org/UwkEulCV/black#29,Kings_Indian_Defense Kings_Indian_Defense_Fianchetto_Variation,"['g5f6', 'c4d2', 'f6g7']","[0.2069750279188156, 0.822613537311554, 0.15857857465744019]","['b3c4', 'c4d2', 'f1d1']","[0.03225375711917877, 0.9539777636528015, 0.013768521137535572]","['g5f6', 'c4d2', 'f6g7']","['b3c4', 'f6c3', 'd2c3']","[0.5091190934181213, 0.8990838527679443, 0.9131237864494324]","[0.3178440034389496, 0.9134206771850586, 0.7704032063484192]","['g5f6', 'c4d2', 'f6g7']","[0.5091190934181213, 0.8990838527679443, 0.9131237864494324]",r4rk1/1pp2pbp/pn1p1qp1/6B1/2n1P3/1PN3P1/P2QpPBP/R4RK1 w - - 0 16
ydz6i,r1b3k1/ppq3pp/2p5/2P1b3/4B3/1P4P1/PBQ4P/5RK1 b - - 0 21,e5b2 e4h7 g8h8 f1f8,1930,80,85,1896,mate mateIn2 middlegame short,https://lichess.org/Rbe469me/black#41,,"['e4h7', 'g8h8', 'f1f8']","[0.5608124732971191, 1.0, 0.4378703534603119]","['e4h7', 'g8h8', 'f1f8']","[0.003243181621655822, 0.9946184754371643, 0.002138428157195449]","['e4h7', 'g8h8', 'f1f8']","['c2c4', 'c8e6', 'c4e6']","[0.5250940918922424, 1.0, 0.783257007598877]","[0.37426602840423584, 0.9705647826194763, 0.8864794373512268]","['e4h7', 'g8h8', 'f1f8']","[0.5250940918922424, 1.0, 0.783257007598877]",2br2k1/ppq3pp/2p5/2P5/4B3/1P4P1/PbQ4P/5RK1 w - - 0 22
ym4Bc,8/8/P5k1/1P3Rp1/4KpP1/4p2P/r7/8 w - - 5 53,e4d3 e3e2 f5e5 f4f3,2001,75,92,731,advancedPawn crushing endgame rookEndgame short,https://lichess.org/eddvxW6i#104,,"['e3e2', 'f5e5', 'f4f3']","[0.1398540735244751, 0.9293416738510132, 0.7485058903694153]","['a2a3', 'f5e5', 'f4f3']","[0.008995731361210346, 0.9846382737159729, 0.006365965586155653]","['e3e2', 'f5e5', 'f4f3']","['a2d2', 'd3c3', 'd2a2']","[0.39667636156082153, 0.9208586812019348, 0.961130678653717]","[0.33139684796333313, 0.7244284749031067, 0.7757852077484131]","['e3e2', 'f5e5', 'f4f3']","[0.39667636156082153, 0.9208586812019348, 0.961130678653717]",8/8/P5k1/1P3Rp1/5pP1/3KpP1P/r7/8 b - - 6 53
yuT5C,3r2k1/2p2p1p/ppbq2p1/4p3/1P1P4/P2RP1PP/5QP1/1B4K1 b - - 1 27,c6e4 d4e5 d6d3 b1d3,1340,75,83,134,advantage endgame short,https://lichess.org/Zit2QV7r/black#53,,"['d4e5', 'd6d3', 'b1d3']","[0.1773756742477417, 0.04719299450516701, 0.8633266091346741]","['d4e5', 'e4d3', 'b1d3']","[0.03117525763809681, 0.8425875902175903, 0.1262371987104416]","['d4e5', 'd6d3', 'b1d3']","['d3d1', 'e4b1', 'd1b1']","[0.452284038066864, 0.8061749339103699, 0.9478702545166016]","[0.35308143496513367, 0.8995196223258972, 0.9273227453231812]","['d4e5', 'd6d3', 'b1d3']","[0.452284038066864, 0.8061749339103699, 0.9478702545166016]",6k1/2p2p1p/pp1q2p1/4p3/1P1Pb3/P2RP1PP/5QP1/rB4K1 w - - 2 28
z3KNV,6k1/p1P2p2/3P3p/1pQ3p1/8/1P1q1KP1/P5P1/8 w - - 7 39,f3g4 d3e2 g4h3 e2h5,2090,74,94,9899,endgame mate mateIn2 queenEndgame short,https://lichess.org/EBca6W6E#76,,"['d3e2', 'g4h3', 'e2h5']","[0.19029277563095093, 0.7109643220901489, 0.624487042427063]","['d3e4', 'g4h3', 'e2h5']","[0.0014999443665146828, 0.9940484762191772, 0.00445156916975975]","['d3e2', 'g4h3', 'e2h5']","['d3d1', 'g4f5', 'd1f1']","[0.4636916220188141, 0.8106608390808105, 0.896770179271698]","[0.41598793864250183, 0.8879300355911255, 0.7757055759429932]","['d3e2', 'g4h3', 'e2h5']","[0.4636916220188141, 0.8106608390808105, 0.896770179271698]",6k1/p1P2p2/3P3p/1pQ3pK/8/1P1q2P1/P5P1/8 b - - 8 39
z8ZMm,r2r2k1/pp3pp1/3qbn1p/8/PPQ5/5N2/B1R2PPP/R5K1 w - - 7 21,c4c5 d6d1 f3e1 d1a1,1523,74,88,946,crushing middlegame pin short,https://lichess.org/GAbxn3q5#40,,"['d6d1', 'f3e1', 'd1a1']","[0.0005874890484847128, 0.1863403022289276, 0.9055721163749695]","['e6a2', 'a1d1', 'd1a1']","[0.12381269782781601, 0.8361963629722595, 0.03999093174934387]","['d6d1', 'f3e1', 'd1a1']","['d6c5', 'b4c5', 'e6a2']","[0.3243844211101532, 0.7156670689582825, 0.9028839468955994]","[0.3174373507499695, 0.9276105165481567, 0.847882866859436]","['d6d1', 'f3e1', 'd1a1']","[0.3243844211101532, 0.7156670689582825, 0.9028839468955994]",r2r2k1/pp3pp1/3qbnPp/2Q5/PP6/5N2/B1R2PPP/R5K1 b - - 8 21
z9qF2,1r3kr1/4qp1p/Q3p3/2b5/4b3/1Pn1P1P1/P2BBP1P/R4RK1 b - - 3 27,b8b6 a6c8 f8g7 d2c3,1561,75,95,15638,crushing middlegame short,https://lichess.org/Xkmabor8/black#53,,"['a6c8', 'f8g7', 'd2c3']","[0.29656481742858887, 0.8243744969367981, 0.4926348626613617]","['a6c8', 'f8g7', 'd2c3']","[0.00502454349771142, 0.9868164658546448, 0.008159000426530838]","['a6c8', 'f8g7', 'd2c3']","['a6c4', 'c3e2', 'c4e2']","[0.6034719944000244, 0.9489465951919556, 0.9123563766479492]","[0.3248484134674072, 0.8978425860404968, 1.0]","['a6c8', 'f8g7', 'd2c3']","[0.6034719944000244, 0.9489465951919556, 0.9123563766479492]",5kr1/5p1p/Qr2pq2/2b5/4b3/1Pn1P1P1/P2BBP1P/R4RK1 w - - 4 28
zAEfW,r4rk1/pp1q1ppQ/3p4/2p4B/8/8/PP6/1K1R3R b - - 0 22,g8h7 h5f7 d7h3 h1h3,1843,75,88,115,discoveredAttack endgame mate mateIn2 short,https://lichess.org/QBcZCvpr/black#43,,"['h5f7', 'd7h3', 'h1h3']","[0.2658880949020386, 1.0, 0.7143083214759827]","['h5f7', 'd7h3', 'h1h3']","[0.007823117077350616, 0.9370397925376892, 0.05513710528612137]","['h5f7', 'd7h3', 'h1h3']","['h5g4', 'h7g8', 'g4d7']","[0.5428026914596558, 1.0, 0.9429320096969604]","[0.4093993306159973, 0.7192362546920776, 0.9258880615234375]","['h5f7', 'd7h3', 'h1h3']","[0.5428026914596558, 1.0, 0.9429320096969604]",r4r2/pp3ppk/3p3q/2p4B/8/8/PP6/1K1R3R w - - 0 23
zFmpW,6k1/p3p2p/2Pp3b/2q2p2/8/5P1Q/P4nPP/5R1K w - - 3 31,f1f2 c5c1 f2f1 c1f1,839,98,87,865,endgame mate mateIn2 short,https://lichess.org/hIpZjrZU#60,,"['c5c1', 'f2f1', 'c1f1']","[0.40407148003578186, 1.0, 0.8889262676239014]","['c5c1', 'f2f1', 'c1f1']","[0.0037605760153383017, 0.9952440857887268, 0.0009953546104952693]","['c5c1', 'f2f1', 'c1f1']","['c5f2', 'h3g3', 'f2g3']","[0.5855950117111206, 1.0, 0.8798722624778748]","[0.3642733693122864, 0.9401274919509888, 0.8063817024230957]","['c5c1', 'f2f1', 'c1f1']","[0.5855950117111206, 1.0, 0.8798722624778748]",6k1/p3p2p/2Pp3b/2q2p2/8/5P1Q/P4R1P/7K b - - 0 31
zFxvf,2k5/1R6/2p4p/2Pp3r/r1nP4/1RK3B1/8/8 b - - 0 45,h5h3 b7c7 c8d8 b3b8,1830,78,73,149,endgame mate mateIn2 short,https://lichess.org/9yiAJBoM/black#89,,"['b7c7', 'c8d8', 'b3b8']","[0.3419123888015747, 1.0, 0.4140632748603821]","['b7b8', 'c8d8', 'b3b8']","[0.004883394576609135, 0.9870708584785461, 0.008045687340199947]","['b7c7', 'c8d8', 'b3b8']","['b7g7', 'a4a3', 'b3a3']","[0.5003626942634583, 1.0, 0.8239901065826416]","[0.33846837282180786, 0.9284427165985107, 0.9020869731903076]","['b7c7', 'c8d8', 'b3b8']","[0.5003626942634583, 1.0, 0.8239901065826416]",2k5/1R6/2p4p/2Pp4/r1nP4/2K3Br/2R5/8 w - - 1 46
zNfLK,r6Q/pp1kqp2/2p1b3/2p5/2P5/2Nn4/PP3P2/4RKN1 w - - 2 25,e1e6 a8h8 e6e7 d7e7,1786,75,91,1416,crushing middlegame short,https://lichess.org/srU0VWsn#48,,"['a8h8', 'e6e7', 'd7e7']","[0.4508171081542969, 0.6701366305351257, 0.9064198732376099]","['a8h8', 'e6e7', 'd7e7']","[0.014478418976068497, 0.9808947443962097, 0.004626869689673185]","['a8h8', 'e6e7', 'd7e7']","['e7e6', 'h8a8', 'e6e1']","[0.5391412973403931, 0.8647575378417969, 0.9854538440704346]","[0.38557177782058716, 0.9054551124572754, 0.8989304900169373]","['a8h8', 'e6e7', 'd7e7']","[0.5391412973403931, 0.8647575378417969, 0.9854538440704346]",r6Q/pp1kqp2/2p1R3/2p5/2P5/2Nn4/PP1K1P2/6N1 b - - 0 25
zgWr1,8/P4p1p/6pk/2p1n3/4Pq2/5P1P/1Q3P2/5K2 b - - 0 35,e5d3 b2c2 f4f3 a7a8q,2604,86,91,583,advancedPawn crushing endgame promotion short,https://lichess.org/4qvYifG0/black#69,,"['b2c2', 'f4f3', 'a7a8q']","[0.011418131180107594, 0.7232316136360168, 0.48360610008239746]","['a7a8q', 'f4f3', 'a7a8q']","[0.006828417535871267, 0.9912675023078918, 0.0019040920305997133]","['b2c2', 'f4f3', 'a7a8q']","['b2c3', 'f4f3', 'c3d2']","[0.42256447672843933, 0.8661097288131714, 0.8216879963874817]","[0.3423675000667572, 0.8477065563201904, 0.762813150882721]","['b2c2', 'f4f3', 'a7a8q']","[0.42256447672843933, 0.8661097288131714, 0.8216879963874817]",8/P4p1p/6pk/2p5/4Pq2/3n1P1P/1Q1P1P2/5K2 w - - 1 36
zjrRb,r1b2rk1/p1qn1pp1/1pp4p/3p4/3P2nB/P1NBP1K1/1P2NPP1/R2Q1R2 w - - 3 14,g3g4 d7f6 g4f3 c8g4,1353,76,95,1730,doubleCheck mate mateIn2 middlegame short,https://lichess.org/56veSAwQ#26,Queens_Gambit_Declined Queens_Gambit_Declined_Exchange_Variation,"['d7f6', 'g4f3', 'c8g4']","[0.11584138870239258, 1.0, 0.20540203154087067]","['d7c5', 'g4f3', 'c8g4']","[0.024006713181734085, 0.834065854549408, 0.14192746579647064]","['d7f6', 'g4f3', 'c8g4']","['d7e5', 'g4g3', 'e5d3']","[0.4624335765838623, 1.0, 0.8761967420578003]","[0.44140610098838806, 0.9715232849121094, 0.8880637288093567]","['d7f6', 'g4f3', 'c8g4']","[0.4624335765838623, 1.0, 0.8761967420578003]",r1b2rk1/p1qn1pp1/1pp1R2p/3p4/3P2KB/P1NBP3/1P2NPP1/3Q1R2 b - - 0 14
zlS7H,7r/4Qppp/8/1B2p3/4P2k/2rnK3/1q3P2/6R1 b - - 1 28,h4h3 g1g3 h3h2 e7h4,2000,79,95,12490,mate mateIn2 middlegame short,https://lichess.org/Arp9ezUl/black#55,,"['g1g3', 'h3h2', 'e7h4']","[0.18257685005664825, 1.0, 0.7393669486045837]","['b5d7', 'h3h2', 'e7h4']","[0.006145176012068987, 0.9894694089889526, 0.004385451786220074]","['g1g3', 'h3h2', 'e7h4']","['g1h1', 'h3g2', 'e7g5']","[0.3830832540988922, 1.0, 0.87361079454422]","[0.31444740295410156, 0.9937114715576172, 0.7096049785614014]","['g1g3', 'h3h2', 'e7h4']","[0.3830832540988922, 1.0, 0.87361079454422]",7r/4Qppp/8/1B2p1K1/4P3/2rn3k/1q3P2/6R1 w - - 2 29
zpfJ2,Q7/pppk4/2np2q1/6B1/3PP1b1/2P5/PP1N4/R5K1 w - - 0 26,g5e3 g4f3 e3g5 g6g5,1620,82,61,40,crushing discoveredAttack middlegame short,https://lichess.org/Toh0ClPV#50,,"['g4f3', 'e3g5', 'g6g5']","[0.08476687222719193, 0.032928094267845154, 0.8712222576141357]","['g4h3', 'g1f2', 'g6g5']","[0.004112902097404003, 0.9899982810020447, 0.005888763815164566]","['g4f3', 'e3g5', 'g6g5']","['g4h3', 'g1f2', 'g6g2']","[0.40762069821357727, 0.9819168448448181, 0.9329541921615601]","[0.3753121495246887, 0.9353035092353821, 0.9225279092788696]","['g4f3', 'e3g5', 'g6g5']","[0.40762069821357727, 0.9819168448448181, 0.9329541921615601]",Q7/pppk4/2np2q1/8/3PP1bP/2P1B3/PP1N4/R5K1 b - - 1 26
zqYWv,2r3k1/2q2p1p/br2pnp1/p1NpP3/6P1/2P4Q/P1B2P1P/1R2R1K1 b - - 0 22,f6d7 c5d7 b6b1 d7f6,2033,75,89,737,crushing middlegame sacrifice short,https://lichess.org/S4u75wPH/black#43,,"['c5d7', 'b6b1', 'd7f6']","[0.3128131628036499, 0.3343319296836853, 0.16637387871742249]","['c5a6', 'b6b1', 'e1b1']","[0.0060825105756521225, 0.9790207147598267, 0.014896724373102188]","['c5d7', 'b6b1', 'd7f6']","['b1b6', 'd7b6', 'c5a6']","[0.5034548044204712, 0.7703348398208618, 0.9110255241394043]","[0.4075740575790405, 0.8917500376701355, 0.9078353047370911]","['c5d7', 'b6b1', 'd7f6']","[0.5034548044204712, 0.7703348398208618, 0.9110255241394043]",2r3k1/2qnKp1p/br2p1p1/p1NpP3/6P1/2P4Q/P1B2P1P/1R2R3 w - - 1 23
